USE [master]
GO
/****** Object:  Database [toeic-web-db]    Script Date: 4/7/2024 10:36:11 AM ******/
CREATE DATABASE [toeic-web-db]
 CONTAINMENT = NONE
 ON  PRIMARY 
( NAME = N'toeic-web-db', FILENAME = N'/var/opt/mssql/data/toeic-web-db.mdf' , SIZE = 73728KB , MAXSIZE = UNLIMITED, FILEGROWTH = 65536KB )
 LOG ON 
( NAME = N'toiec-web-db_log', FILENAME = N'/var/opt/mssql/data/toiec-web-db_log.ldf' , SIZE = 73728KB , MAXSIZE = 2048GB , FILEGROWTH = 65536KB )
 WITH CATALOG_COLLATION = DATABASE_DEFAULT, LEDGER = OFF
GO
ALTER DATABASE [toeic-web-db] SET COMPATIBILITY_LEVEL = 160
GO
IF (1 = FULLTEXTSERVICEPROPERTY('IsFullTextInstalled'))
begin
EXEC [toeic-web-db].[dbo].[sp_fulltext_database] @action = 'enable'
end
GO
ALTER DATABASE [toeic-web-db] SET ANSI_NULL_DEFAULT OFF 
GO
ALTER DATABASE [toeic-web-db] SET ANSI_NULLS OFF 
GO
ALTER DATABASE [toeic-web-db] SET ANSI_PADDING OFF 
GO
ALTER DATABASE [toeic-web-db] SET ANSI_WARNINGS OFF 
GO
ALTER DATABASE [toeic-web-db] SET ARITHABORT OFF 
GO
ALTER DATABASE [toeic-web-db] SET AUTO_CLOSE OFF 
GO
ALTER DATABASE [toeic-web-db] SET AUTO_SHRINK OFF 
GO
ALTER DATABASE [toeic-web-db] SET AUTO_UPDATE_STATISTICS ON 
GO
ALTER DATABASE [toeic-web-db] SET CURSOR_CLOSE_ON_COMMIT OFF 
GO
ALTER DATABASE [toeic-web-db] SET CURSOR_DEFAULT  GLOBAL 
GO
ALTER DATABASE [toeic-web-db] SET CONCAT_NULL_YIELDS_NULL OFF 
GO
ALTER DATABASE [toeic-web-db] SET NUMERIC_ROUNDABORT OFF 
GO
ALTER DATABASE [toeic-web-db] SET QUOTED_IDENTIFIER OFF 
GO
ALTER DATABASE [toeic-web-db] SET RECURSIVE_TRIGGERS OFF 
GO
ALTER DATABASE [toeic-web-db] SET  ENABLE_BROKER 
GO
ALTER DATABASE [toeic-web-db] SET AUTO_UPDATE_STATISTICS_ASYNC OFF 
GO
ALTER DATABASE [toeic-web-db] SET DATE_CORRELATION_OPTIMIZATION OFF 
GO
ALTER DATABASE [toeic-web-db] SET TRUSTWORTHY OFF 
GO
ALTER DATABASE [toeic-web-db] SET ALLOW_SNAPSHOT_ISOLATION OFF 
GO
ALTER DATABASE [toeic-web-db] SET PARAMETERIZATION SIMPLE 
GO
ALTER DATABASE [toeic-web-db] SET READ_COMMITTED_SNAPSHOT ON 
GO
ALTER DATABASE [toeic-web-db] SET HONOR_BROKER_PRIORITY OFF 
GO
ALTER DATABASE [toeic-web-db] SET RECOVERY FULL 
GO
ALTER DATABASE [toeic-web-db] SET  MULTI_USER 
GO
ALTER DATABASE [toeic-web-db] SET PAGE_VERIFY CHECKSUM  
GO
ALTER DATABASE [toeic-web-db] SET DB_CHAINING OFF 
GO
ALTER DATABASE [toeic-web-db] SET FILESTREAM( NON_TRANSACTED_ACCESS = OFF ) 
GO
ALTER DATABASE [toeic-web-db] SET TARGET_RECOVERY_TIME = 60 SECONDS 
GO
ALTER DATABASE [toeic-web-db] SET DELAYED_DURABILITY = DISABLED 
GO
ALTER DATABASE [toeic-web-db] SET ACCELERATED_DATABASE_RECOVERY = OFF  
GO
EXEC sys.sp_db_vardecimal_storage_format N'toeic-web-db', N'ON'
GO
ALTER DATABASE [toeic-web-db] SET QUERY_STORE = ON
GO
ALTER DATABASE [toeic-web-db] SET QUERY_STORE (OPERATION_MODE = READ_WRITE, CLEANUP_POLICY = (STALE_QUERY_THRESHOLD_DAYS = 30), DATA_FLUSH_INTERVAL_SECONDS = 900, INTERVAL_LENGTH_MINUTES = 60, MAX_STORAGE_SIZE_MB = 1000, QUERY_CAPTURE_MODE = AUTO, SIZE_BASED_CLEANUP_MODE = AUTO, MAX_PLANS_PER_QUERY = 200, WAIT_STATS_CAPTURE_MODE = ON)
GO
USE [toeic-web-db]
GO
/****** Object:  Table [dbo].[__EFMigrationsHistory]    Script Date: 4/7/2024 10:36:12 AM ******/
SET ANSI_NULLS ON
GO
SET QUOTED_IDENTIFIER ON
GO
CREATE TABLE [dbo].[__EFMigrationsHistory](
	[MigrationId] [nvarchar](150) NOT NULL,
	[ProductVersion] [nvarchar](32) NOT NULL,
 CONSTRAINT [PK___EFMigrationsHistory] PRIMARY KEY CLUSTERED 
(
	[MigrationId] ASC
)WITH (PAD_INDEX = OFF, STATISTICS_NORECOMPUTE = OFF, IGNORE_DUP_KEY = OFF, ALLOW_ROW_LOCKS = ON, ALLOW_PAGE_LOCKS = ON, OPTIMIZE_FOR_SEQUENTIAL_KEY = OFF) ON [PRIMARY]
) ON [PRIMARY]
GO
/****** Object:  Table [dbo].[Admins]    Script Date: 4/7/2024 10:36:12 AM ******/
SET ANSI_NULLS ON
GO
SET QUOTED_IDENTIFIER ON
GO
CREATE TABLE [dbo].[Admins](
	[idAdmin] [uniqueidentifier] NOT NULL,
	[idUser] [nvarchar](450) NOT NULL,
 CONSTRAINT [PK_Admins] PRIMARY KEY CLUSTERED 
(
	[idAdmin] ASC
)WITH (PAD_INDEX = OFF, STATISTICS_NORECOMPUTE = OFF, IGNORE_DUP_KEY = OFF, ALLOW_ROW_LOCKS = ON, ALLOW_PAGE_LOCKS = ON, OPTIMIZE_FOR_SEQUENTIAL_KEY = OFF) ON [PRIMARY]
) ON [PRIMARY]
GO
/****** Object:  Table [dbo].[AnswerQuestions]    Script Date: 4/7/2024 10:36:12 AM ******/
SET ANSI_NULLS ON
GO
SET QUOTED_IDENTIFIER ON
GO
CREATE TABLE [dbo].[AnswerQuestions](
	[idAnswer] [uniqueidentifier] NOT NULL,
	[idQuestion] [uniqueidentifier] NOT NULL,
	[content] [nvarchar](max) NOT NULL,
	[QuestionidQuestion] [uniqueidentifier] NOT NULL,
 CONSTRAINT [PK_AnswerQuestions] PRIMARY KEY CLUSTERED 
(
	[idAnswer] ASC
)WITH (PAD_INDEX = OFF, STATISTICS_NORECOMPUTE = OFF, IGNORE_DUP_KEY = OFF, ALLOW_ROW_LOCKS = ON, ALLOW_PAGE_LOCKS = ON, OPTIMIZE_FOR_SEQUENTIAL_KEY = OFF) ON [PRIMARY]
) ON [PRIMARY] TEXTIMAGE_ON [PRIMARY]
GO
/****** Object:  Table [dbo].[AspNetRoleClaims]    Script Date: 4/7/2024 10:36:12 AM ******/
SET ANSI_NULLS ON
GO
SET QUOTED_IDENTIFIER ON
GO
CREATE TABLE [dbo].[AspNetRoleClaims](
	[Id] [int] IDENTITY(1,1) NOT NULL,
	[RoleId] [nvarchar](450) NOT NULL,
	[ClaimType] [nvarchar](max) NULL,
	[ClaimValue] [nvarchar](max) NULL,
 CONSTRAINT [PK_AspNetRoleClaims] PRIMARY KEY CLUSTERED 
(
	[Id] ASC
)WITH (PAD_INDEX = OFF, STATISTICS_NORECOMPUTE = OFF, IGNORE_DUP_KEY = OFF, ALLOW_ROW_LOCKS = ON, ALLOW_PAGE_LOCKS = ON, OPTIMIZE_FOR_SEQUENTIAL_KEY = OFF) ON [PRIMARY]
) ON [PRIMARY] TEXTIMAGE_ON [PRIMARY]
GO
/****** Object:  Table [dbo].[AspNetRoles]    Script Date: 4/7/2024 10:36:12 AM ******/
SET ANSI_NULLS ON
GO
SET QUOTED_IDENTIFIER ON
GO
CREATE TABLE [dbo].[AspNetRoles](
	[Id] [nvarchar](450) NOT NULL,
	[Name] [nvarchar](256) NULL,
	[NormalizedName] [nvarchar](256) NULL,
	[ConcurrencyStamp] [nvarchar](max) NULL,
 CONSTRAINT [PK_AspNetRoles] PRIMARY KEY CLUSTERED 
(
	[Id] ASC
)WITH (PAD_INDEX = OFF, STATISTICS_NORECOMPUTE = OFF, IGNORE_DUP_KEY = OFF, ALLOW_ROW_LOCKS = ON, ALLOW_PAGE_LOCKS = ON, OPTIMIZE_FOR_SEQUENTIAL_KEY = OFF) ON [PRIMARY]
) ON [PRIMARY] TEXTIMAGE_ON [PRIMARY]
GO
/****** Object:  Table [dbo].[AspNetUserClaims]    Script Date: 4/7/2024 10:36:12 AM ******/
SET ANSI_NULLS ON
GO
SET QUOTED_IDENTIFIER ON
GO
CREATE TABLE [dbo].[AspNetUserClaims](
	[Id] [int] IDENTITY(1,1) NOT NULL,
	[UserId] [nvarchar](450) NOT NULL,
	[ClaimType] [nvarchar](max) NULL,
	[ClaimValue] [nvarchar](max) NULL,
 CONSTRAINT [PK_AspNetUserClaims] PRIMARY KEY CLUSTERED 
(
	[Id] ASC
)WITH (PAD_INDEX = OFF, STATISTICS_NORECOMPUTE = OFF, IGNORE_DUP_KEY = OFF, ALLOW_ROW_LOCKS = ON, ALLOW_PAGE_LOCKS = ON, OPTIMIZE_FOR_SEQUENTIAL_KEY = OFF) ON [PRIMARY]
) ON [PRIMARY] TEXTIMAGE_ON [PRIMARY]
GO
/****** Object:  Table [dbo].[AspNetUserLogins]    Script Date: 4/7/2024 10:36:12 AM ******/
SET ANSI_NULLS ON
GO
SET QUOTED_IDENTIFIER ON
GO
CREATE TABLE [dbo].[AspNetUserLogins](
	[LoginProvider] [nvarchar](450) NOT NULL,
	[ProviderKey] [nvarchar](450) NOT NULL,
	[ProviderDisplayName] [nvarchar](max) NULL,
	[UserId] [nvarchar](450) NOT NULL,
 CONSTRAINT [PK_AspNetUserLogins] PRIMARY KEY CLUSTERED 
(
	[LoginProvider] ASC,
	[ProviderKey] ASC
)WITH (PAD_INDEX = OFF, STATISTICS_NORECOMPUTE = OFF, IGNORE_DUP_KEY = OFF, ALLOW_ROW_LOCKS = ON, ALLOW_PAGE_LOCKS = ON, OPTIMIZE_FOR_SEQUENTIAL_KEY = OFF) ON [PRIMARY]
) ON [PRIMARY] TEXTIMAGE_ON [PRIMARY]
GO
/****** Object:  Table [dbo].[AspNetUserRoles]    Script Date: 4/7/2024 10:36:12 AM ******/
SET ANSI_NULLS ON
GO
SET QUOTED_IDENTIFIER ON
GO
CREATE TABLE [dbo].[AspNetUserRoles](
	[UserId] [nvarchar](450) NOT NULL,
	[RoleId] [nvarchar](450) NOT NULL,
 CONSTRAINT [PK_AspNetUserRoles] PRIMARY KEY CLUSTERED 
(
	[UserId] ASC,
	[RoleId] ASC
)WITH (PAD_INDEX = OFF, STATISTICS_NORECOMPUTE = OFF, IGNORE_DUP_KEY = OFF, ALLOW_ROW_LOCKS = ON, ALLOW_PAGE_LOCKS = ON, OPTIMIZE_FOR_SEQUENTIAL_KEY = OFF) ON [PRIMARY]
) ON [PRIMARY]
GO
/****** Object:  Table [dbo].[AspNetUsers]    Script Date: 4/7/2024 10:36:12 AM ******/
SET ANSI_NULLS ON
GO
SET QUOTED_IDENTIFIER ON
GO
CREATE TABLE [dbo].[AspNetUsers](
	[Id] [nvarchar](450) NOT NULL,
	[Discriminator] [nvarchar](max) NOT NULL,
	[Fullname] [nvarchar](max) NULL,
	[DateOfBirth] [nvarchar](max) NULL,
	[Gender] [bit] NULL,
	[ImageURL] [nvarchar](max) NULL,
	[UserName] [nvarchar](256) NULL,
	[NormalizedUserName] [nvarchar](256) NULL,
	[Email] [nvarchar](256) NULL,
	[NormalizedEmail] [nvarchar](256) NULL,
	[EmailConfirmed] [bit] NOT NULL,
	[PasswordHash] [nvarchar](max) NULL,
	[SecurityStamp] [nvarchar](max) NULL,
	[ConcurrencyStamp] [nvarchar](max) NULL,
	[PhoneNumber] [nvarchar](max) NULL,
	[PhoneNumberConfirmed] [bit] NOT NULL,
	[TwoFactorEnabled] [bit] NOT NULL,
	[LockoutEnd] [datetimeoffset](7) NULL,
	[LockoutEnabled] [bit] NOT NULL,
	[AccessFailedCount] [int] NOT NULL,
 CONSTRAINT [PK_AspNetUsers] PRIMARY KEY CLUSTERED 
(
	[Id] ASC
)WITH (PAD_INDEX = OFF, STATISTICS_NORECOMPUTE = OFF, IGNORE_DUP_KEY = OFF, ALLOW_ROW_LOCKS = ON, ALLOW_PAGE_LOCKS = ON, OPTIMIZE_FOR_SEQUENTIAL_KEY = OFF) ON [PRIMARY]
) ON [PRIMARY] TEXTIMAGE_ON [PRIMARY]
GO
/****** Object:  Table [dbo].[AspNetUserTokens]    Script Date: 4/7/2024 10:36:12 AM ******/
SET ANSI_NULLS ON
GO
SET QUOTED_IDENTIFIER ON
GO
CREATE TABLE [dbo].[AspNetUserTokens](
	[UserId] [nvarchar](450) NOT NULL,
	[LoginProvider] [nvarchar](450) NOT NULL,
	[Name] [nvarchar](450) NOT NULL,
	[Value] [nvarchar](max) NULL,
 CONSTRAINT [PK_AspNetUserTokens] PRIMARY KEY CLUSTERED 
(
	[UserId] ASC,
	[LoginProvider] ASC,
	[Name] ASC
)WITH (PAD_INDEX = OFF, STATISTICS_NORECOMPUTE = OFF, IGNORE_DUP_KEY = OFF, ALLOW_ROW_LOCKS = ON, ALLOW_PAGE_LOCKS = ON, OPTIMIZE_FOR_SEQUENTIAL_KEY = OFF) ON [PRIMARY]
) ON [PRIMARY] TEXTIMAGE_ON [PRIMARY]
GO
/****** Object:  Table [dbo].[Comments]    Script Date: 4/7/2024 10:36:12 AM ******/
SET ANSI_NULLS ON
GO
SET QUOTED_IDENTIFIER ON
GO
CREATE TABLE [dbo].[Comments](
	[idComment] [uniqueidentifier] NOT NULL,
	[idUser] [nvarchar](450) NOT NULL,
	[idPost] [uniqueidentifier] NOT NULL,
	[content] [nvarchar](max) NOT NULL,
	[createdDate] [datetime2](7) NOT NULL,
 CONSTRAINT [PK_Comments] PRIMARY KEY CLUSTERED 
(
	[idComment] ASC
)WITH (PAD_INDEX = OFF, STATISTICS_NORECOMPUTE = OFF, IGNORE_DUP_KEY = OFF, ALLOW_ROW_LOCKS = ON, ALLOW_PAGE_LOCKS = ON, OPTIMIZE_FOR_SEQUENTIAL_KEY = OFF) ON [PRIMARY]
) ON [PRIMARY] TEXTIMAGE_ON [PRIMARY]
GO
/****** Object:  Table [dbo].[Courses]    Script Date: 4/7/2024 10:36:12 AM ******/
SET ANSI_NULLS ON
GO
SET QUOTED_IDENTIFIER ON
GO
CREATE TABLE [dbo].[Courses](
	[idCourse] [uniqueidentifier] NOT NULL,
	[idProfessor] [uniqueidentifier] NOT NULL,
	[name] [nvarchar](max) NOT NULL,
	[description] [nvarchar](max) NOT NULL,
 CONSTRAINT [PK_Courses] PRIMARY KEY CLUSTERED 
(
	[idCourse] ASC
)WITH (PAD_INDEX = OFF, STATISTICS_NORECOMPUTE = OFF, IGNORE_DUP_KEY = OFF, ALLOW_ROW_LOCKS = ON, ALLOW_PAGE_LOCKS = ON, OPTIMIZE_FOR_SEQUENTIAL_KEY = OFF) ON [PRIMARY]
) ON [PRIMARY] TEXTIMAGE_ON [PRIMARY]
GO
/****** Object:  Table [dbo].[Lessons]    Script Date: 4/7/2024 10:36:12 AM ******/
SET ANSI_NULLS ON
GO
SET QUOTED_IDENTIFIER ON
GO
CREATE TABLE [dbo].[Lessons](
	[idLesson] [uniqueidentifier] NOT NULL,
	[idCourse] [uniqueidentifier] NOT NULL,
	[title] [nvarchar](max) NOT NULL,
	[content] [nvarchar](max) NOT NULL,
 CONSTRAINT [PK_Lessons] PRIMARY KEY CLUSTERED 
(
	[idLesson] ASC
)WITH (PAD_INDEX = OFF, STATISTICS_NORECOMPUTE = OFF, IGNORE_DUP_KEY = OFF, ALLOW_ROW_LOCKS = ON, ALLOW_PAGE_LOCKS = ON, OPTIMIZE_FOR_SEQUENTIAL_KEY = OFF) ON [PRIMARY]
) ON [PRIMARY] TEXTIMAGE_ON [PRIMARY]
GO
/****** Object:  Table [dbo].[PaymentMethods]    Script Date: 4/7/2024 10:36:12 AM ******/
SET ANSI_NULLS ON
GO
SET QUOTED_IDENTIFIER ON
GO
CREATE TABLE [dbo].[PaymentMethods](
	[idMethod] [uniqueidentifier] NOT NULL,
	[name] [nvarchar](max) NOT NULL,
 CONSTRAINT [PK_PaymentMethods] PRIMARY KEY CLUSTERED 
(
	[idMethod] ASC
)WITH (PAD_INDEX = OFF, STATISTICS_NORECOMPUTE = OFF, IGNORE_DUP_KEY = OFF, ALLOW_ROW_LOCKS = ON, ALLOW_PAGE_LOCKS = ON, OPTIMIZE_FOR_SEQUENTIAL_KEY = OFF) ON [PRIMARY]
) ON [PRIMARY] TEXTIMAGE_ON [PRIMARY]
GO
/****** Object:  Table [dbo].[Payments]    Script Date: 4/7/2024 10:36:12 AM ******/
SET ANSI_NULLS ON
GO
SET QUOTED_IDENTIFIER ON
GO
CREATE TABLE [dbo].[Payments](
	[idPayment] [uniqueidentifier] NOT NULL,
	[idMethod] [uniqueidentifier] NOT NULL,
	[idStudent] [uniqueidentifier] NOT NULL,
	[idPackage] [uniqueidentifier] NOT NULL,
	[message] [nvarchar](max) NOT NULL,
	[paymentDate] [datetime2](7) NOT NULL,
	[paymentAmount] [float] NOT NULL,
 CONSTRAINT [PK_Payments] PRIMARY KEY CLUSTERED 
(
	[idPayment] ASC
)WITH (PAD_INDEX = OFF, STATISTICS_NORECOMPUTE = OFF, IGNORE_DUP_KEY = OFF, ALLOW_ROW_LOCKS = ON, ALLOW_PAGE_LOCKS = ON, OPTIMIZE_FOR_SEQUENTIAL_KEY = OFF) ON [PRIMARY]
) ON [PRIMARY] TEXTIMAGE_ON [PRIMARY]
GO
/****** Object:  Table [dbo].[Posts]    Script Date: 4/7/2024 10:36:12 AM ******/
SET ANSI_NULLS ON
GO
SET QUOTED_IDENTIFIER ON
GO
CREATE TABLE [dbo].[Posts](
	[idPost] [uniqueidentifier] NOT NULL,
	[idUser] [nvarchar](450) NOT NULL,
	[title] [nvarchar](max) NOT NULL,
	[createdTime] [datetime2](7) NOT NULL,
 CONSTRAINT [PK_Posts] PRIMARY KEY CLUSTERED 
(
	[idPost] ASC
)WITH (PAD_INDEX = OFF, STATISTICS_NORECOMPUTE = OFF, IGNORE_DUP_KEY = OFF, ALLOW_ROW_LOCKS = ON, ALLOW_PAGE_LOCKS = ON, OPTIMIZE_FOR_SEQUENTIAL_KEY = OFF) ON [PRIMARY]
) ON [PRIMARY] TEXTIMAGE_ON [PRIMARY]
GO
/****** Object:  Table [dbo].[Professors]    Script Date: 4/7/2024 10:36:12 AM ******/
SET ANSI_NULLS ON
GO
SET QUOTED_IDENTIFIER ON
GO
CREATE TABLE [dbo].[Professors](
	[idProfessor] [uniqueidentifier] NOT NULL,
	[idUser] [nvarchar](450) NOT NULL,
 CONSTRAINT [PK_Professors] PRIMARY KEY CLUSTERED 
(
	[idProfessor] ASC
)WITH (PAD_INDEX = OFF, STATISTICS_NORECOMPUTE = OFF, IGNORE_DUP_KEY = OFF, ALLOW_ROW_LOCKS = ON, ALLOW_PAGE_LOCKS = ON, OPTIMIZE_FOR_SEQUENTIAL_KEY = OFF) ON [PRIMARY]
) ON [PRIMARY]
GO
/****** Object:  Table [dbo].[Questions]    Script Date: 4/7/2024 10:36:12 AM ******/
SET ANSI_NULLS ON
GO
SET QUOTED_IDENTIFIER ON
GO
CREATE TABLE [dbo].[Questions](
	[idQuestion] [uniqueidentifier] NOT NULL,
	[idQuiz] [uniqueidentifier] NULL,
	[idUnit] [uniqueidentifier] NULL,
	[idProfessor] [uniqueidentifier] NOT NULL,
	[content] [nvarchar](max) NOT NULL,
	[answer] [nvarchar](max) NOT NULL,
	[explaination] [nvarchar](max) NOT NULL,
	[choice_1] [nvarchar](max) NOT NULL,
	[choice_2] [nvarchar](max) NOT NULL,
	[choice_3] [nvarchar](max) NOT NULL,
	[choice_4] [nvarchar](max) NOT NULL,
 CONSTRAINT [PK_Questions] PRIMARY KEY CLUSTERED 
(
	[idQuestion] ASC
)WITH (PAD_INDEX = OFF, STATISTICS_NORECOMPUTE = OFF, IGNORE_DUP_KEY = OFF, ALLOW_ROW_LOCKS = ON, ALLOW_PAGE_LOCKS = ON, OPTIMIZE_FOR_SEQUENTIAL_KEY = OFF) ON [PRIMARY]
) ON [PRIMARY] TEXTIMAGE_ON [PRIMARY]
GO
/****** Object:  Table [dbo].[Quizs]    Script Date: 4/7/2024 10:36:12 AM ******/
SET ANSI_NULLS ON
GO
SET QUOTED_IDENTIFIER ON
GO
CREATE TABLE [dbo].[Quizs](
	[idQuiz] [uniqueidentifier] NOT NULL,
	[idLesson] [uniqueidentifier] NOT NULL,
	[title] [nvarchar](max) NOT NULL,
 CONSTRAINT [PK_Quizs] PRIMARY KEY CLUSTERED 
(
	[idQuiz] ASC
)WITH (PAD_INDEX = OFF, STATISTICS_NORECOMPUTE = OFF, IGNORE_DUP_KEY = OFF, ALLOW_ROW_LOCKS = ON, ALLOW_PAGE_LOCKS = ON, OPTIMIZE_FOR_SEQUENTIAL_KEY = OFF) ON [PRIMARY]
) ON [PRIMARY] TEXTIMAGE_ON [PRIMARY]
GO
/****** Object:  Table [dbo].[Reports]    Script Date: 4/7/2024 10:36:12 AM ******/
SET ANSI_NULLS ON
GO
SET QUOTED_IDENTIFIER ON
GO
CREATE TABLE [dbo].[Reports](
	[idReport] [uniqueidentifier] NOT NULL,
	[idUser] [nvarchar](450) NOT NULL,
	[idAdmin] [uniqueidentifier] NOT NULL,
	[idPost] [uniqueidentifier] NOT NULL,
	[reason] [nvarchar](max) NOT NULL,
	[isCheck] [bit] NOT NULL,
	[reportDate] [datetime2](7) NOT NULL,
 CONSTRAINT [PK_Reports] PRIMARY KEY CLUSTERED 
(
	[idReport] ASC
)WITH (PAD_INDEX = OFF, STATISTICS_NORECOMPUTE = OFF, IGNORE_DUP_KEY = OFF, ALLOW_ROW_LOCKS = ON, ALLOW_PAGE_LOCKS = ON, OPTIMIZE_FOR_SEQUENTIAL_KEY = OFF) ON [PRIMARY]
) ON [PRIMARY] TEXTIMAGE_ON [PRIMARY]
GO
/****** Object:  Table [dbo].[ResetPasswords]    Script Date: 4/7/2024 10:36:12 AM ******/
SET ANSI_NULLS ON
GO
SET QUOTED_IDENTIFIER ON
GO
CREATE TABLE [dbo].[ResetPasswords](
	[Id] [int] IDENTITY(1,1) NOT NULL,
	[UserId] [nvarchar](max) NOT NULL,
	[OTP] [nvarchar](max) NOT NULL,
	[InsertDateTimeUTC] [datetime2](7) NOT NULL,
 CONSTRAINT [PK_ResetPasswords] PRIMARY KEY CLUSTERED 
(
	[Id] ASC
)WITH (PAD_INDEX = OFF, STATISTICS_NORECOMPUTE = OFF, IGNORE_DUP_KEY = OFF, ALLOW_ROW_LOCKS = ON, ALLOW_PAGE_LOCKS = ON, OPTIMIZE_FOR_SEQUENTIAL_KEY = OFF) ON [PRIMARY]
) ON [PRIMARY] TEXTIMAGE_ON [PRIMARY]
GO
/****** Object:  Table [dbo].[ScoreParams]    Script Date: 4/7/2024 10:36:12 AM ******/
SET ANSI_NULLS ON
GO
SET QUOTED_IDENTIFIER ON
GO
CREATE TABLE [dbo].[ScoreParams](
	[correctAnswers] [int] IDENTITY(1,1) NOT NULL,
	[listenningScore] [int] NOT NULL,
	[readingScore] [int] NOT NULL,
 CONSTRAINT [PK_ScoreParams] PRIMARY KEY CLUSTERED 
(
	[correctAnswers] ASC
)WITH (PAD_INDEX = OFF, STATISTICS_NORECOMPUTE = OFF, IGNORE_DUP_KEY = OFF, ALLOW_ROW_LOCKS = ON, ALLOW_PAGE_LOCKS = ON, OPTIMIZE_FOR_SEQUENTIAL_KEY = OFF) ON [PRIMARY]
) ON [PRIMARY]
GO
/****** Object:  Table [dbo].[Students]    Script Date: 4/7/2024 10:36:12 AM ******/
SET ANSI_NULLS ON
GO
SET QUOTED_IDENTIFIER ON
GO
CREATE TABLE [dbo].[Students](
	[idStudent] [uniqueidentifier] NOT NULL,
	[idUser] [nvarchar](450) NOT NULL,
	[freeTest] [bit] NOT NULL,
 CONSTRAINT [PK_Students] PRIMARY KEY CLUSTERED 
(
	[idStudent] ASC
)WITH (PAD_INDEX = OFF, STATISTICS_NORECOMPUTE = OFF, IGNORE_DUP_KEY = OFF, ALLOW_ROW_LOCKS = ON, ALLOW_PAGE_LOCKS = ON, OPTIMIZE_FOR_SEQUENTIAL_KEY = OFF) ON [PRIMARY]
) ON [PRIMARY]
GO
/****** Object:  Table [dbo].[TestParts]    Script Date: 4/7/2024 10:36:12 AM ******/
SET ANSI_NULLS ON
GO
SET QUOTED_IDENTIFIER ON
GO
CREATE TABLE [dbo].[TestParts](
	[partId] [uniqueidentifier] NOT NULL,
	[partName] [nvarchar](max) NOT NULL,
 CONSTRAINT [PK_TestParts] PRIMARY KEY CLUSTERED 
(
	[partId] ASC
)WITH (PAD_INDEX = OFF, STATISTICS_NORECOMPUTE = OFF, IGNORE_DUP_KEY = OFF, ALLOW_ROW_LOCKS = ON, ALLOW_PAGE_LOCKS = ON, OPTIMIZE_FOR_SEQUENTIAL_KEY = OFF) ON [PRIMARY]
) ON [PRIMARY] TEXTIMAGE_ON [PRIMARY]
GO
/****** Object:  Table [dbo].[TestQuestionUnits]    Script Date: 4/7/2024 10:36:12 AM ******/
SET ANSI_NULLS ON
GO
SET QUOTED_IDENTIFIER ON
GO
CREATE TABLE [dbo].[TestQuestionUnits](
	[idQuestionUnit] [uniqueidentifier] NOT NULL,
	[idTest] [uniqueidentifier] NOT NULL,
	[idTestPart] [uniqueidentifier] NOT NULL,
	[paragraph] [nvarchar](max) NULL,
	[audio] [nvarchar](max) NULL,
	[image] [nvarchar](max) NULL,
	[script] [nvarchar](max) NULL,
	[translation] [nvarchar](max) NULL,
 CONSTRAINT [PK_TestQuestionUnits] PRIMARY KEY CLUSTERED 
(
	[idQuestionUnit] ASC
)WITH (PAD_INDEX = OFF, STATISTICS_NORECOMPUTE = OFF, IGNORE_DUP_KEY = OFF, ALLOW_ROW_LOCKS = ON, ALLOW_PAGE_LOCKS = ON, OPTIMIZE_FOR_SEQUENTIAL_KEY = OFF) ON [PRIMARY]
) ON [PRIMARY] TEXTIMAGE_ON [PRIMARY]
GO
/****** Object:  Table [dbo].[TestRecords]    Script Date: 4/7/2024 10:36:12 AM ******/
SET ANSI_NULLS ON
GO
SET QUOTED_IDENTIFIER ON
GO
CREATE TABLE [dbo].[TestRecords](
	[idRecord] [uniqueidentifier] NOT NULL,
	[idTest] [uniqueidentifier] NOT NULL,
	[idStudent] [uniqueidentifier] NOT NULL,
	[createDate] [datetime2](7) NOT NULL,
	[correctAns] [int] NOT NULL,
	[listenCorrect] [int] NOT NULL,
	[listenScore] [int] NOT NULL,
	[readScore] [int] NOT NULL,
	[readingCorrect] [int] NOT NULL,
	[totalScore] [int] NOT NULL,
	[wrongAns] [int] NOT NULL,
 CONSTRAINT [PK_TestRecords] PRIMARY KEY CLUSTERED 
(
	[idRecord] ASC
)WITH (PAD_INDEX = OFF, STATISTICS_NORECOMPUTE = OFF, IGNORE_DUP_KEY = OFF, ALLOW_ROW_LOCKS = ON, ALLOW_PAGE_LOCKS = ON, OPTIMIZE_FOR_SEQUENTIAL_KEY = OFF) ON [PRIMARY]
) ON [PRIMARY]
GO
/****** Object:  Table [dbo].[Tests]    Script Date: 4/7/2024 10:36:12 AM ******/
SET ANSI_NULLS ON
GO
SET QUOTED_IDENTIFIER ON
GO
CREATE TABLE [dbo].[Tests](
	[idTest] [uniqueidentifier] NOT NULL,
	[idType] [uniqueidentifier] NOT NULL,
	[idProfessor] [uniqueidentifier] NOT NULL,
	[name] [nvarchar](max) NOT NULL,
	[createDate] [datetime2](7) NOT NULL,
	[useDate] [datetime2](7) NOT NULL,
 CONSTRAINT [PK_Tests] PRIMARY KEY CLUSTERED 
(
	[idTest] ASC
)WITH (PAD_INDEX = OFF, STATISTICS_NORECOMPUTE = OFF, IGNORE_DUP_KEY = OFF, ALLOW_ROW_LOCKS = ON, ALLOW_PAGE_LOCKS = ON, OPTIMIZE_FOR_SEQUENTIAL_KEY = OFF) ON [PRIMARY]
) ON [PRIMARY] TEXTIMAGE_ON [PRIMARY]
GO
/****** Object:  Table [dbo].[TestTypes]    Script Date: 4/7/2024 10:36:12 AM ******/
SET ANSI_NULLS ON
GO
SET QUOTED_IDENTIFIER ON
GO
CREATE TABLE [dbo].[TestTypes](
	[idTestType] [uniqueidentifier] NOT NULL,
	[typeName] [nvarchar](max) NOT NULL,
 CONSTRAINT [PK_TestTypes] PRIMARY KEY CLUSTERED 
(
	[idTestType] ASC
)WITH (PAD_INDEX = OFF, STATISTICS_NORECOMPUTE = OFF, IGNORE_DUP_KEY = OFF, ALLOW_ROW_LOCKS = ON, ALLOW_PAGE_LOCKS = ON, OPTIMIZE_FOR_SEQUENTIAL_KEY = OFF) ON [PRIMARY]
) ON [PRIMARY] TEXTIMAGE_ON [PRIMARY]
GO
/****** Object:  Table [dbo].[UserAnswers]    Script Date: 4/7/2024 10:36:12 AM ******/
SET ANSI_NULLS ON
GO
SET QUOTED_IDENTIFIER ON
GO
CREATE TABLE [dbo].[UserAnswers](
	[idUAnswer] [uniqueidentifier] NOT NULL,
	[idQuestion] [uniqueidentifier] NOT NULL,
	[idRecord] [uniqueidentifier] NOT NULL,
	[idStudent] [uniqueidentifier] NOT NULL,
	[userChoice] [nvarchar](max) NOT NULL,
	[state] [bit] NOT NULL,
 CONSTRAINT [PK_UserAnswers] PRIMARY KEY CLUSTERED 
(
	[idUAnswer] ASC
)WITH (PAD_INDEX = OFF, STATISTICS_NORECOMPUTE = OFF, IGNORE_DUP_KEY = OFF, ALLOW_ROW_LOCKS = ON, ALLOW_PAGE_LOCKS = ON, OPTIMIZE_FOR_SEQUENTIAL_KEY = OFF) ON [PRIMARY]
) ON [PRIMARY] TEXTIMAGE_ON [PRIMARY]
GO
/****** Object:  Table [dbo].[VipPackages]    Script Date: 4/7/2024 10:36:12 AM ******/
SET ANSI_NULLS ON
GO
SET QUOTED_IDENTIFIER ON
GO
CREATE TABLE [dbo].[VipPackages](
	[idPackage] [uniqueidentifier] NOT NULL,
	[idAdmin] [uniqueidentifier] NOT NULL,
	[name] [nvarchar](max) NOT NULL,
	[description] [nvarchar](max) NOT NULL,
	[price] [float] NOT NULL,
	[duration] [int] NOT NULL,
 CONSTRAINT [PK_VipPackages] PRIMARY KEY CLUSTERED 
(
	[idPackage] ASC
)WITH (PAD_INDEX = OFF, STATISTICS_NORECOMPUTE = OFF, IGNORE_DUP_KEY = OFF, ALLOW_ROW_LOCKS = ON, ALLOW_PAGE_LOCKS = ON, OPTIMIZE_FOR_SEQUENTIAL_KEY = OFF) ON [PRIMARY]
) ON [PRIMARY] TEXTIMAGE_ON [PRIMARY]
GO
/****** Object:  Table [dbo].[VipStudents]    Script Date: 4/7/2024 10:36:12 AM ******/
SET ANSI_NULLS ON
GO
SET QUOTED_IDENTIFIER ON
GO
CREATE TABLE [dbo].[VipStudents](
	[idVipStudent] [uniqueidentifier] NOT NULL,
	[idStudent] [uniqueidentifier] NOT NULL,
	[vipExpire] [datetime2](7) NOT NULL,
 CONSTRAINT [PK_VipStudents] PRIMARY KEY CLUSTERED 
(
	[idVipStudent] ASC
)WITH (PAD_INDEX = OFF, STATISTICS_NORECOMPUTE = OFF, IGNORE_DUP_KEY = OFF, ALLOW_ROW_LOCKS = ON, ALLOW_PAGE_LOCKS = ON, OPTIMIZE_FOR_SEQUENTIAL_KEY = OFF) ON [PRIMARY]
) ON [PRIMARY]
GO
/****** Object:  Table [dbo].[Vocabularies]    Script Date: 4/7/2024 10:36:12 AM ******/
SET ANSI_NULLS ON
GO
SET QUOTED_IDENTIFIER ON
GO
CREATE TABLE [dbo].[Vocabularies](
	[idVoc] [uniqueidentifier] NOT NULL,
	[idTopic] [uniqueidentifier] NOT NULL,
	[idProfessor] [uniqueidentifier] NOT NULL,
	[engWord] [nvarchar](max) NOT NULL,
	[wordType] [nvarchar](max) NULL,
	[meaning] [nvarchar](max) NOT NULL,
	[pronunciation] [nvarchar](max) NULL,
 CONSTRAINT [PK_Vocabularies] PRIMARY KEY CLUSTERED 
(
	[idVoc] ASC
)WITH (PAD_INDEX = OFF, STATISTICS_NORECOMPUTE = OFF, IGNORE_DUP_KEY = OFF, ALLOW_ROW_LOCKS = ON, ALLOW_PAGE_LOCKS = ON, OPTIMIZE_FOR_SEQUENTIAL_KEY = OFF) ON [PRIMARY]
) ON [PRIMARY] TEXTIMAGE_ON [PRIMARY]
GO
/****** Object:  Table [dbo].[VocabularyTopics]    Script Date: 4/7/2024 10:36:12 AM ******/
SET ANSI_NULLS ON
GO
SET QUOTED_IDENTIFIER ON
GO
CREATE TABLE [dbo].[VocabularyTopics](
	[idVocTopic] [uniqueidentifier] NOT NULL,
	[idProfessor] [uniqueidentifier] NOT NULL,
	[name] [nvarchar](max) NOT NULL,
 CONSTRAINT [PK_VocabularyTopics] PRIMARY KEY CLUSTERED 
(
	[idVocTopic] ASC
)WITH (PAD_INDEX = OFF, STATISTICS_NORECOMPUTE = OFF, IGNORE_DUP_KEY = OFF, ALLOW_ROW_LOCKS = ON, ALLOW_PAGE_LOCKS = ON, OPTIMIZE_FOR_SEQUENTIAL_KEY = OFF) ON [PRIMARY]
) ON [PRIMARY] TEXTIMAGE_ON [PRIMARY]
GO
INSERT [dbo].[__EFMigrationsHistory] ([MigrationId], [ProductVersion]) VALUES (N'20231205203633_add update', N'6.0.24')
INSERT [dbo].[__EFMigrationsHistory] ([MigrationId], [ProductVersion]) VALUES (N'20231205213707_set null for question', N'6.0.24')
INSERT [dbo].[__EFMigrationsHistory] ([MigrationId], [ProductVersion]) VALUES (N'20231205213958_set null for question 1', N'6.0.24')
INSERT [dbo].[__EFMigrationsHistory] ([MigrationId], [ProductVersion]) VALUES (N'20231206160525_update record table', N'6.0.24')
INSERT [dbo].[__EFMigrationsHistory] ([MigrationId], [ProductVersion]) VALUES (N'20240225110712_changehost', N'6.0.24')
INSERT [dbo].[__EFMigrationsHistory] ([MigrationId], [ProductVersion]) VALUES (N'20240317181210_update-relationship', N'6.0.24')
INSERT [dbo].[__EFMigrationsHistory] ([MigrationId], [ProductVersion]) VALUES (N'20240325183606_add pronunciation', N'6.0.24')
GO
INSERT [dbo].[Admins] ([idAdmin], [idUser]) VALUES (N'40a2f803-373d-414b-8094-f4cb70dbd72f', N'a411f3a0-b853-4c9c-a36a-727aa77a65b6')
INSERT [dbo].[Admins] ([idAdmin], [idUser]) VALUES (N'0639a5b1-1011-47de-bfff-e3f1512377c4', N'b0c9d868-5e6a-4c2c-8747-2dcc88f4d31a')
GO
INSERT [dbo].[AspNetRoles] ([Id], [Name], [NormalizedName], [ConcurrencyStamp]) VALUES (N'1257b8ad-564a-456f-81a1-d38f180ddd63', N'Student', N'Student', N'2')
INSERT [dbo].[AspNetRoles] ([Id], [Name], [NormalizedName], [ConcurrencyStamp]) VALUES (N'35564c0c-f6fc-4ce5-ad98-f3c362e90ed1', N'VipStudent', N'VipStudent', N'3')
INSERT [dbo].[AspNetRoles] ([Id], [Name], [NormalizedName], [ConcurrencyStamp]) VALUES (N'8111cfd6-214a-4694-a13c-c6ec3d7f56b2', N'Admin', N'Admin', N'1')
INSERT [dbo].[AspNetRoles] ([Id], [Name], [NormalizedName], [ConcurrencyStamp]) VALUES (N'9faf18a9-5a41-4b13-9db3-63246839aea9', N'Professor', N'Professor', N'4')
GO
INSERT [dbo].[AspNetUserRoles] ([UserId], [RoleId]) VALUES (N'02605646-f2c3-4ece-9b52-99a0914861de', N'1257b8ad-564a-456f-81a1-d38f180ddd63')
INSERT [dbo].[AspNetUserRoles] ([UserId], [RoleId]) VALUES (N'072692d4-1c61-445b-a7e8-01672a0232ff', N'1257b8ad-564a-456f-81a1-d38f180ddd63')
INSERT [dbo].[AspNetUserRoles] ([UserId], [RoleId]) VALUES (N'14fb1aac-2dbd-47bf-bdc6-a155b49d44ec', N'1257b8ad-564a-456f-81a1-d38f180ddd63')
INSERT [dbo].[AspNetUserRoles] ([UserId], [RoleId]) VALUES (N'18da0d58-07aa-40d1-8c5b-ae18449ce329', N'1257b8ad-564a-456f-81a1-d38f180ddd63')
INSERT [dbo].[AspNetUserRoles] ([UserId], [RoleId]) VALUES (N'20966528-2d60-46f9-b5e8-0a71fa2eaf64', N'1257b8ad-564a-456f-81a1-d38f180ddd63')
INSERT [dbo].[AspNetUserRoles] ([UserId], [RoleId]) VALUES (N'35c35401-ce6c-4568-a19a-f8b4fffbf05b', N'1257b8ad-564a-456f-81a1-d38f180ddd63')
INSERT [dbo].[AspNetUserRoles] ([UserId], [RoleId]) VALUES (N'51449878-5a22-4ed4-9d6d-cd477d2a2d92', N'1257b8ad-564a-456f-81a1-d38f180ddd63')
INSERT [dbo].[AspNetUserRoles] ([UserId], [RoleId]) VALUES (N'60c3c9b1-52e4-4a25-af37-e6ae8cc79e0d', N'1257b8ad-564a-456f-81a1-d38f180ddd63')
INSERT [dbo].[AspNetUserRoles] ([UserId], [RoleId]) VALUES (N'800d6ba4-b6cf-4ca2-958a-139269cb7ee6', N'1257b8ad-564a-456f-81a1-d38f180ddd63')
INSERT [dbo].[AspNetUserRoles] ([UserId], [RoleId]) VALUES (N'8b42ddeb-1f7a-4907-a67a-04033ed516d4', N'1257b8ad-564a-456f-81a1-d38f180ddd63')
INSERT [dbo].[AspNetUserRoles] ([UserId], [RoleId]) VALUES (N'8c363548-940b-4a4d-8d11-88eedcacd9f3', N'1257b8ad-564a-456f-81a1-d38f180ddd63')
INSERT [dbo].[AspNetUserRoles] ([UserId], [RoleId]) VALUES (N'93baafda-a67a-42c1-96f5-138f0af0cb5c', N'1257b8ad-564a-456f-81a1-d38f180ddd63')
INSERT [dbo].[AspNetUserRoles] ([UserId], [RoleId]) VALUES (N'a751f260-9e0c-4af0-9df2-ff763f7bd68f', N'1257b8ad-564a-456f-81a1-d38f180ddd63')
INSERT [dbo].[AspNetUserRoles] ([UserId], [RoleId]) VALUES (N'afe3d1ee-bbdb-48da-8559-49902648fc3b', N'1257b8ad-564a-456f-81a1-d38f180ddd63')
INSERT [dbo].[AspNetUserRoles] ([UserId], [RoleId]) VALUES (N'baf4e2a1-7cc6-4995-94a2-159df307faf1', N'1257b8ad-564a-456f-81a1-d38f180ddd63')
INSERT [dbo].[AspNetUserRoles] ([UserId], [RoleId]) VALUES (N'c2627f0b-dc5a-4479-afcf-82ed326fd035', N'1257b8ad-564a-456f-81a1-d38f180ddd63')
INSERT [dbo].[AspNetUserRoles] ([UserId], [RoleId]) VALUES (N'cecd5dc8-f0cc-420d-b5da-ca97587a3c0d', N'1257b8ad-564a-456f-81a1-d38f180ddd63')
INSERT [dbo].[AspNetUserRoles] ([UserId], [RoleId]) VALUES (N'd8e8141d-844e-4000-ba4a-b94caeae66ee', N'1257b8ad-564a-456f-81a1-d38f180ddd63')
INSERT [dbo].[AspNetUserRoles] ([UserId], [RoleId]) VALUES (N'ee7696f1-510e-4524-a6e9-729c645c8d7f', N'1257b8ad-564a-456f-81a1-d38f180ddd63')
INSERT [dbo].[AspNetUserRoles] ([UserId], [RoleId]) VALUES (N'02605646-f2c3-4ece-9b52-99a0914861de', N'35564c0c-f6fc-4ce5-ad98-f3c362e90ed1')
INSERT [dbo].[AspNetUserRoles] ([UserId], [RoleId]) VALUES (N'60c3c9b1-52e4-4a25-af37-e6ae8cc79e0d', N'35564c0c-f6fc-4ce5-ad98-f3c362e90ed1')
INSERT [dbo].[AspNetUserRoles] ([UserId], [RoleId]) VALUES (N'93baafda-a67a-42c1-96f5-138f0af0cb5c', N'35564c0c-f6fc-4ce5-ad98-f3c362e90ed1')
INSERT [dbo].[AspNetUserRoles] ([UserId], [RoleId]) VALUES (N'a751f260-9e0c-4af0-9df2-ff763f7bd68f', N'35564c0c-f6fc-4ce5-ad98-f3c362e90ed1')
INSERT [dbo].[AspNetUserRoles] ([UserId], [RoleId]) VALUES (N'afe3d1ee-bbdb-48da-8559-49902648fc3b', N'35564c0c-f6fc-4ce5-ad98-f3c362e90ed1')
INSERT [dbo].[AspNetUserRoles] ([UserId], [RoleId]) VALUES (N'd8e8141d-844e-4000-ba4a-b94caeae66ee', N'35564c0c-f6fc-4ce5-ad98-f3c362e90ed1')
INSERT [dbo].[AspNetUserRoles] ([UserId], [RoleId]) VALUES (N'a411f3a0-b853-4c9c-a36a-727aa77a65b6', N'8111cfd6-214a-4694-a13c-c6ec3d7f56b2')
INSERT [dbo].[AspNetUserRoles] ([UserId], [RoleId]) VALUES (N'b0c9d868-5e6a-4c2c-8747-2dcc88f4d31a', N'8111cfd6-214a-4694-a13c-c6ec3d7f56b2')
INSERT [dbo].[AspNetUserRoles] ([UserId], [RoleId]) VALUES (N'0eaf6926-d068-49a3-a42e-ce446d603178', N'9faf18a9-5a41-4b13-9db3-63246839aea9')
GO
INSERT [dbo].[AspNetUsers] ([Id], [Discriminator], [Fullname], [DateOfBirth], [Gender], [ImageURL], [UserName], [NormalizedUserName], [Email], [NormalizedEmail], [EmailConfirmed], [PasswordHash], [SecurityStamp], [ConcurrencyStamp], [PhoneNumber], [PhoneNumberConfirmed], [TwoFactorEnabled], [LockoutEnd], [LockoutEnabled], [AccessFailedCount]) VALUES (N'02605646-f2c3-4ece-9b52-99a0914861de', N'Users', NULL, NULL, 0, NULL, N'quocchi', N'QUOCCHI', N'quocchi1905@gmail.com', N'QUOCCHI1905@GMAIL.COM', 1, N'AQAAAAEAACcQAAAAEI7hYUjiWTOYi4UuhYXn6zovWb5WDliHoB8mfrbFAm1YWPY5YWozYEZo8eqAbYvffg==', N'WEAARWFY7MMQSIEDZT6XRC7MXKCBI3TV', N'4a32cb2c-087d-4fcf-82de-02030562fbaa', NULL, 0, 0, NULL, 1, 0)
INSERT [dbo].[AspNetUsers] ([Id], [Discriminator], [Fullname], [DateOfBirth], [Gender], [ImageURL], [UserName], [NormalizedUserName], [Email], [NormalizedEmail], [EmailConfirmed], [PasswordHash], [SecurityStamp], [ConcurrencyStamp], [PhoneNumber], [PhoneNumberConfirmed], [TwoFactorEnabled], [LockoutEnd], [LockoutEnabled], [AccessFailedCount]) VALUES (N'072692d4-1c61-445b-a7e8-01672a0232ff', N'Users', NULL, NULL, 0, NULL, N'phunghx', N'PHUNGHX', N'phunghx@hcmute.edu.vn', N'PHUNGHX@HCMUTE.EDU.VN', 1, N'AQAAAAEAACcQAAAAEBC2EwFtuJSeL/s88WEDeyMQMjOnpUFSdecSfvc0JAoSjrdzR6UgsuExY/uaR6y3IA==', N'V3YHJ4XX3ZPTUFREUUMI54TJQ7QMBIXJ', N'd6ef689a-9a7e-416a-959c-983b77e8480b', NULL, 0, 0, NULL, 1, 0)
INSERT [dbo].[AspNetUsers] ([Id], [Discriminator], [Fullname], [DateOfBirth], [Gender], [ImageURL], [UserName], [NormalizedUserName], [Email], [NormalizedEmail], [EmailConfirmed], [PasswordHash], [SecurityStamp], [ConcurrencyStamp], [PhoneNumber], [PhoneNumberConfirmed], [TwoFactorEnabled], [LockoutEnd], [LockoutEnabled], [AccessFailedCount]) VALUES (N'0eaf6926-d068-49a3-a42e-ce446d603178', N'Users', N'Trần Ngô Bích Du', N'2001-01-01', 1, N'http://res.cloudinary.com/dru8wcmtb/image/upload/v1703436193/yd8yrzroj8q89wvdjak1.jpg', N'pro1', N'PRO1', N'user@example.com', N'USER@EXAMPLE.COM', 1, N'AQAAAAEAACcQAAAAEAWbdORvdLKZjUTxQ7y2UVB6MTBrcUrouwAV811yVpSv304QsNcOLZW+DtTXIgK/0A==', N'XS243MD7EF2WHJBXTNNGKHEHWZ5WGCCP', N'2a995fb5-40ad-4179-9e0f-afac28f89b3c', N'0123456789', 0, 0, NULL, 1, 0)
INSERT [dbo].[AspNetUsers] ([Id], [Discriminator], [Fullname], [DateOfBirth], [Gender], [ImageURL], [UserName], [NormalizedUserName], [Email], [NormalizedEmail], [EmailConfirmed], [PasswordHash], [SecurityStamp], [ConcurrencyStamp], [PhoneNumber], [PhoneNumberConfirmed], [TwoFactorEnabled], [LockoutEnd], [LockoutEnabled], [AccessFailedCount]) VALUES (N'14fb1aac-2dbd-47bf-bdc6-a155b49d44ec', N'Users', NULL, NULL, 0, NULL, N'vidao1233', N'VIDAO1233', N'vidao1233@gmail.com', N'VIDAO1233@GMAIL.COM', 1, N'AQAAAAEAACcQAAAAEFQatmitlCFJlA3v0aSCw3QFJwMjq2FF6BWpbdkU8DL4rKb/lk4rfuxl4C4Szllx6Q==', N'X62SETKJVGCG5P6WNGPTIX336FDWH46Z', N'adf9de67-4be2-4b28-9613-8ce3b57078b7', NULL, 0, 0, NULL, 1, 0)
INSERT [dbo].[AspNetUsers] ([Id], [Discriminator], [Fullname], [DateOfBirth], [Gender], [ImageURL], [UserName], [NormalizedUserName], [Email], [NormalizedEmail], [EmailConfirmed], [PasswordHash], [SecurityStamp], [ConcurrencyStamp], [PhoneNumber], [PhoneNumberConfirmed], [TwoFactorEnabled], [LockoutEnd], [LockoutEnabled], [AccessFailedCount]) VALUES (N'18da0d58-07aa-40d1-8c5b-ae18449ce329', N'Users', NULL, NULL, 0, NULL, N'stu2', N'STU2', N'stu2@gmail.com', N'STU2@GMAIL.COM', 0, N'AQAAAAEAACcQAAAAEB2qz9uy2FmmlBJyj7AdlRijQ2MmiHALjjsR9jpFmA6lljeug03u74PReIs4b1dBtQ==', N'QZ3OOXNRR3LK7CA2IQ4VSYJJ7WIU5C37', N'cc7a7a91-907d-4fc3-9317-a06591d9de79', NULL, 0, 0, NULL, 1, 0)
INSERT [dbo].[AspNetUsers] ([Id], [Discriminator], [Fullname], [DateOfBirth], [Gender], [ImageURL], [UserName], [NormalizedUserName], [Email], [NormalizedEmail], [EmailConfirmed], [PasswordHash], [SecurityStamp], [ConcurrencyStamp], [PhoneNumber], [PhoneNumberConfirmed], [TwoFactorEnabled], [LockoutEnd], [LockoutEnabled], [AccessFailedCount]) VALUES (N'20966528-2d60-46f9-b5e8-0a71fa2eaf64', N'Users', N'doduongthaituan', N'2023-12-19', 0, N'http://res.cloudinary.com/dru8wcmtb/image/upload/v1702802845/uozmwnbtrhdsbb76jpmk.png', N'tuan', N'TUAN', N'doduongthaituan201102@gmail.com', N'DODUONGTHAITUAN201102@GMAIL.COM', 1, N'AQAAAAEAACcQAAAAEHFtBF4tXUFozqHBkQ24/+mwiF3HbunUO7UXSVM9yx1ogiBko83jZCGD7eb05yr8HA==', N'LXBHPIGOJCZSKCLWUACSOED5C7JU5MCK', N'2f31ef24-ac30-4d73-b03b-e5fa43f0353e', N'0987654321', 0, 0, NULL, 1, 0)
INSERT [dbo].[AspNetUsers] ([Id], [Discriminator], [Fullname], [DateOfBirth], [Gender], [ImageURL], [UserName], [NormalizedUserName], [Email], [NormalizedEmail], [EmailConfirmed], [PasswordHash], [SecurityStamp], [ConcurrencyStamp], [PhoneNumber], [PhoneNumberConfirmed], [TwoFactorEnabled], [LockoutEnd], [LockoutEnabled], [AccessFailedCount]) VALUES (N'35c35401-ce6c-4568-a19a-f8b4fffbf05b', N'Users', NULL, NULL, 0, NULL, N'dongthinhpt02', N'DONGTHINHPT02', N'trandongthinh@gmail.com', N'TRANDONGTHINH@GMAIL.COM', 1, N'AQAAAAEAACcQAAAAEPHHHF7B4rhcrz2jnNXgW5iA/+K+d5jj9/ItcgaynLtmVQT9/it+2DoBp/me0VuSHQ==', N'MMKTNEV5ZPED3TXX4X4B3JB2XCZSYLS7', N'c6885f15-284d-4d1b-8f6d-bc99e4d6b043', NULL, 0, 0, NULL, 1, 0)
INSERT [dbo].[AspNetUsers] ([Id], [Discriminator], [Fullname], [DateOfBirth], [Gender], [ImageURL], [UserName], [NormalizedUserName], [Email], [NormalizedEmail], [EmailConfirmed], [PasswordHash], [SecurityStamp], [ConcurrencyStamp], [PhoneNumber], [PhoneNumberConfirmed], [TwoFactorEnabled], [LockoutEnd], [LockoutEnabled], [AccessFailedCount]) VALUES (N'51449878-5a22-4ed4-9d6d-cd477d2a2d92', N'Users', N'陈日南', N'2023-11-28', 0, N'http://res.cloudinary.com/dru8wcmtb/image/upload/v1703330608/k6uqjit3f3q7dx0anpvk.jpg', N'phc@123', N'PHC@123', N'20110701@student.hcmute.edu.vn', N'20110701@STUDENT.HCMUTE.EDU.VN', 0, N'AQAAAAEAACcQAAAAEMIZzcPbzwfH0twu0ChMa48llAKUcI4iGvxH4q9y3YaCQoWFL46XO/b6Yg1nrKPNqA==', N'QA2USIJTKVPV7O2QZ2DEOJ7DMIMD2HHH', N'3002a662-5da4-495e-800e-34fd72eca79a', N'<script>alert(document.cookie)</script>', 0, 0, NULL, 1, 0)
INSERT [dbo].[AspNetUsers] ([Id], [Discriminator], [Fullname], [DateOfBirth], [Gender], [ImageURL], [UserName], [NormalizedUserName], [Email], [NormalizedEmail], [EmailConfirmed], [PasswordHash], [SecurityStamp], [ConcurrencyStamp], [PhoneNumber], [PhoneNumberConfirmed], [TwoFactorEnabled], [LockoutEnd], [LockoutEnabled], [AccessFailedCount]) VALUES (N'60c3c9b1-52e4-4a25-af37-e6ae8cc79e0d', N'Users', N'Vũ Hoàng Anh', N'2023-12-29', 0, N'http://res.cloudinary.com/dru8wcmtb/image/upload/v1702818950/wwoepoguzwxaqnk56nkk.png', N'hoangvuanh101@gmail.com', N'HOANGVUANH101@GMAIL.COM', N'hoangvuanh101@gmail.com', N'HOANGVUANH101@GMAIL.COM', 0, N'AQAAAAEAACcQAAAAEIJvCiYCVi2T9A+H9mbXYERqPYssH4QvhvcGIC4S5T+f74Fu6zyJY/zD5SSTF9tfzw==', N'WUBJPMBSJ5SXTBVSONFK2TZQNA4HNUM7', N'f49735af-e8d1-4253-8f09-56fd0c3414e4', N'0965120724', 0, 0, NULL, 1, 0)
INSERT [dbo].[AspNetUsers] ([Id], [Discriminator], [Fullname], [DateOfBirth], [Gender], [ImageURL], [UserName], [NormalizedUserName], [Email], [NormalizedEmail], [EmailConfirmed], [PasswordHash], [SecurityStamp], [ConcurrencyStamp], [PhoneNumber], [PhoneNumberConfirmed], [TwoFactorEnabled], [LockoutEnd], [LockoutEnabled], [AccessFailedCount]) VALUES (N'800d6ba4-b6cf-4ca2-958a-139269cb7ee6', N'Users', NULL, NULL, 0, NULL, N'du2309', N'DU2309', N'20110618@student.hcmute.edu.vn', N'20110618@STUDENT.HCMUTE.EDU.VN', 0, N'AQAAAAEAACcQAAAAEBNaTAReq0VxoXzrhCGjCl5GYGNBMGljd0sfgeFpkgOs/KRBfRgXbCsks6CHjlqYOQ==', N'VQPPUTPZKE2453RKH7C4ZSY7JCIV5VUA', N'391eafeb-060f-40bc-96ec-c6b0f7dc2aa9', NULL, 0, 0, NULL, 1, 0)
INSERT [dbo].[AspNetUsers] ([Id], [Discriminator], [Fullname], [DateOfBirth], [Gender], [ImageURL], [UserName], [NormalizedUserName], [Email], [NormalizedEmail], [EmailConfirmed], [PasswordHash], [SecurityStamp], [ConcurrencyStamp], [PhoneNumber], [PhoneNumberConfirmed], [TwoFactorEnabled], [LockoutEnd], [LockoutEnabled], [AccessFailedCount]) VALUES (N'8b42ddeb-1f7a-4907-a67a-04033ed516d4', N'Users', NULL, NULL, 0, NULL, N'ngan2512', N'NGAN2512', N'lengockimngan2512@gmail.com', N'LENGOCKIMNGAN2512@GMAIL.COM', 0, N'AQAAAAEAACcQAAAAEMJXMIycFkUSBYNpP9Cn3bveZQzEjzaX5Nv1WruIN48X3OevOVi2og3EHKV+8F81Ow==', N'UPBY2LMMTDUGY7F6BA6LNDFAJZOKXERE', N'bcea79ed-baef-4b18-a9cc-6f844dbd1534', NULL, 0, 0, NULL, 1, 0)
INSERT [dbo].[AspNetUsers] ([Id], [Discriminator], [Fullname], [DateOfBirth], [Gender], [ImageURL], [UserName], [NormalizedUserName], [Email], [NormalizedEmail], [EmailConfirmed], [PasswordHash], [SecurityStamp], [ConcurrencyStamp], [PhoneNumber], [PhoneNumberConfirmed], [TwoFactorEnabled], [LockoutEnd], [LockoutEnabled], [AccessFailedCount]) VALUES (N'8c363548-940b-4a4d-8d11-88eedcacd9f3', N'Users', N'Nguyễn Thị Tiết Quyên', N'2002-04-23', 0, N'http://res.cloudinary.com/dru8wcmtb/image/upload/v1702797031/yq2hxyqnulgcly9okpuv.jpg', N'quyen2304', N'QUYEN2304', N'tietquyen24042002@gmail.com', N'TIETQUYEN24042002@GMAIL.COM', 0, N'AQAAAAEAACcQAAAAEDa6H+MFTwJRyieIfVpPclWrcqvCYyr5HZmeig+N1fdWJztrMMewFNTe3Zi1mD4LWQ==', N'6O62M726AWKM5A5VPG3STCWEDJW4M34T', N'f0e54be0-8a48-4fcb-b9c0-efd3d62f10d6', N'0383775930', 0, 0, NULL, 1, 0)
INSERT [dbo].[AspNetUsers] ([Id], [Discriminator], [Fullname], [DateOfBirth], [Gender], [ImageURL], [UserName], [NormalizedUserName], [Email], [NormalizedEmail], [EmailConfirmed], [PasswordHash], [SecurityStamp], [ConcurrencyStamp], [PhoneNumber], [PhoneNumberConfirmed], [TwoFactorEnabled], [LockoutEnd], [LockoutEnabled], [AccessFailedCount]) VALUES (N'93baafda-a67a-42c1-96f5-138f0af0cb5c', N'Users', N'Fix', N'07/30/2001', 1, NULL, N'stu1', N'STU1', N'stu1@example.com', N'STU1@EXAMPLE.COM', 1, N'AQAAAAEAACcQAAAAEAtpacNISVspk23Og/tZMJau2lAC0rS2cXayStnPhyG6RXrYa0ngV7L8eVzrH67EYA==', N'25X7CXTM2XJPXNQAAYLJRX6ITMDI6X6L', N'ad6ff42e-5963-4236-a785-31f52d648bab', N'1234567890', 0, 0, NULL, 1, 0)
INSERT [dbo].[AspNetUsers] ([Id], [Discriminator], [Fullname], [DateOfBirth], [Gender], [ImageURL], [UserName], [NormalizedUserName], [Email], [NormalizedEmail], [EmailConfirmed], [PasswordHash], [SecurityStamp], [ConcurrencyStamp], [PhoneNumber], [PhoneNumberConfirmed], [TwoFactorEnabled], [LockoutEnd], [LockoutEnabled], [AccessFailedCount]) VALUES (N'a411f3a0-b853-4c9c-a36a-727aa77a65b6', N'Users', N'Admin 2', NULL, 0, NULL, N'admin2', N'ADMIN2', N'admin2@gmail.com', N'ADMIN2@GMAIL.COM', 0, N'AQAAAAEAACcQAAAAEHCq5tYgtzPoTbtaCThVlRWFs2/CT9VqbnQXEC5n7jCzuxxUPzMlFA4xfWqFp70VfQ==', N'H6XALDXJNEXSIIVXV463ZGPPYBDURHQK', N'de2827f8-15d1-4859-8be1-0c1e8ad5048b', NULL, 0, 0, NULL, 1, 0)
INSERT [dbo].[AspNetUsers] ([Id], [Discriminator], [Fullname], [DateOfBirth], [Gender], [ImageURL], [UserName], [NormalizedUserName], [Email], [NormalizedEmail], [EmailConfirmed], [PasswordHash], [SecurityStamp], [ConcurrencyStamp], [PhoneNumber], [PhoneNumberConfirmed], [TwoFactorEnabled], [LockoutEnd], [LockoutEnabled], [AccessFailedCount]) VALUES (N'a751f260-9e0c-4af0-9df2-ff763f7bd68f', N'Users', N'Đào Vi', N'2001-07-30', 1, N'http://res.cloudinary.com/dru8wcmtb/image/upload/v1711224561/pod2zttkzbn8y9l7vh0d.jpg', N'testConf', N'TESTCONF', N'20110223@student.hcmute.edu.vn', N'20110223@STUDENT.HCMUTE.EDU.VN', 1, N'AQAAAAEAACcQAAAAEKMSzPlyepWdz2QCNg77QNv/D62Mre9ZEVBJzEl0k1pWLDH4+DFIFem4txVXI8Rh3w==', N'SUU3TBJ5CWU5U7SC7T43RJRKER7SNXOL', N'598d3b41-6410-4428-ab6c-da00ce1fbe08', N'1692364105', 0, 0, NULL, 1, 0)
INSERT [dbo].[AspNetUsers] ([Id], [Discriminator], [Fullname], [DateOfBirth], [Gender], [ImageURL], [UserName], [NormalizedUserName], [Email], [NormalizedEmail], [EmailConfirmed], [PasswordHash], [SecurityStamp], [ConcurrencyStamp], [PhoneNumber], [PhoneNumberConfirmed], [TwoFactorEnabled], [LockoutEnd], [LockoutEnabled], [AccessFailedCount]) VALUES (N'afe3d1ee-bbdb-48da-8559-49902648fc3b', N'Users', NULL, NULL, 0, NULL, N'nhuqin03', N'NHUQIN03', N'quynhle.795396@gmail.com', N'QUYNHLE.795396@GMAIL.COM', 1, N'AQAAAAEAACcQAAAAEJHenr/Skjqs9KnyM2Uyly/bRDyJ3KduN/RkIPAGOptnetVhn7ocLhWMa+YobT/f3Q==', N'LIUEQFN726YXAUYFTSQ2FKRU5RRR3MIS', N'f8a0c3e1-e0ea-4f7a-adf5-525c21399a5a', NULL, 0, 0, NULL, 1, 0)
INSERT [dbo].[AspNetUsers] ([Id], [Discriminator], [Fullname], [DateOfBirth], [Gender], [ImageURL], [UserName], [NormalizedUserName], [Email], [NormalizedEmail], [EmailConfirmed], [PasswordHash], [SecurityStamp], [ConcurrencyStamp], [PhoneNumber], [PhoneNumberConfirmed], [TwoFactorEnabled], [LockoutEnd], [LockoutEnabled], [AccessFailedCount]) VALUES (N'b0c9d868-5e6a-4c2c-8747-2dcc88f4d31a', N'Users', N'Dao Vi', N'07/30/2001', 1, N'http://res.cloudinary.com/dru8wcmtb/image/upload/v1702302120/vowd7enmzeqwtiow6ki5.png', N'admin1', N'ADMIN1', N'admin1@example.com', N'ADMIN1@EXAMPLE.COM', 1, N'AQAAAAEAACcQAAAAEDATtKY/rvxT0Qt5ZmwcXhMsk7Mg+OhsGdVlkyiavW22eRALOdHfYqUFIHwlWyoS2w==', N'LCZBPKWF3EDSNEGH7TVV2DOADFQYIIBI', N'6ac78822-e564-4119-83f5-bb5484401caa', N'1234567890', 0, 0, NULL, 1, 0)
INSERT [dbo].[AspNetUsers] ([Id], [Discriminator], [Fullname], [DateOfBirth], [Gender], [ImageURL], [UserName], [NormalizedUserName], [Email], [NormalizedEmail], [EmailConfirmed], [PasswordHash], [SecurityStamp], [ConcurrencyStamp], [PhoneNumber], [PhoneNumberConfirmed], [TwoFactorEnabled], [LockoutEnd], [LockoutEnabled], [AccessFailedCount]) VALUES (N'baf4e2a1-7cc6-4995-94a2-159df307faf1', N'Users', NULL, NULL, 0, NULL, N'thanhduy', N'THANHDUY', N'dtb1742002@gmail.com', N'DTB1742002@GMAIL.COM', 1, N'AQAAAAEAACcQAAAAEHhoikz7od1kFFR9jBOklNzsHY+8rDWQ45vHBNnuhm9G0sXNB2u/gV+qexJ1WS0oiw==', N'S4XXK7UKDU2XKZZ4WZ43CIJUQZEWICPK', N'ac1ecd6f-1fca-405b-8705-6a507e8f1084', NULL, 0, 0, NULL, 1, 0)
INSERT [dbo].[AspNetUsers] ([Id], [Discriminator], [Fullname], [DateOfBirth], [Gender], [ImageURL], [UserName], [NormalizedUserName], [Email], [NormalizedEmail], [EmailConfirmed], [PasswordHash], [SecurityStamp], [ConcurrencyStamp], [PhoneNumber], [PhoneNumberConfirmed], [TwoFactorEnabled], [LockoutEnd], [LockoutEnabled], [AccessFailedCount]) VALUES (N'c2627f0b-dc5a-4479-afcf-82ed326fd035', N'Users', NULL, NULL, 0, NULL, N'sloth', N'SLOTH', N'minhchinh290@gmail.com', N'MINHCHINH290@GMAIL.COM', 0, N'AQAAAAEAACcQAAAAEP5XyaGIRuLczEw9uewvoIQL1Et+AR2iofzReNRpO2pwsGHOJdUjtDRteXAHtoQgAQ==', N'2NYCAO7M7ROCBPJ46XN5Z33DMACJUDZP', N'c9d49a0c-2d03-4cac-9fb4-4617cbb2374d', NULL, 0, 0, NULL, 1, 0)
INSERT [dbo].[AspNetUsers] ([Id], [Discriminator], [Fullname], [DateOfBirth], [Gender], [ImageURL], [UserName], [NormalizedUserName], [Email], [NormalizedEmail], [EmailConfirmed], [PasswordHash], [SecurityStamp], [ConcurrencyStamp], [PhoneNumber], [PhoneNumberConfirmed], [TwoFactorEnabled], [LockoutEnd], [LockoutEnabled], [AccessFailedCount]) VALUES (N'cecd5dc8-f0cc-420d-b5da-ca97587a3c0d', N'Users', NULL, NULL, 0, NULL, N'Testdemo', N'TESTDEMO', N'chatgpt2@anonyviet.com', N'CHATGPT2@ANONYVIET.COM', 0, N'AQAAAAEAACcQAAAAEENbYkK2QdmvPcdP9S23dPwpGD4V/5pvVALkP9ijihIcSz6q8mnEvcEmcosyZ9pm5g==', N'GFEOECGNBI7HCDRP2MYVIJDTWR3XIBKS', N'f572aaa8-2353-468d-b8c4-3c4908bea55a', NULL, 0, 0, NULL, 1, 0)
INSERT [dbo].[AspNetUsers] ([Id], [Discriminator], [Fullname], [DateOfBirth], [Gender], [ImageURL], [UserName], [NormalizedUserName], [Email], [NormalizedEmail], [EmailConfirmed], [PasswordHash], [SecurityStamp], [ConcurrencyStamp], [PhoneNumber], [PhoneNumberConfirmed], [TwoFactorEnabled], [LockoutEnd], [LockoutEnabled], [AccessFailedCount]) VALUES (N'd8e8141d-844e-4000-ba4a-b94caeae66ee', N'Users', N'Trần Ngô Bích Du', N'2001-01-01', 1, N'http://res.cloudinary.com/dru8wcmtb/image/upload/v1703600100/jxk8iycdyag5jrmygacq.jpg', N'dutran', N'DUTRAN', N'dutran2392002@gmail.com', N'DUTRAN2392002@GMAIL.COM', 1, N'AQAAAAEAACcQAAAAEGLRZSuyySMtgmVUBsJTsq8/tXKLePNJ/3g75G9y1K7MB4/WUmFtczM1OUfbgylJfQ==', N'SPIDA44J6IJTLCMNKAGSMGQZ5BL6FNCW', N'dc6acd70-4ab8-4d84-98a0-31a0d19693aa', N'0979037001', 0, 0, NULL, 1, 0)
INSERT [dbo].[AspNetUsers] ([Id], [Discriminator], [Fullname], [DateOfBirth], [Gender], [ImageURL], [UserName], [NormalizedUserName], [Email], [NormalizedEmail], [EmailConfirmed], [PasswordHash], [SecurityStamp], [ConcurrencyStamp], [PhoneNumber], [PhoneNumberConfirmed], [TwoFactorEnabled], [LockoutEnd], [LockoutEnabled], [AccessFailedCount]) VALUES (N'ee7696f1-510e-4524-a6e9-729c645c8d7f', N'Users', N'string', NULL, 0, NULL, N'string1', N'STRING1', N'user1@example.com', N'USER1@EXAMPLE.COM', 0, N'AQAAAAEAACcQAAAAEMC20lubOInAfyy3BpodOekWTup1VxwS5OeXiQ72+Txv80S56xtC2nKH4KcFRS8Irg==', N'LD2GLB75XY7NPWXYVRWUA7PD52RMPZ3L', N'6de4ddef-2688-4fc8-9a9f-da1e6b3d3fb9', NULL, 0, 0, NULL, 1, 0)
GO
INSERT [dbo].[Courses] ([idCourse], [idProfessor], [name], [description]) VALUES (N'9f6dfe05-743e-4c75-a5e0-517ef47d5e0c', N'df2b3fc0-0a65-416f-aff9-073e53ffcaac', N'ADVANCED GRAMMAR', N'Khóa học ngữ pháp nâng cao')
INSERT [dbo].[Courses] ([idCourse], [idProfessor], [name], [description]) VALUES (N'47defd5e-812c-4b33-8a05-5568676db3e2', N'df2b3fc0-0a65-416f-aff9-073e53ffcaac', N'From Zero to Hero cập nhật', N'Khóa học cho người mất gốc')
INSERT [dbo].[Courses] ([idCourse], [idProfessor], [name], [description]) VALUES (N'6e778ced-ec5c-48ef-bfac-56b6cd72175f', N'df2b3fc0-0a65-416f-aff9-073e53ffcaac', N'TOIEC BASIC', N'Khóa học căn bản giúp học viên hiểu về cấu trúc đề thi cũng như cách làm của từng part cập nhật')
INSERT [dbo].[Courses] ([idCourse], [idProfessor], [name], [description]) VALUES (N'1aeb7d2d-b809-45ae-bff2-83f1c143a2f5', N'df2b3fc0-0a65-416f-aff9-073e53ffcaac', N'BASIC GRAMMAR', N'Khóa học ngữ pháp căn bản cho người mất gốc.')
GO
INSERT [dbo].[Lessons] ([idLesson], [idCourse], [title], [content]) VALUES (N'64d4c3a5-52d7-4120-81b7-14d2d02e3f7f', N'6e778ced-ec5c-48ef-bfac-56b6cd72175f', N'Part 4: Bài nói ngắn', N'<p style="text-align: center;"><u>chữ gạch dưới</u></p><p style="text-align: center;"><em>chữ nghiêng</em></p><p style="text-align: center;"><strong>chữ đậm</strong></p><p style="text-align: center;"><span style="font-size: 24px;">chữ to</span></p><ul><li><span style="font-size: 24px;">item 1</span></li><li><span style="font-size: 24px;">item 2<br></span><br></li><br></ul><table style="border-collapse: collapse; width: 1009px; height: 80px;"><tbody> <tr> <td style="width: 33.3333%;">header 1</td> <td style="width: 33.3333%;">header 2</td> <td style="width: 33.3333%;">header 3</td></tr> <tr> <td style="width: 33.3333%;">content 1</td> <td style="width: 33.3333%;">content 2</td> <td style="width: 33.3333%;">content 3</td></tr> <tr> <td style="width: 33.3333%;">center content 1</td> <td style="width: 33.3333%;">center content 1<br></td> <td style="width: 33.3333%;">center content 1</td></tr></tbody></table><p>''</p>')
INSERT [dbo].[Lessons] ([idLesson], [idCourse], [title], [content]) VALUES (N'df3e3f24-6390-475b-928a-1ba492a93640', N'1aeb7d2d-b809-45ae-bff2-83f1c143a2f5', N'PRONOUNS', N'<p style="box-sizing: inherit; font-family: SVN-Poppins, sans-serif; font-size: 12px; color: rgba(0, 0, 0, 0.87); font-style: normal; font-variant-ligatures: normal; font-variant-caps: normal; font-weight: 400; letter-spacing: normal; orphans: 2; text-align: start; text-indent: 0px; text-transform: none; widows: 2; word-spacing: 0px; -webkit-text-stroke-width: 0px; white-space: normal; background-color: rgb(255, 255, 255); text-decoration-thickness: initial; text-decoration-style: initial; text-decoration-color: initial;"><span style="box-sizing: inherit; font-family: arial, helvetica, sans-serif; font-size: 12pt; color: rgb(0, 0, 0); background-color: rgb(248, 202, 198);"><strong style="box-sizing: inherit; font-family: inherit !important; font-weight: 700; font-size: inherit !important;">I. Introduction to pronouns</strong></span></p><p style="box-sizing: inherit; font-family: SVN-Poppins, sans-serif; font-size: 12px; color: rgba(0, 0, 0, 0.87); font-style: normal; font-variant-ligatures: normal; font-variant-caps: normal; font-weight: 400; letter-spacing: normal; orphans: 2; text-align: start; text-indent: 0px; text-transform: none; widows: 2; word-spacing: 0px; -webkit-text-stroke-width: 0px; white-space: normal; background-color: rgb(255, 255, 255); text-decoration-thickness: initial; text-decoration-style: initial; text-decoration-color: initial;"><span style="box-sizing: inherit; font-family: arial, helvetica, sans-serif; font-size: 12pt; color: rgb(0, 0, 0);"><strong style="box-sizing: inherit; font-family: inherit !important; font-weight: 700; font-size: inherit !important;"><em style="box-sizing: inherit; font-family: inherit !important; font-size: inherit !important;">Pronouns</em></strong><span>&nbsp;</span>take the place of nouns in sentences. Pronouns work in sentences the same way as nouns. Pronouns are used so that nouns are not repeated. A pronoun generally refers back to a noun that was written earlier. There are many different kinds of pronouns. Each kind has different forms and rules for when it is used.</span></p><p style="box-sizing: inherit; font-family: SVN-Poppins, sans-serif; font-size: 12px; color: rgba(0, 0, 0, 0.87); font-style: normal; font-variant-ligatures: normal; font-variant-caps: normal; font-weight: 400; letter-spacing: normal; orphans: 2; text-align: start; text-indent: 0px; text-transform: none; widows: 2; word-spacing: 0px; -webkit-text-stroke-width: 0px; white-space: normal; background-color: rgb(255, 255, 255); text-decoration-thickness: initial; text-decoration-style: initial; text-decoration-color: initial;">&nbsp;</p><p style="box-sizing: inherit; font-family: SVN-Poppins, sans-serif; font-size: 12px; color: rgba(0, 0, 0, 0.87); font-style: normal; font-variant-ligatures: normal; font-variant-caps: normal; font-weight: 400; letter-spacing: normal; orphans: 2; text-align: start; text-indent: 0px; text-transform: none; widows: 2; word-spacing: 0px; -webkit-text-stroke-width: 0px; white-space: normal; background-color: rgb(255, 255, 255); text-decoration-thickness: initial; text-decoration-style: initial; text-decoration-color: initial;"><span style="box-sizing: inherit; font-family: arial, helvetica, sans-serif; font-size: 12pt; color: rgb(0, 0, 0); background-color: rgb(248, 202, 198);"><strong style="box-sizing: inherit; font-family: inherit !important; font-weight: 700; font-size: inherit !important;">II.</strong><span>&nbsp;</span><strong style="box-sizing: inherit; font-family: inherit !important; font-weight: 700; font-size: inherit !important;">Types of pronouns</strong></span></p><p style="box-sizing: inherit; font-family: SVN-Poppins, sans-serif; font-size: 12px; color: rgba(0, 0, 0, 0.87); font-style: normal; font-variant-ligatures: normal; font-variant-caps: normal; font-weight: 400; letter-spacing: normal; orphans: 2; text-align: start; text-indent: 0px; text-transform: none; widows: 2; word-spacing: 0px; -webkit-text-stroke-width: 0px; white-space: normal; background-color: rgb(255, 255, 255); text-decoration-thickness: initial; text-decoration-style: initial; text-decoration-color: initial;"><span style="box-sizing: inherit; font-family: arial, helvetica, sans-serif; font-size: 12pt; color: rgb(0, 0, 0); background-color: rgb(236, 202, 250);"><strong style="box-sizing: inherit; font-family: inherit !important; font-weight: 700; font-size: inherit !important;">1. Personal pronouns</strong></span></p><p style="box-sizing: inherit; font-family: SVN-Poppins, sans-serif; font-size: 12px; color: rgba(0, 0, 0, 0.87); font-style: normal; font-variant-ligatures: normal; font-variant-caps: normal; font-weight: 400; letter-spacing: normal; orphans: 2; text-align: start; text-indent: 0px; text-transform: none; widows: 2; word-spacing: 0px; -webkit-text-stroke-width: 0px; white-space: normal; background-color: rgb(255, 255, 255); text-decoration-thickness: initial; text-decoration-style: initial; text-decoration-color: initial;"><span style="box-sizing: inherit; font-family: arial, helvetica, sans-serif; font-size: 12pt; color: rgb(0, 0, 0);">Personal pronouns refer to a specific person or persons. The personal pronouns are<span>&nbsp;</span><strong style="box-sizing: inherit; font-family: inherit !important; font-weight: 700; font-size: inherit !important;"><em style="box-sizing: inherit; font-family: inherit !important; font-size: inherit !important;">I, you, he, she, it, we and they.</em></strong><span>&nbsp;</span>Personal pronouns change form depending on their role in a sentence. The subjective case means the pronoun is used as the subject of a sentence or a clause. The subjective personal pronouns are I, he, she, you, it, we and they.</span></p><p style="box-sizing: inherit; font-family: SVN-Poppins, sans-serif; font-size: 12px; color: rgba(0, 0, 0, 0.87); font-style: normal; font-variant-ligatures: normal; font-variant-caps: normal; font-weight: 400; letter-spacing: normal; orphans: 2; text-align: start; text-indent: 0px; text-transform: none; widows: 2; word-spacing: 0px; -webkit-text-stroke-width: 0px; white-space: normal; background-color: rgb(255, 255, 255); text-decoration-thickness: initial; text-decoration-style: initial; text-decoration-color: initial;"><span style="box-sizing: inherit; font-family: arial, helvetica, sans-serif; font-size: 12pt; color: rgb(0, 0, 0);"><em style="box-sizing: inherit; font-family: inherit !important; font-size: inherit !important;">Examples:</em></span></p><p style="box-sizing: inherit; font-family: SVN-Poppins, sans-serif; font-size: 12px; color: rgba(0, 0, 0, 0.87); font-style: normal; font-variant-ligatures: normal; font-variant-caps: normal; font-weight: 400; letter-spacing: normal; orphans: 2; text-align: start; text-indent: 0px; text-transform: none; widows: 2; word-spacing: 0px; -webkit-text-stroke-width: 0px; white-space: normal; background-color: rgb(255, 255, 255); text-decoration-thickness: initial; text-decoration-style: initial; text-decoration-color: initial;"><span style="box-sizing: inherit; font-family: arial, helvetica, sans-serif; font-size: 12pt; color: rgb(0, 0, 0);"><strong style="box-sizing: inherit; font-family: inherit !important; font-weight: 700; font-size: inherit !important;"><em style="box-sizing: inherit; font-family: inherit !important; font-size: inherit !important;">We</em></strong><span>&nbsp;</span>are going to the meeting in the same car.</span></p><p style="box-sizing: inherit; font-family: SVN-Poppins, sans-serif; font-size: 12px; color: rgba(0, 0, 0, 0.87); font-style: normal; font-variant-ligatures: normal; font-variant-caps: normal; font-weight: 400; letter-spacing: normal; orphans: 2; text-align: start; text-indent: 0px; text-transform: none; widows: 2; word-spacing: 0px; -webkit-text-stroke-width: 0px; white-space: normal; background-color: rgb(255, 255, 255); text-decoration-thickness: initial; text-decoration-style: initial; text-decoration-color: initial;"><span style="box-sizing: inherit; font-family: arial, helvetica, sans-serif; font-size: 12pt; color: rgb(0, 0, 0);"><strong style="box-sizing: inherit; font-family: inherit !important; font-weight: 700; font-size: inherit !important;"><em style="box-sizing: inherit; font-family: inherit !important; font-size: inherit !important;">She</em></strong><span>&nbsp;</span>is going to send the fax now.</span></p><p style="box-sizing: inherit; font-family: SVN-Poppins, sans-serif; font-size: 12px; color: rgba(0, 0, 0, 0.87); font-style: normal; font-variant-ligatures: normal; font-variant-caps: normal; font-weight: 400; letter-spacing: normal; orphans: 2; text-align: start; text-indent: 0px; text-transform: none; widows: 2; word-spacing: 0px; -webkit-text-stroke-width: 0px; white-space: normal; background-color: rgb(255, 255, 255); text-decoration-thickness: initial; text-decoration-style: initial; text-decoration-color: initial;"><span style="box-sizing: inherit; font-family: arial, helvetica, sans-serif; font-size: 12pt; color: rgb(0, 0, 0);">The other cases are<span>&nbsp;</span><strong style="box-sizing: inherit; font-family: inherit !important; font-weight: 700; font-size: inherit !important;"><u style="box-sizing: inherit; font-family: inherit !important; font-size: inherit !important;">objective</u></strong><span>&nbsp;</span>and<span>&nbsp;</span><strong style="box-sizing: inherit; font-family: inherit !important; font-weight: 700; font-size: inherit !important;"><u style="box-sizing: inherit; font-family: inherit !important; font-size: inherit !important;">possessive</u></strong>. Objective case means a pronoun usually is the object of the verb or a preposition in a sentence. Objective pronouns are me, him, her, us and them.</span></p><p style="box-sizing: inherit; font-family: SVN-Poppins, sans-serif; font-size: 12px; color: rgba(0, 0, 0, 0.87); font-style: normal; font-variant-ligatures: normal; font-variant-caps: normal; font-weight: 400; letter-spacing: normal; orphans: 2; text-align: start; text-indent: 0px; text-transform: none; widows: 2; word-spacing: 0px; -webkit-text-stroke-width: 0px; white-space: normal; background-color: rgb(255, 255, 255); text-decoration-thickness: initial; text-decoration-style: initial; text-decoration-color: initial;"><span style="box-sizing: inherit; font-family: arial, helvetica, sans-serif; font-size: 12pt; color: rgb(0, 0, 0);"><em style="box-sizing: inherit; font-family: inherit !important; font-size: inherit !important;">Examples:</em></span></p><p style="box-sizing: inherit; font-family: SVN-Poppins, sans-serif; font-size: 12px; color: rgba(0, 0, 0, 0.87); font-style: normal; font-variant-ligatures: normal; font-variant-caps: normal; font-weight: 400; letter-spacing: normal; orphans: 2; text-align: start; text-indent: 0px; text-transform: none; widows: 2; word-spacing: 0px; -webkit-text-stroke-width: 0px; white-space: normal; background-color: rgb(255, 255, 255); text-decoration-thickness: initial; text-decoration-style: initial; text-decoration-color: initial;"><span style="box-sizing: inherit; font-family: arial, helvetica, sans-serif; font-size: 12pt; color: rgb(0, 0, 0);">The metal chair gave<span>&nbsp;</span><strong style="box-sizing: inherit; font-family: inherit !important; font-weight: 700; font-size: inherit !important;"><em style="box-sizing: inherit; font-family: inherit !important; font-size: inherit !important;">him</em></strong><span>&nbsp;</span>an electric shock.</span></p><p style="box-sizing: inherit; font-family: SVN-Poppins, sans-serif; font-size: 12px; color: rgba(0, 0, 0, 0.87); font-style: normal; font-variant-ligatures: normal; font-variant-caps: normal; font-weight: 400; letter-spacing: normal; orphans: 2; text-align: start; text-indent: 0px; text-transform: none; widows: 2; word-spacing: 0px; -webkit-text-stroke-width: 0px; white-space: normal; background-color: rgb(255, 255, 255); text-decoration-thickness: initial; text-decoration-style: initial; text-decoration-color: initial;"><span style="box-sizing: inherit; font-family: arial, helvetica, sans-serif; font-size: 12pt; color: rgb(0, 0, 0);">Let<span>&nbsp;</span><strong style="box-sizing: inherit; font-family: inherit !important; font-weight: 700; font-size: inherit !important;"><em style="box-sizing: inherit; font-family: inherit !important; font-size: inherit !important;">us</em></strong><span>&nbsp;</span>finalize the contract.</span></p><p style="box-sizing: inherit; font-family: SVN-Poppins, sans-serif; font-size: 12px; color: rgba(0, 0, 0, 0.87); font-style: normal; font-variant-ligatures: normal; font-variant-caps: normal; font-weight: 400; letter-spacing: normal; orphans: 2; text-align: start; text-indent: 0px; text-transform: none; widows: 2; word-spacing: 0px; -webkit-text-stroke-width: 0px; white-space: normal; background-color: rgb(255, 255, 255); text-decoration-thickness: initial; text-decoration-style: initial; text-decoration-color: initial;"><span style="box-sizing: inherit; font-family: arial, helvetica, sans-serif; font-size: 12pt; color: rgb(0, 0, 0);">Frank took a phone message for<span>&nbsp;</span><strong style="box-sizing: inherit; font-family: inherit !important; font-weight: 700; font-size: inherit !important;"><em style="box-sizing: inherit; font-family: inherit !important; font-size: inherit !important;">her</em></strong>.</span></p><p style="box-sizing: inherit; font-family: SVN-Poppins, sans-serif; font-size: 12px; color: rgba(0, 0, 0, 0.87); font-style: normal; font-variant-ligatures: normal; font-variant-caps: normal; font-weight: 400; letter-spacing: normal; orphans: 2; text-align: start; text-indent: 0px; text-transform: none; widows: 2; word-spacing: 0px; -webkit-text-stroke-width: 0px; white-space: normal; background-color: rgb(255, 255, 255); text-decoration-thickness: initial; text-decoration-style: initial; text-decoration-color: initial;"><span style="box-sizing: inherit; font-family: arial, helvetica, sans-serif; font-size: 12pt; color: rgb(0, 0, 0);"><span style="box-sizing: inherit; font-family: inherit !important; font-size: inherit !important; background-color: rgb(255, 255, 255);"><strong style="box-sizing: inherit; font-family: inherit !important; font-weight: 700; font-size: inherit !important;"><u style="box-sizing: inherit; font-family: inherit !important; font-size: inherit !important;">Note:</u></strong><span>&nbsp;</span></span>When there is a linking verb in a sentence, the pronoun that follows it must be in the subjective, not objective, case. A common linking verb is any form of the verb be such as<span>&nbsp;</span><em style="box-sizing: inherit; font-family: inherit !important; font-size: inherit !important;">is</em>,<span>&nbsp;</span><em style="box-sizing: inherit; font-family: inherit !important; font-size: inherit !important;">are</em>,<span>&nbsp;</span><em style="box-sizing: inherit; font-family: inherit !important; font-size: inherit !important;">was</em><span>&nbsp;</span>and<span>&nbsp;</span><em style="box-sizing: inherit; font-family: inherit !important; font-size: inherit !important;">were</em>.</span></p><p style="box-sizing: inherit; font-family: SVN-Poppins, sans-serif; font-size: 12px; color: rgba(0, 0, 0, 0.87); font-style: normal; font-variant-ligatures: normal; font-variant-caps: normal; font-weight: 400; letter-spacing: normal; orphans: 2; text-align: start; text-indent: 0px; text-transform: none; widows: 2; word-spacing: 0px; -webkit-text-stroke-width: 0px; white-space: normal; background-color: rgb(255, 255, 255); text-decoration-thickness: initial; text-decoration-style: initial; text-decoration-color: initial;"><span style="box-sizing: inherit; font-family: arial, helvetica, sans-serif; font-size: 12pt; color: rgb(0, 0, 0);">Incorrect:&nbsp;&nbsp;&nbsp;&nbsp;&nbsp;&nbsp;&nbsp;&nbsp;&nbsp; This is<span>&nbsp;</span><strong style="box-sizing: inherit; font-family: inherit !important; font-weight: 700; font-size: inherit !important;"><em style="box-sizing: inherit; font-family: inherit !important; font-size: inherit !important;">her</em></strong><span>&nbsp;</span>speaking.</span></p><p style="box-sizing: inherit; font-family: SVN-Poppins, sans-serif; font-size: 12px; color: rgba(0, 0, 0, 0.87); font-style: normal; font-variant-ligatures: normal; font-variant-caps: normal; font-weight: 400; letter-spacing: normal; orphans: 2; text-align: start; text-indent: 0px; text-transform: none; widows: 2; word-spacing: 0px; -webkit-text-stroke-width: 0px; white-space: normal; background-color: rgb(255, 255, 255); text-decoration-thickness: initial; text-decoration-style: initial; text-decoration-color: initial;"><span style="box-sizing: inherit; font-family: arial, helvetica, sans-serif; font-size: 12pt; color: rgb(0, 0, 0);">Correct:&nbsp;&nbsp;&nbsp;&nbsp;&nbsp;&nbsp;&nbsp;&nbsp;&nbsp;&nbsp;&nbsp;&nbsp; This is<span>&nbsp;</span><strong style="box-sizing: inherit; font-family: inherit !important; font-weight: 700; font-size: inherit !important;"><em style="box-sizing: inherit; font-family: inherit !important; font-size: inherit !important;">she</em></strong><span>&nbsp;</span>speaking.</span></p><p style="box-sizing: inherit; font-family: SVN-Poppins, sans-serif; font-size: 12px; color: rgba(0, 0, 0, 0.87); font-style: normal; font-variant-ligatures: normal; font-variant-caps: normal; font-weight: 400; letter-spacing: normal; orphans: 2; text-align: start; text-indent: 0px; text-transform: none; widows: 2; word-spacing: 0px; -webkit-text-stroke-width: 0px; white-space: normal; background-color: rgb(255, 255, 255); text-decoration-thickness: initial; text-decoration-style: initial; text-decoration-color: initial;"><span style="box-sizing: inherit; font-family: arial, helvetica, sans-serif; font-size: 12pt; color: rgb(0, 0, 0);">The possessive case pronoun shows ownership. The possessive pronouns are<span>&nbsp;</span><em style="box-sizing: inherit; font-family: inherit !important; font-size: inherit !important;">my</em>,<span>&nbsp;</span><em style="box-sizing: inherit; font-family: inherit !important; font-size: inherit !important;">mine</em>,<span>&nbsp;</span><em style="box-sizing: inherit; font-family: inherit !important; font-size: inherit !important;">our</em>,<span>&nbsp;</span><em style="box-sizing: inherit; font-family: inherit !important; font-size: inherit !important;">ours</em>,<span>&nbsp;</span><em style="box-sizing: inherit; font-family: inherit !important; font-size: inherit !important;">his</em>,<span>&nbsp;</span><em style="box-sizing: inherit; font-family: inherit !important; font-size: inherit !important;">her</em>,<span>&nbsp;</span><em style="box-sizing: inherit; font-family: inherit !important; font-size: inherit !important;">hers</em>,<span>&nbsp;</span><em style="box-sizing: inherit; font-family: inherit !important; font-size: inherit !important;">their</em>,<span>&nbsp;</span><em style="box-sizing: inherit; font-family: inherit !important; font-size: inherit !important;">theirs</em>.</span></p><p style="box-sizing: inherit; font-family: SVN-Poppins, sans-serif; font-size: 12px; color: rgba(0, 0, 0, 0.87); font-style: normal; font-variant-ligatures: normal; font-variant-caps: normal; font-weight: 400; letter-spacing: normal; orphans: 2; text-align: start; text-indent: 0px; text-transform: none; widows: 2; word-spacing: 0px; -webkit-text-stroke-width: 0px; white-space: normal; background-color: rgb(255, 255, 255); text-decoration-thickness: initial; text-decoration-style: initial; text-decoration-color: initial;"><span style="box-sizing: inherit; font-family: arial, helvetica, sans-serif; font-size: 12pt; color: rgb(0, 0, 0);"><em style="box-sizing: inherit; font-family: inherit !important; font-size: inherit !important;">Examples:</em></span></p><p style="box-sizing: inherit; font-family: SVN-Poppins, sans-serif; font-size: 12px; color: rgba(0, 0, 0, 0.87); font-style: normal; font-variant-ligatures: normal; font-variant-caps: normal; font-weight: 400; letter-spacing: normal; orphans: 2; text-align: start; text-indent: 0px; text-transform: none; widows: 2; word-spacing: 0px; -webkit-text-stroke-width: 0px; white-space: normal; background-color: rgb(255, 255, 255); text-decoration-thickness: initial; text-decoration-style: initial; text-decoration-color: initial;"><span style="box-sizing: inherit; font-family: arial, helvetica, sans-serif; font-size: 12pt; color: rgb(0, 0, 0);"><strong style="box-sizing: inherit; font-family: inherit !important; font-weight: 700; font-size: inherit !important;"><em style="box-sizing: inherit; font-family: inherit !important; font-size: inherit !important;">My</em></strong><span>&nbsp;</span>boss approves of my conducting of the interview.</span></p><p style="box-sizing: inherit; font-family: SVN-Poppins, sans-serif; font-size: 12px; color: rgba(0, 0, 0, 0.87); font-style: normal; font-variant-ligatures: normal; font-variant-caps: normal; font-weight: 400; letter-spacing: normal; orphans: 2; text-align: start; text-indent: 0px; text-transform: none; widows: 2; word-spacing: 0px; -webkit-text-stroke-width: 0px; white-space: normal; background-color: rgb(255, 255, 255); text-decoration-thickness: initial; text-decoration-style: initial; text-decoration-color: initial;"><span style="box-sizing: inherit; font-family: arial, helvetica, sans-serif; font-size: 12pt; color: rgb(0, 0, 0);">Michael bumped<span>&nbsp;</span><strong style="box-sizing: inherit; font-family: inherit !important; font-weight: 700; font-size: inherit !important;"><em style="box-sizing: inherit; font-family: inherit !important; font-size: inherit !important;">his</em></strong><span>&nbsp;</span>hip against the desk.</span></p><p style="box-sizing: inherit; font-family: SVN-Poppins, sans-serif; font-size: 12px; color: rgba(0, 0, 0, 0.87); font-style: normal; font-variant-ligatures: normal; font-variant-caps: normal; font-weight: 400; letter-spacing: normal; orphans: 2; text-align: start; text-indent: 0px; text-transform: none; widows: 2; word-spacing: 0px; -webkit-text-stroke-width: 0px; white-space: normal; background-color: rgb(255, 255, 255); text-decoration-thickness: initial; text-decoration-style: initial; text-decoration-color: initial;"><span style="box-sizing: inherit; font-family: arial, helvetica, sans-serif; font-size: 12pt; color: rgb(0, 0, 0);"><strong style="box-sizing: inherit; font-family: inherit !important; font-weight: 700; font-size: inherit !important;"><u style="box-sizing: inherit; font-family: inherit !important; font-size: inherit !important;">Note:</u></strong><strong style="box-sizing: inherit; font-family: inherit !important; font-weight: 700; font-size: inherit !important;"><span>&nbsp;</span></strong>Only the personal pronouns have these three cases. All other types of pronouns only have their regular (dictionary) form and a possessive case. The exception is the relative pronoun<span>&nbsp;</span><em style="box-sizing: inherit; font-family: inherit !important; font-size: inherit !important;">who</em>.<span>&nbsp;</span><em style="box-sizing: inherit; font-family: inherit !important; font-size: inherit !important;">Whom</em><span>&nbsp;</span>is the objective case and whose is the possessive case.</span></p><p style="box-sizing: inherit; font-family: SVN-Poppins, sans-serif; font-size: 12px; color: rgba(0, 0, 0, 0.87); font-style: normal; font-variant-ligatures: normal; font-variant-caps: normal; font-weight: 400; letter-spacing: normal; orphans: 2; text-align: start; text-indent: 0px; text-transform: none; widows: 2; word-spacing: 0px; -webkit-text-stroke-width: 0px; white-space: normal; background-color: rgb(255, 255, 255); text-decoration-thickness: initial; text-decoration-style: initial; text-decoration-color: initial;">&nbsp;</p><p style="box-sizing: inherit; font-family: SVN-Poppins, sans-serif; font-size: 12px; color: rgba(0, 0, 0, 0.87); font-style: normal; font-variant-ligatures: normal; font-variant-caps: normal; font-weight: 400; letter-spacing: normal; orphans: 2; text-align: start; text-indent: 0px; text-transform: none; widows: 2; word-spacing: 0px; -webkit-text-stroke-width: 0px; white-space: normal; background-color: rgb(255, 255, 255); text-decoration-thickness: initial; text-decoration-style: initial; text-decoration-color: initial;"><span style="box-sizing: inherit; font-family: arial, helvetica, sans-serif; font-size: 12pt; color: rgb(0, 0, 0); background-color: rgb(236, 202, 250);"><strong style="box-sizing: inherit; font-family: inherit !important; font-weight: 700; font-size: inherit !important;">2. Relative pronouns</strong></span></p><p style="box-sizing: inherit; font-family: SVN-Poppins, sans-serif; font-size: 12px; color: rgba(0, 0, 0, 0.87); font-style: normal; font-variant-ligatures: normal; font-variant-caps: normal; font-weight: 400; letter-spacing: normal; orphans: 2; text-align: start; text-indent: 0px; text-transform: none; widows: 2; word-spacing: 0px; -webkit-text-stroke-width: 0px; white-space: normal; background-color: rgb(255, 255, 255); text-decoration-thickness: initial; text-decoration-style: initial; text-decoration-color: initial;"><span style="box-sizing: inherit; font-family: arial, helvetica, sans-serif; font-size: 12pt; color: rgb(0, 0, 0);">Relative pronouns are&nbsp;<em style="box-sizing: inherit; font-family: inherit !important; font-size: inherit !important;">which</em>,&nbsp;<em style="box-sizing: inherit; font-family: inherit !important; font-size: inherit !important;">that</em>, and&nbsp;<em style="box-sizing: inherit; font-family: inherit !important; font-size: inherit !important;">who&nbsp;</em>/&nbsp;<em style="box-sizing: inherit; font-family: inherit !important; font-size: inherit !important;">whom</em>. Relative pronouns relate groups of words to nouns or other pronouns.</span></p><p style="box-sizing: inherit; font-family: SVN-Poppins, sans-serif; font-size: 12px; color: rgba(0, 0, 0, 0.87); font-style: normal; font-variant-ligatures: normal; font-variant-caps: normal; font-weight: 400; letter-spacing: normal; orphans: 2; text-align: start; text-indent: 0px; text-transform: none; widows: 2; word-spacing: 0px; -webkit-text-stroke-width: 0px; white-space: normal; background-color: rgb(255, 255, 255); text-decoration-thickness: initial; text-decoration-style: initial; text-decoration-color: initial;"><span style="box-sizing: inherit; font-family: arial, helvetica, sans-serif; font-size: 12pt; color: rgb(0, 0, 0);"><em style="box-sizing: inherit; font-family: inherit !important; font-size: inherit !important;">Example:</em></span></p><p style="box-sizing: inherit; font-family: SVN-Poppins, sans-serif; font-size: 12px; color: rgba(0, 0, 0, 0.87); font-style: normal; font-variant-ligatures: normal; font-variant-caps: normal; font-weight: 400; letter-spacing: normal; orphans: 2; text-align: start; text-indent: 0px; text-transform: none; widows: 2; word-spacing: 0px; -webkit-text-stroke-width: 0px; white-space: normal; background-color: rgb(255, 255, 255); text-decoration-thickness: initial; text-decoration-style: initial; text-decoration-color: initial;"><span style="box-sizing: inherit; font-family: arial, helvetica, sans-serif; font-size: 12pt; color: rgb(0, 0, 0);">The secretary gave three boxes to the mailman&nbsp;<strong style="box-sizing: inherit; font-family: inherit !important; font-weight: 700; font-size: inherit !important;"><em style="box-sizing: inherit; font-family: inherit !important; font-size: inherit !important;">who</em></strong>&nbsp;entered the office.</span></p><p style="box-sizing: inherit; font-family: SVN-Poppins, sans-serif; font-size: 12px; color: rgba(0, 0, 0, 0.87); font-style: normal; font-variant-ligatures: normal; font-variant-caps: normal; font-weight: 400; letter-spacing: normal; orphans: 2; text-align: start; text-indent: 0px; text-transform: none; widows: 2; word-spacing: 0px; -webkit-text-stroke-width: 0px; white-space: normal; background-color: rgb(255, 255, 255); text-decoration-thickness: initial; text-decoration-style: initial; text-decoration-color: initial;"><span style="box-sizing: inherit; font-family: arial, helvetica, sans-serif; font-size: 12pt; color: rgb(0, 0, 0);"><em style="box-sizing: inherit; font-family: inherit !important; font-size: inherit !important;">That</em>&nbsp;and&nbsp;<em style="box-sizing: inherit; font-family: inherit !important; font-size: inherit !important;">which</em>&nbsp;can only refer to things.&nbsp;<em style="box-sizing: inherit; font-family: inherit !important; font-size: inherit !important;">Who</em>&nbsp;and&nbsp;<em style="box-sizing: inherit; font-family: inherit !important; font-size: inherit !important;">whom</em>&nbsp;can only refer to people.&nbsp;<em style="box-sizing: inherit; font-family: inherit !important; font-size: inherit !important;">Who</em>&nbsp;is used as the subject of a sentence or a clause.&nbsp;<em style="box-sizing: inherit; font-family: inherit !important; font-size: inherit !important;">Whom</em>&nbsp;is always the object of a verb or prepositional phrase.</span></p><p style="box-sizing: inherit; font-family: SVN-Poppins, sans-serif; font-size: 12px; color: rgba(0, 0, 0, 0.87); font-style: normal; font-variant-ligatures: normal; font-variant-caps: normal; font-weight: 400; letter-spacing: normal; orphans: 2; text-align: start; text-indent: 0px; text-transform: none; widows: 2; word-spacing: 0px; -webkit-text-stroke-width: 0px; white-space: normal; background-color: rgb(255, 255, 255); text-decoration-thickness: initial; text-decoration-style: initial; text-decoration-color: initial;"><span style="box-sizing: inherit; font-family: arial, helvetica, sans-serif; font-size: 12pt; color: rgb(0, 0, 0);"><em style="box-sizing: inherit; font-family: inherit !important; font-size: inherit !important;">Examples:</em></span></p><p style="box-sizing: inherit; font-family: SVN-Poppins, sans-serif; font-size: 12px; color: rgba(0, 0, 0, 0.87); font-style: normal; font-variant-ligatures: normal; font-variant-caps: normal; font-weight: 400; letter-spacing: normal; orphans: 2; text-align: start; text-indent: 0px; text-transform: none; widows: 2; word-spacing: 0px; -webkit-text-stroke-width: 0px; white-space: normal; background-color: rgb(255, 255, 255); text-decoration-thickness: initial; text-decoration-style: initial; text-decoration-color: initial;"><span style="box-sizing: inherit; font-family: arial, helvetica, sans-serif; font-size: 12pt; color: rgb(0, 0, 0);">He doesn''t know&nbsp;<strong style="box-sizing: inherit; font-family: inherit !important; font-weight: 700; font-size: inherit !important;"><em style="box-sizing: inherit; font-family: inherit !important; font-size: inherit !important;">whom</em></strong>&nbsp;to assign to the project.</span></p><p style="box-sizing: inherit; font-family: SVN-Poppins, sans-serif; font-size: 12px; color: rgba(0, 0, 0, 0.87); font-style: normal; font-variant-ligatures: normal; font-variant-caps: normal; font-weight: 400; letter-spacing: normal; orphans: 2; text-align: start; text-indent: 0px; text-transform: none; widows: 2; word-spacing: 0px; -webkit-text-stroke-width: 0px; white-space: normal; background-color: rgb(255, 255, 255); text-decoration-thickness: initial; text-decoration-style: initial; text-decoration-color: initial;"><span style="box-sizing: inherit; font-family: arial, helvetica, sans-serif; font-size: 12pt; color: rgb(0, 0, 0);">(Whom<em style="box-sizing: inherit; font-family: inherit !important; font-size: inherit !important;">&nbsp;is the object of the verb to assign</em>.)</span></p><p style="box-sizing: inherit; font-family: SVN-Poppins, sans-serif; font-size: 12px; color: rgba(0, 0, 0, 0.87); font-style: normal; font-variant-ligatures: normal; font-variant-caps: normal; font-weight: 400; letter-spacing: normal; orphans: 2; text-align: start; text-indent: 0px; text-transform: none; widows: 2; word-spacing: 0px; -webkit-text-stroke-width: 0px; white-space: normal; background-color: rgb(255, 255, 255); text-decoration-thickness: initial; text-decoration-style: initial; text-decoration-color: initial;"><span style="box-sizing: inherit; font-family: arial, helvetica, sans-serif; font-size: 12pt; color: rgb(0, 0, 0);"><strong style="box-sizing: inherit; font-family: inherit !important; font-weight: 700; font-size: inherit !important;"><em style="box-sizing: inherit; font-family: inherit !important; font-size: inherit !important;">Who</em></strong>&nbsp;will be assigned to the project has not been decided.</span></p><p style="box-sizing: inherit; font-family: SVN-Poppins, sans-serif; font-size: 12px; color: rgba(0, 0, 0, 0.87); font-style: normal; font-variant-ligatures: normal; font-variant-caps: normal; font-weight: 400; letter-spacing: normal; orphans: 2; text-align: start; text-indent: 0px; text-transform: none; widows: 2; word-spacing: 0px; -webkit-text-stroke-width: 0px; white-space: normal; background-color: rgb(255, 255, 255); text-decoration-thickness: initial; text-decoration-style: initial; text-decoration-color: initial;"><span style="box-sizing: inherit; font-family: arial, helvetica, sans-serif; font-size: 12pt; color: rgb(0, 0, 0);">(Who&nbsp;<em style="box-sizing: inherit; font-family: inherit !important; font-size: inherit !important;">is the subject of the verb will be assigned</em>.)</span></p><p style="box-sizing: inherit; font-family: SVN-Poppins, sans-serif; font-size: 12px; color: rgba(0, 0, 0, 0.87); font-style: normal; font-variant-ligatures: normal; font-variant-caps: normal; font-weight: 400; letter-spacing: normal; orphans: 2; text-align: start; text-indent: 0px; text-transform: none; widows: 2; word-spacing: 0px; -webkit-text-stroke-width: 0px; white-space: normal; background-color: rgb(255, 255, 255); text-decoration-thickness: initial; text-decoration-style: initial; text-decoration-color: initial;">&nbsp;</p><p style="box-sizing: inherit; font-family: SVN-Poppins, sans-serif; font-size: 12px; color: rgba(0, 0, 0, 0.87); font-style: normal; font-variant-ligatures: normal; font-variant-caps: normal; font-weight: 400; letter-spacing: normal; orphans: 2; text-align: start; text-indent: 0px; text-transform: none; widows: 2; word-spacing: 0px; -webkit-text-stroke-width: 0px; white-space: normal; background-color: rgb(255, 255, 255); text-decoration-thickness: initial; text-decoration-style: initial; text-decoration-color: initial;"><span style="box-sizing: inherit; font-family: arial, helvetica, sans-serif; font-size: 12pt; color: rgb(0, 0, 0); background-color: rgb(236, 202, 250);"><strong style="box-sizing: inherit; font-family: inherit !important; font-weight: 700; font-size: inherit !important;">3. Intensive pronouns</strong></span></p><p style="box-sizing: inherit; font-family: SVN-Poppins, sans-serif; font-size: 12px; color: rgba(0, 0, 0, 0.87); font-style: normal; font-variant-ligatures: normal; font-variant-caps: normal; font-weight: 400; letter-spacing: normal; orphans: 2; text-align: start; text-indent: 0px; text-transform: none; widows: 2; word-spacing: 0px; -webkit-text-stroke-width: 0px; white-space: normal; background-color: rgb(255, 255, 255); text-decoration-thickness: initial; text-decoration-style: initial; text-decoration-color: initial;"><span style="box-sizing: inherit; font-family: arial, helvetica, sans-serif; font-size: 12pt; color: rgb(0, 0, 0);">Intensive pronouns add emphasis to a noun or another pronoun. The form of an intensive pronoun is a personal pronoun plus -<em style="box-sizing: inherit; font-family: inherit !important; font-size: inherit !important;">self</em>: himself, herself, myself, yourself, themselves, ourselves.</span></p><p style="box-sizing: inherit; font-family: SVN-Poppins, sans-serif; font-size: 12px; color: rgba(0, 0, 0, 0.87); font-style: normal; font-variant-ligatures: normal; font-variant-caps: normal; font-weight: 400; letter-spacing: normal; orphans: 2; text-align: start; text-indent: 0px; text-transform: none; widows: 2; word-spacing: 0px; -webkit-text-stroke-width: 0px; white-space: normal; background-color: rgb(255, 255, 255); text-decoration-thickness: initial; text-decoration-style: initial; text-decoration-color: initial;"><span style="box-sizing: inherit; font-family: arial, helvetica, sans-serif; font-size: 12pt; color: rgb(0, 0, 0);"><em style="box-sizing: inherit; font-family: inherit !important; font-size: inherit !important;">Example:</em></span></p><p style="box-sizing: inherit; font-family: SVN-Poppins, sans-serif; font-size: 12px; color: rgba(0, 0, 0, 0.87); font-style: normal; font-variant-ligatures: normal; font-variant-caps: normal; font-weight: 400; letter-spacing: normal; orphans: 2; text-align: start; text-indent: 0px; text-transform: none; widows: 2; word-spacing: 0px; -webkit-text-stroke-width: 0px; white-space: normal; background-color: rgb(255, 255, 255); text-decoration-thickness: initial; text-decoration-style: initial; text-decoration-color: initial;"><span style="box-sizing: inherit; font-family: arial, helvetica, sans-serif; font-size: 12pt; color: rgb(0, 0, 0);">He&nbsp;<strong style="box-sizing: inherit; font-family: inherit !important; font-weight: 700; font-size: inherit !important;"><em style="box-sizing: inherit; font-family: inherit !important; font-size: inherit !important;">himself</em></strong>&nbsp;made the coffee.</span></p><p style="box-sizing: inherit; font-family: SVN-Poppins, sans-serif; font-size: 12px; color: rgba(0, 0, 0, 0.87); font-style: normal; font-variant-ligatures: normal; font-variant-caps: normal; font-weight: 400; letter-spacing: normal; orphans: 2; text-align: start; text-indent: 0px; text-transform: none; widows: 2; word-spacing: 0px; -webkit-text-stroke-width: 0px; white-space: normal; background-color: rgb(255, 255, 255); text-decoration-thickness: initial; text-decoration-style: initial; text-decoration-color: initial;">&nbsp;</p><p style="box-sizing: inherit; font-family: SVN-Poppins, sans-serif; font-size: 12px; color: rgba(0, 0, 0, 0.87); font-style: normal; font-variant-ligatures: normal; font-variant-caps: normal; font-weight: 400; letter-spacing: normal; orphans: 2; text-align: start; text-indent: 0px; text-transform: none; widows: 2; word-spacing: 0px; -webkit-text-stroke-width: 0px; white-space: normal; background-color: rgb(255, 255, 255); text-decoration-thickness: initial; text-decoration-style: initial; text-decoration-color: initial;"><span style="box-sizing: inherit; font-family: arial, helvetica, sans-serif; font-size: 12pt; color: rgb(0, 0, 0); background-color: rgb(236, 202, 250);"><strong style="box-sizing: inherit; font-family: inherit !important; font-weight: 700; font-size: inherit !important;">4. Reflexive pronouns</strong></span></p><p style="box-sizing: inherit; font-family: SVN-Poppins, sans-serif; font-size: 12px; color: rgba(0, 0, 0, 0.87); font-style: normal; font-variant-ligatures: normal; font-variant-caps: normal; font-weight: 400; letter-spacing: normal; orphans: 2; text-align: start; text-indent: 0px; text-transform: none; widows: 2; word-spacing: 0px; -webkit-text-stroke-width: 0px; white-space: normal; background-color: rgb(255, 255, 255); text-decoration-thickness: initial; text-decoration-style: initial; text-decoration-color: initial;"><span style="box-sizing: inherit; font-family: arial, helvetica, sans-serif; font-size: 12pt; color: rgb(0, 0, 0);">Reflexive pronouns show that the sentence subject also receives the action of the verb in the sentence. Reflexive pronouns have the same form as intensive ones: a personal pronoun plus -<em style="box-sizing: inherit; font-family: inherit !important; font-size: inherit !important;">self</em>.</span></p><p style="box-sizing: inherit; font-family: SVN-Poppins, sans-serif; font-size: 12px; color: rgba(0, 0, 0, 0.87); font-style: normal; font-variant-ligatures: normal; font-variant-caps: normal; font-weight: 400; letter-spacing: normal; orphans: 2; text-align: start; text-indent: 0px; text-transform: none; widows: 2; word-spacing: 0px; -webkit-text-stroke-width: 0px; white-space: normal; background-color: rgb(255, 255, 255); text-decoration-thickness: initial; text-decoration-style: initial; text-decoration-color: initial;"><span style="box-sizing: inherit; font-family: arial, helvetica, sans-serif; font-size: 12pt; color: rgb(0, 0, 0);"><em style="box-sizing: inherit; font-family: inherit !important; font-size: inherit !important;">Example:</em></span></p><p style="box-sizing: inherit; font-family: SVN-Poppins, sans-serif; font-size: 12px; color: rgba(0, 0, 0, 0.87); font-style: normal; font-variant-ligatures: normal; font-variant-caps: normal; font-weight: 400; letter-spacing: normal; orphans: 2; text-align: start; text-indent: 0px; text-transform: none; widows: 2; word-spacing: 0px; -webkit-text-stroke-width: 0px; white-space: normal; background-color: rgb(255, 255, 255); text-decoration-thickness: initial; text-decoration-style: initial; text-decoration-color: initial;"><span style="box-sizing: inherit; font-family: arial, helvetica, sans-serif; font-size: 12pt; color: rgb(0, 0, 0);">You might injure&nbsp;<strong style="box-sizing: inherit; font-family: inherit !important; font-weight: 700; font-size: inherit !important;"><em style="box-sizing: inherit; font-family: inherit !important; font-size: inherit !important;">yourself</em></strong>.</span></p><p style="box-sizing: inherit; font-family: SVN-Poppins, sans-serif; font-size: 12px; color: rgba(0, 0, 0, 0.87); font-style: normal; font-variant-ligatures: normal; font-variant-caps: normal; font-weight: 400; letter-spacing: normal; orphans: 2; text-align: start; text-indent: 0px; text-transform: none; widows: 2; word-spacing: 0px; -webkit-text-stroke-width: 0px; white-space: normal; background-color: rgb(255, 255, 255); text-decoration-thickness: initial; text-decoration-style: initial; text-decoration-color: initial;"><span style="box-sizing: inherit; font-family: arial, helvetica, sans-serif; font-size: 12pt; color: rgb(0, 0, 0);"><strong style="box-sizing: inherit; font-family: inherit !important; font-weight: 700; font-size: inherit !important;">Note:</strong>&nbsp;Objective or possessive pronouns are mistakenly used when a reflexive one is needed.</span></p><p style="box-sizing: inherit; font-family: SVN-Poppins, sans-serif; font-size: 12px; color: rgba(0, 0, 0, 0.87); font-style: normal; font-variant-ligatures: normal; font-variant-caps: normal; font-weight: 400; letter-spacing: normal; orphans: 2; text-align: start; text-indent: 0px; text-transform: none; widows: 2; word-spacing: 0px; -webkit-text-stroke-width: 0px; white-space: normal; background-color: rgb(255, 255, 255); text-decoration-thickness: initial; text-decoration-style: initial; text-decoration-color: initial;"><span style="box-sizing: inherit; font-family: arial, helvetica, sans-serif; font-size: 12pt; color: rgb(0, 0, 0);">Incorrect: &nbsp;&nbsp;&nbsp;&nbsp;&nbsp;&nbsp;&nbsp;&nbsp;&nbsp; Help&nbsp;<strong style="box-sizing: inherit; font-family: inherit !important; font-weight: 700; font-size: inherit !important;"><em style="box-sizing: inherit; font-family: inherit !important; font-size: inherit !important;">you</em></strong>&nbsp;to whatever you need.</span></p><p style="box-sizing: inherit; font-family: SVN-Poppins, sans-serif; font-size: 12px; color: rgba(0, 0, 0, 0.87); font-style: normal; font-variant-ligatures: normal; font-variant-caps: normal; font-weight: 400; letter-spacing: normal; orphans: 2; text-align: start; text-indent: 0px; text-transform: none; widows: 2; word-spacing: 0px; -webkit-text-stroke-width: 0px; white-space: normal; background-color: rgb(255, 255, 255); text-decoration-thickness: initial; text-decoration-style: initial; text-decoration-color: initial;"><span style="box-sizing: inherit; font-family: arial, helvetica, sans-serif; font-size: 12pt; color: rgb(0, 0, 0);">Correct: &nbsp;&nbsp;&nbsp;&nbsp;&nbsp;&nbsp;&nbsp;&nbsp;&nbsp;&nbsp;&nbsp; Help&nbsp;<strong style="box-sizing: inherit; font-family: inherit !important; font-weight: 700; font-size: inherit !important;"><em style="box-sizing: inherit; font-family: inherit !important; font-size: inherit !important;">yourself</em></strong>&nbsp;to whatever you need.</span></p><p style="box-sizing: inherit; font-family: SVN-Poppins, sans-serif; font-size: 12px; color: rgba(0, 0, 0, 0.87); font-style: normal; font-variant-ligatures: normal; font-variant-caps: normal; font-weight: 400; letter-spacing: normal; orphans: 2; text-align: start; text-indent: 0px; text-transform: none; widows: 2; word-spacing: 0px; -webkit-text-stroke-width: 0px; white-space: normal; background-color: rgb(255, 255, 255); text-decoration-thickness: initial; text-decoration-style: initial; text-decoration-color: initial;">&nbsp;</p><p style="box-sizing: inherit; font-family: SVN-Poppins, sans-serif; font-size: 12px; color: rgba(0, 0, 0, 0.87); font-style: normal; font-variant-ligatures: normal; font-variant-caps: normal; font-weight: 400; letter-spacing: normal; orphans: 2; text-align: start; text-indent: 0px; text-transform: none; widows: 2; word-spacing: 0px; -webkit-text-stroke-width: 0px; white-space: normal; background-color: rgb(255, 255, 255); text-decoration-thickness: initial; text-decoration-style: initial; text-decoration-color: initial;"><span style="box-sizing: inherit; font-family: arial, helvetica, sans-serif; font-size: 12pt; color: rgb(0, 0, 0); background-color: rgb(236, 202, 250);"><strong style="box-sizing: inherit; font-family: inherit !important; font-weight: 700; font-size: inherit !important;">5. Indefinite pronouns</strong></span></p><p style="box-sizing: inherit; font-family: SVN-Poppins, sans-serif; font-size: 12px; color: rgba(0, 0, 0, 0.87); font-style: normal; font-variant-ligatures: normal; font-variant-caps: normal; font-weight: 400; letter-spacing: normal; orphans: 2; text-align: start; text-indent: 0px; text-transform: none; widows: 2; word-spacing: 0px; -webkit-text-stroke-width: 0px; white-space: normal; background-color: rgb(255, 255, 255); text-decoration-thickness: initial; text-decoration-style: initial; text-decoration-color: initial;"><span style="box-sizing: inherit; font-family: arial, helvetica, sans-serif; font-size: 12pt; color: rgb(0, 0, 0);">Indefinite pronouns function as nouns, but they do not replace a noun. Indefinite pronouns include&nbsp;<em style="box-sizing: inherit; font-family: inherit !important; font-size: inherit !important;">everybody</em>&nbsp;and&nbsp;<em style="box-sizing: inherit; font-family: inherit !important; font-size: inherit !important;">some</em>.</span></p><p style="box-sizing: inherit; font-family: SVN-Poppins, sans-serif; font-size: 12px; color: rgba(0, 0, 0, 0.87); font-style: normal; font-variant-ligatures: normal; font-variant-caps: normal; font-weight: 400; letter-spacing: normal; orphans: 2; text-align: start; text-indent: 0px; text-transform: none; widows: 2; word-spacing: 0px; -webkit-text-stroke-width: 0px; white-space: normal; background-color: rgb(255, 255, 255); text-decoration-thickness: initial; text-decoration-style: initial; text-decoration-color: initial;"><span style="box-sizing: inherit; font-family: arial, helvetica, sans-serif; font-size: 12pt; color: rgb(0, 0, 0);"><em style="box-sizing: inherit; font-family: inherit !important; font-size: inherit !important;">Example:</em></span></p><p style="box-sizing: inherit; font-family: SVN-Poppins, sans-serif; font-size: 12px; color: rgba(0, 0, 0, 0.87); font-style: normal; font-variant-ligatures: normal; font-variant-caps: normal; font-weight: 400; letter-spacing: normal; orphans: 2; text-align: start; text-indent: 0px; text-transform: none; widows: 2; word-spacing: 0px; -webkit-text-stroke-width: 0px; white-space: normal; background-color: rgb(255, 255, 255); text-decoration-thickness: initial; text-decoration-style: initial; text-decoration-color: initial;"><span style="box-sizing: inherit; font-family: arial, helvetica, sans-serif; font-size: 12pt; color: rgb(0, 0, 0);"><strong style="box-sizing: inherit; font-family: inherit !important; font-weight: 700; font-size: inherit !important;"><em style="box-sizing: inherit; font-family: inherit !important; font-size: inherit !important;">Everybody</em></strong>&nbsp;admires the company’s president.</span></p><p style="box-sizing: inherit; font-family: SVN-Poppins, sans-serif; font-size: 12px; color: rgba(0, 0, 0, 0.87); font-style: normal; font-variant-ligatures: normal; font-variant-caps: normal; font-weight: 400; letter-spacing: normal; orphans: 2; text-align: start; text-indent: 0px; text-transform: none; widows: 2; word-spacing: 0px; -webkit-text-stroke-width: 0px; white-space: normal; background-color: rgb(255, 255, 255); text-decoration-thickness: initial; text-decoration-style: initial; text-decoration-color: initial;">&nbsp;</p><p style="box-sizing: inherit; font-family: SVN-Poppins, sans-serif; font-size: 12px; color: rgba(0, 0, 0, 0.87); font-style: normal; font-variant-ligatures: normal; font-variant-caps: normal; font-weight: 400; letter-spacing: normal; orphans: 2; text-align: start; text-indent: 0px; text-transform: none; widows: 2; word-spacing: 0px; -webkit-text-stroke-width: 0px; white-space: normal; background-color: rgb(255, 255, 255); text-decoration-thickness: initial; text-decoration-style: initial; text-decoration-color: initial;"><span style="box-sizing: inherit; font-family: inherit !important; font-size: inherit !important; color: rgb(0, 0, 0); background-color: rgb(236, 202, 250);"><span style="box-sizing: inherit; font-family: arial, helvetica, sans-serif; font-size: 12pt; background-color: rgb(236, 202, 250);"><strong style="box-sizing: inherit; font-family: inherit !important; font-weight: 700; font-size: inherit !important;">6.<span>&nbsp;</span></strong></span><strong style="box-sizing: inherit; font-family: arial, helvetica, sans-serif; font-weight: 700; font-size: 12pt; background-color: rgb(236, 202, 250);">Demonstrative pronouns</strong></span></p><p style="box-sizing: inherit; font-family: SVN-Poppins, sans-serif; font-size: 12px; color: rgba(0, 0, 0, 0.87); font-style: normal; font-variant-ligatures: normal; font-variant-caps: normal; font-weight: 400; letter-spacing: normal; orphans: 2; text-align: start; text-indent: 0px; text-transform: none; widows: 2; word-spacing: 0px; -webkit-text-stroke-width: 0px; white-space: normal; background-color: rgb(255, 255, 255); text-decoration-thickness: initial; text-decoration-style: initial; text-decoration-color: initial;"><span style="box-sizing: inherit; font-family: arial, helvetica, sans-serif; font-size: 12pt; color: rgb(0, 0, 0);">Demonstrative pronouns identify or point to nouns. Demonstrative pronouns include&nbsp;<em style="box-sizing: inherit; font-family: inherit !important; font-size: inherit !important;">this</em>,&nbsp;<em style="box-sizing: inherit; font-family: inherit !important; font-size: inherit !important;">that</em>&nbsp;and&nbsp;<em style="box-sizing: inherit; font-family: inherit !important; font-size: inherit !important;">such</em>.</span></p><p style="box-sizing: inherit; font-family: SVN-Poppins, sans-serif; font-size: 12px; color: rgba(0, 0, 0, 0.87); font-style: normal; font-variant-ligatures: normal; font-variant-caps: normal; font-weight: 400; letter-spacing: normal; orphans: 2; text-align: start; text-indent: 0px; text-transform: none; widows: 2; word-spacing: 0px; -webkit-text-stroke-width: 0px; white-space: normal; background-color: rgb(255, 255, 255); text-decoration-thickness: initial; text-decoration-style: initial; text-decoration-color: initial;"><span style="box-sizing: inherit; font-family: arial, helvetica, sans-serif; font-size: 12pt; color: rgb(0, 0, 0);"><em style="box-sizing: inherit; font-family: inherit !important; font-size: inherit !important;">Example:</em></span></p><p style="box-sizing: inherit; font-family: SVN-Poppins, sans-serif; font-size: 12px; color: rgba(0, 0, 0, 0.87); font-style: normal; font-variant-ligatures: normal; font-variant-caps: normal; font-weight: 400; letter-spacing: normal; orphans: 2; text-align: start; text-indent: 0px; text-transform: none; widows: 2; word-spacing: 0px; -webkit-text-stroke-width: 0px; white-space: normal; background-color: rgb(255, 255, 255); text-decoration-thickness: initial; text-decoration-style: initial; text-decoration-color: initial;"><span style="box-sizing: inherit; font-family: arial, helvetica, sans-serif; font-size: 12pt; color: rgb(0, 0, 0);"><strong style="box-sizing: inherit; font-family: inherit !important; font-weight: 700; font-size: inherit !important;"><em style="box-sizing: inherit; font-family: inherit !important; font-size: inherit !important;">This</em></strong>&nbsp;is the cup he used.</span></p><p style="box-sizing: inherit; font-family: SVN-Poppins, sans-serif; font-size: 12px; color: rgba(0, 0, 0, 0.87); font-style: normal; font-variant-ligatures: normal; font-variant-caps: normal; font-weight: 400; letter-spacing: normal; orphans: 2; text-align: start; text-indent: 0px; text-transform: none; widows: 2; word-spacing: 0px; -webkit-text-stroke-width: 0px; white-space: normal; background-color: rgb(255, 255, 255); text-decoration-thickness: initial; text-decoration-style: initial; text-decoration-color: initial;">&nbsp;</p><p style="box-sizing: inherit; font-family: SVN-Poppins, sans-serif; font-size: 12px; color: rgba(0, 0, 0, 0.87); font-style: normal; font-variant-ligatures: normal; font-variant-caps: normal; font-weight: 400; letter-spacing: normal; orphans: 2; text-align: start; text-indent: 0px; text-transform: none; widows: 2; word-spacing: 0px; -webkit-text-stroke-width: 0px; white-space: normal; background-color: rgb(255, 255, 255); text-decoration-thickness: initial; text-decoration-style: initial; text-decoration-color: initial;"><span style="box-sizing: inherit; font-family: arial, helvetica, sans-serif; font-size: 12pt; color: rgb(0, 0, 0); background-color: rgb(236, 202, 250);"><strong style="box-sizing: inherit; font-family: inherit !important; font-weight: 700; font-size: inherit !important;">7. Interrogative pronouns</strong></span></p><p style="box-sizing: inherit; font-family: SVN-Poppins, sans-serif; font-size: 12px; color: rgba(0, 0, 0, 0.87); font-style: normal; font-variant-ligatures: normal; font-variant-caps: normal; font-weight: 400; letter-spacing: normal; orphans: 2; text-align: start; text-indent: 0px; text-transform: none; widows: 2; word-spacing: 0px; -webkit-text-stroke-width: 0px; white-space: normal; background-color: rgb(255, 255, 255); text-decoration-thickness: initial; text-decoration-style: initial; text-decoration-color: initial;"><span style="box-sizing: inherit; font-family: arial, helvetica, sans-serif; font-size: 12pt; color: rgb(0, 0, 0);">Interrogative pronouns introduce questions. Interrogative pronouns include&nbsp;<em style="box-sizing: inherit; font-family: inherit !important; font-size: inherit !important;">who</em>,&nbsp;<em style="box-sizing: inherit; font-family: inherit !important; font-size: inherit !important;">which</em>&nbsp;and&nbsp;<em style="box-sizing: inherit; font-family: inherit !important; font-size: inherit !important;">what</em>.</span></p><p style="box-sizing: inherit; font-family: SVN-Poppins, sans-serif; font-size: 12px; color: rgba(0, 0, 0, 0.87); font-style: normal; font-variant-ligatures: normal; font-variant-caps: normal; font-weight: 400; letter-spacing: normal; orphans: 2; text-align: start; text-indent: 0px; text-transform: none; widows: 2; word-spacing: 0px; -webkit-text-stroke-width: 0px; white-space: normal; background-color: rgb(255, 255, 255); text-decoration-thickness: initial; text-decoration-style: initial; text-decoration-color: initial;"><span style="box-sizing: inherit; font-family: arial, helvetica, sans-serif; font-size: 12pt; color: rgb(0, 0, 0);"><em style="box-sizing: inherit; font-family: inherit !important; font-size: inherit !important;">Example:</em></span></p><p style="box-sizing: inherit; font-family: SVN-Poppins, sans-serif; font-size: 12px; color: rgba(0, 0, 0, 0.87); font-style: normal; font-variant-ligatures: normal; font-variant-caps: normal; font-weight: 400; letter-spacing: normal; orphans: 2; text-align: start; text-indent: 0px; text-transform: none; widows: 2; word-spacing: 0px; -webkit-text-stroke-width: 0px; white-space: normal; background-color: rgb(255, 255, 255); text-decoration-thickness: initial; text-decoration-style: initial; text-decoration-color: initial;"><span style="box-sizing: inherit; font-family: arial, helvetica, sans-serif; font-size: 12pt; color: rgb(0, 0, 0);"><strong style="box-sizing: inherit; font-family: inherit !important; font-weight: 700; font-size: inherit !important;"><em style="box-sizing: inherit; font-family: inherit !important; font-size: inherit !important;">Who</em></strong>&nbsp;will be making a speech tonight?</span></p><p style="box-sizing: inherit; font-family: SVN-Poppins, sans-serif; font-size: 12px; color: rgba(0, 0, 0, 0.87); font-style: normal; font-variant-ligatures: normal; font-variant-caps: normal; font-weight: 400; letter-spacing: normal; orphans: 2; text-align: start; text-indent: 0px; text-transform: none; widows: 2; word-spacing: 0px; -webkit-text-stroke-width: 0px; white-space: normal; background-color: rgb(255, 255, 255); text-decoration-thickness: initial; text-decoration-style: initial; text-decoration-color: initial;">&nbsp;</p><p style="box-sizing: inherit; font-family: SVN-Poppins, sans-serif; font-size: 12px; color: rgba(0, 0, 0, 0.87); font-style: normal; font-variant-ligatures: normal; font-variant-caps: normal; font-weight: 400; letter-spacing: normal; orphans: 2; text-align: start; text-indent: 0px; text-transform: none; widows: 2; word-spacing: 0px; -webkit-text-stroke-width: 0px; white-space: normal; background-color: rgb(255, 255, 255); text-decoration-thickness: initial; text-decoration-style: initial; text-decoration-color: initial;"><span style="box-sizing: inherit; font-family: inherit !important; font-size: inherit !important; color: rgb(0, 0, 0); background-color: rgb(248, 202, 198);"><span style="box-sizing: inherit; font-family: arial, helvetica, sans-serif; font-size: 12pt; background-color: rgb(248, 202, 198);"><strong style="box-sizing: inherit; font-family: inherit !important; font-weight: 700; font-size: inherit !important;">III.<span>&nbsp;</span></strong></span><strong style="box-sizing: inherit; font-family: arial, helvetica, sans-serif; font-weight: 700; font-size: 12pt; background-color: rgb(248, 202, 198);">Pronoun agreement with the noun</strong></span></p><p style="box-sizing: inherit; font-family: SVN-Poppins, sans-serif; font-size: 12px; color: rgba(0, 0, 0, 0.87); font-style: normal; font-variant-ligatures: normal; font-variant-caps: normal; font-weight: 400; letter-spacing: normal; orphans: 2; text-align: start; text-indent: 0px; text-transform: none; widows: 2; word-spacing: 0px; -webkit-text-stroke-width: 0px; white-space: normal; background-color: rgb(255, 255, 255); text-decoration-thickness: initial; text-decoration-style: initial; text-decoration-color: initial;"><span style="box-sizing: inherit; font-family: arial, helvetica, sans-serif; font-size: 12pt; color: rgb(0, 0, 0);">One general rule for all pronouns is that a singular noun must be replaced with a singular pronoun. Also, a plural noun must be replaced with a plural pronoun.</span></p><p style="box-sizing: inherit; font-family: SVN-Poppins, sans-serif; font-size: 12px; color: rgba(0, 0, 0, 0.87); font-style: normal; font-variant-ligatures: normal; font-variant-caps: normal; font-weight: 400; letter-spacing: normal; orphans: 2; text-align: start; text-indent: 0px; text-transform: none; widows: 2; word-spacing: 0px; -webkit-text-stroke-width: 0px; white-space: normal; background-color: rgb(255, 255, 255); text-decoration-thickness: initial; text-decoration-style: initial; text-decoration-color: initial;"><span style="box-sizing: inherit; font-family: arial, helvetica, sans-serif; font-size: 12pt; color: rgb(0, 0, 0);"><em style="box-sizing: inherit; font-family: inherit !important; font-size: inherit !important;">Examples:</em></span></p><p style="box-sizing: inherit; font-family: SVN-Poppins, sans-serif; font-size: 12px; color: rgba(0, 0, 0, 0.87); font-style: normal; font-variant-ligatures: normal; font-variant-caps: normal; font-weight: 400; letter-spacing: normal; orphans: 2; text-align: start; text-indent: 0px; text-transform: none; widows: 2; word-spacing: 0px; -webkit-text-stroke-width: 0px; white-space: normal; background-color: rgb(255, 255, 255); text-decoration-thickness: initial; text-decoration-style: initial; text-decoration-color: initial;"><span style="box-sizing: inherit; font-family: arial, helvetica, sans-serif; font-size: 12pt; color: rgb(0, 0, 0);"><strong style="box-sizing: inherit; font-family: inherit !important; font-weight: 700; font-size: inherit !important;"><em style="box-sizing: inherit; font-family: inherit !important; font-size: inherit !important;">I</em></strong>&nbsp;have to do a presentation tomorrow for&nbsp;<strong style="box-sizing: inherit; font-family: inherit !important; font-weight: 700; font-size: inherit !important;"><em style="box-sizing: inherit; font-family: inherit !important; font-size: inherit !important;">my</em></strong>&nbsp;manager.</span></p><p style="box-sizing: inherit; font-family: SVN-Poppins, sans-serif; font-size: 12px; color: rgba(0, 0, 0, 0.87); font-style: normal; font-variant-ligatures: normal; font-variant-caps: normal; font-weight: 400; letter-spacing: normal; orphans: 2; text-align: start; text-indent: 0px; text-transform: none; widows: 2; word-spacing: 0px; -webkit-text-stroke-width: 0px; white-space: normal; background-color: rgb(255, 255, 255); text-decoration-thickness: initial; text-decoration-style: initial; text-decoration-color: initial;"><span style="box-sizing: inherit; font-family: arial, helvetica, sans-serif; font-size: 12pt; color: rgb(0, 0, 0);">The&nbsp;<strong style="box-sizing: inherit; font-family: inherit !important; font-weight: 700; font-size: inherit !important;"><em style="box-sizing: inherit; font-family: inherit !important; font-size: inherit !important;">employees</em></strong>&nbsp;want&nbsp;<strong style="box-sizing: inherit; font-family: inherit !important; font-weight: 700; font-size: inherit !important;"><em style="box-sizing: inherit; font-family: inherit !important; font-size: inherit !important;">their</em></strong>&nbsp;afternoon break to start later.</span></p><p style="box-sizing: inherit; font-family: SVN-Poppins, sans-serif; font-size: 12px; color: rgba(0, 0, 0, 0.87); font-style: normal; font-variant-ligatures: normal; font-variant-caps: normal; font-weight: 400; letter-spacing: normal; orphans: 2; text-align: start; text-indent: 0px; text-transform: none; widows: 2; word-spacing: 0px; -webkit-text-stroke-width: 0px; white-space: normal; background-color: rgb(255, 255, 255); text-decoration-thickness: initial; text-decoration-style: initial; text-decoration-color: initial;"><span style="box-sizing: inherit; font-family: arial, helvetica, sans-serif; font-size: 12pt; color: rgb(0, 0, 0);"><strong style="box-sizing: inherit; font-family: inherit !important; font-weight: 700; font-size: inherit !important;"><u style="box-sizing: inherit; font-family: inherit !important; font-size: inherit !important;">Note:</u></strong>&nbsp;It is important to remember that any word with an&nbsp;<em style="box-sizing: inherit; font-family: inherit !important; font-size: inherit !important;">every</em>, like&nbsp;<em style="box-sizing: inherit; font-family: inherit !important; font-size: inherit !important;">everybody</em>,&nbsp;<em style="box-sizing: inherit; font-family: inherit !important; font-size: inherit !important;">everyone</em>, or&nbsp;<em style="box-sizing: inherit; font-family: inherit !important; font-size: inherit !important;">everything</em>&nbsp;is singular, not plural. Therefore,&nbsp;<em style="box-sizing: inherit; font-family: inherit !important; font-size: inherit !important;">every</em>&nbsp;type words need a singular pronoun like&nbsp;<em style="box-sizing: inherit; font-family: inherit !important; font-size: inherit !important;">his</em>&nbsp;or&nbsp;<em style="box-sizing: inherit; font-family: inherit !important; font-size: inherit !important;">her</em>, and not a plural one like&nbsp;<em style="box-sizing: inherit; font-family: inherit !important; font-size: inherit !important;">their</em>.</span></p><p style="box-sizing: inherit; font-family: SVN-Poppins, sans-serif; font-size: 12px; color: rgba(0, 0, 0, 0.87); font-style: normal; font-variant-ligatures: normal; font-variant-caps: normal; font-weight: 400; letter-spacing: normal; orphans: 2; text-align: start; text-indent: 0px; text-transform: none; widows: 2; word-spacing: 0px; -webkit-text-stroke-width: 0px; white-space: normal; background-color: rgb(255, 255, 255); text-decoration-thickness: initial; text-decoration-style: initial; text-decoration-color: initial;"><span style="box-sizing: inherit; font-family: arial, helvetica, sans-serif; font-size: 12pt; color: rgb(0, 0, 0);">Incorrect: &nbsp;&nbsp;&nbsp;&nbsp;&nbsp;&nbsp;&nbsp;&nbsp;&nbsp;<strong style="box-sizing: inherit; font-family: inherit !important; font-weight: 700; font-size: inherit !important;"><em style="box-sizing: inherit; font-family: inherit !important; font-size: inherit !important;">Everybody</em></strong>&nbsp;needs to hand in&nbsp;<strong style="box-sizing: inherit; font-family: inherit !important; font-weight: 700; font-size: inherit !important;"><em style="box-sizing: inherit; font-family: inherit !important; font-size: inherit !important;">their</em></strong>&nbsp;report to the manager.</span></p><p style="box-sizing: inherit; font-family: SVN-Poppins, sans-serif; font-size: 12px; color: rgba(0, 0, 0, 0.87); font-style: normal; font-variant-ligatures: normal; font-variant-caps: normal; font-weight: 400; letter-spacing: normal; orphans: 2; text-align: start; text-indent: 0px; text-transform: none; widows: 2; word-spacing: 0px; -webkit-text-stroke-width: 0px; white-space: normal; background-color: rgb(255, 255, 255); text-decoration-thickness: initial; text-decoration-style: initial; text-decoration-color: initial;"><span style="box-sizing: inherit; font-family: arial, helvetica, sans-serif; font-size: 12pt; color: rgb(0, 0, 0);">Correct: &nbsp;&nbsp;&nbsp;&nbsp;&nbsp;&nbsp;&nbsp;&nbsp;&nbsp;&nbsp;&nbsp;&nbsp;Everybody&nbsp;needs to hand in&nbsp;<strong style="box-sizing: inherit; font-family: inherit !important; font-weight: 700; font-size: inherit !important;"><em style="box-sizing: inherit; font-family: inherit !important; font-size: inherit !important;">his</em></strong>&nbsp;report to the manager.</span></p><p style="box-sizing: inherit; font-family: SVN-Poppins, sans-serif; font-size: 12px; color: rgba(0, 0, 0, 0.87); font-style: normal; font-variant-ligatures: normal; font-variant-caps: normal; font-weight: 400; letter-spacing: normal; orphans: 2; text-align: start; text-indent: 0px; text-transform: none; widows: 2; word-spacing: 0px; -webkit-text-stroke-width: 0px; white-space: normal; background-color: rgb(255, 255, 255); text-decoration-thickness: initial; text-decoration-style: initial; text-decoration-color: initial;"><span style="box-sizing: inherit; font-family: arial, helvetica, sans-serif; font-size: 12pt; color: rgb(0, 0, 0);">Another general rule is that the pronoun must have the same gender (feminine, masculine or neuter) as the noun it replaces.</span></p><p style="box-sizing: inherit; font-family: SVN-Poppins, sans-serif; font-size: 12px; color: rgba(0, 0, 0, 0.87); font-style: normal; font-variant-ligatures: normal; font-variant-caps: normal; font-weight: 400; letter-spacing: normal; orphans: 2; text-align: start; text-indent: 0px; text-transform: none; widows: 2; word-spacing: 0px; -webkit-text-stroke-width: 0px; white-space: normal; background-color: rgb(255, 255, 255); text-decoration-thickness: initial; text-decoration-style: initial; text-decoration-color: initial;"><span style="box-sizing: inherit; font-family: arial, helvetica, sans-serif; font-size: 12pt; color: rgb(0, 0, 0);"><em style="box-sizing: inherit; font-family: inherit !important; font-size: inherit !important;">Examples:</em></span></p><p style="box-sizing: inherit; font-family: SVN-Poppins, sans-serif; font-size: 12px; color: rgba(0, 0, 0, 0.87); font-style: normal; font-variant-ligatures: normal; font-variant-caps: normal; font-weight: 400; letter-spacing: normal; orphans: 2; text-align: start; text-indent: 0px; text-transform: none; widows: 2; word-spacing: 0px; -webkit-text-stroke-width: 0px; white-space: normal; background-color: rgb(255, 255, 255); text-decoration-thickness: initial; text-decoration-style: initial; text-decoration-color: initial;"><span style="box-sizing: inherit; font-family: arial, helvetica, sans-serif; font-size: 12pt; color: rgb(0, 0, 0);"><strong style="box-sizing: inherit; font-family: inherit !important; font-weight: 700; font-size: inherit !important;"><em style="box-sizing: inherit; font-family: inherit !important; font-size: inherit !important;">Julie</em></strong>&nbsp;wants to upgrade&nbsp;<strong style="box-sizing: inherit; font-family: inherit !important; font-weight: 700; font-size: inherit !important;"><em style="box-sizing: inherit; font-family: inherit !important; font-size: inherit !important;">her</em></strong>&nbsp;computer software.</span></p><p style="box-sizing: inherit; font-family: SVN-Poppins, sans-serif; font-size: 12px; color: rgba(0, 0, 0, 0.87); font-style: normal; font-variant-ligatures: normal; font-variant-caps: normal; font-weight: 400; letter-spacing: normal; orphans: 2; text-align: start; text-indent: 0px; text-transform: none; widows: 2; word-spacing: 0px; -webkit-text-stroke-width: 0px; white-space: normal; background-color: rgb(255, 255, 255); text-decoration-thickness: initial; text-decoration-style: initial; text-decoration-color: initial;"><span style="box-sizing: inherit; font-family: arial, helvetica, sans-serif; font-size: 12pt; color: rgb(0, 0, 0);">The&nbsp;<strong style="box-sizing: inherit; font-family: inherit !important; font-weight: 700; font-size: inherit !important;"><em style="box-sizing: inherit; font-family: inherit !important; font-size: inherit !important;">computer</em></strong>&nbsp;had new software installed on&nbsp;<strong style="box-sizing: inherit; font-family: inherit !important; font-weight: 700; font-size: inherit !important;"><em style="box-sizing: inherit; font-family: inherit !important; font-size: inherit !important;">its</em></strong>&nbsp;hard drive.</span></p>')
INSERT [dbo].[Lessons] ([idLesson], [idCourse], [title], [content]) VALUES (N'fbb34767-d4d2-48ec-887a-1c0ccf8e5b98', N'6e778ced-ec5c-48ef-bfac-56b6cd72175f', N'Part 2: Hỏi-đáp', N'<p style="text-align: center;"><u>chữ gạch dưới</u></p><p style="text-align: center;"><em>chữ nghiêng</em></p><p style="text-align: center;"><strong>chữ đậm</strong></p><p style="text-align: center;"><span style="font-size: 24px;">chữ to</span></p><ul><li><span style="font-size: 24px;">item 1</span></li><li><span style="font-size: 24px;">item 2<br></span><br></li><br></ul><table style="border-collapse: collapse; width: 1009px; height: 80px;"><tbody> <tr> <td style="width: 33.3333%;">header 1</td> <td style="width: 33.3333%;">header 2</td> <td style="width: 33.3333%;">header 3</td></tr> <tr> <td style="width: 33.3333%;">content 1</td> <td style="width: 33.3333%;">content 2</td> <td style="width: 33.3333%;">content 3</td></tr> <tr> <td style="width: 33.3333%;">center content 1</td> <td style="width: 33.3333%;">center content 1<br></td> <td style="width: 33.3333%;">center content 1</td></tr></tbody></table><p>''</p>')
INSERT [dbo].[Lessons] ([idLesson], [idCourse], [title], [content]) VALUES (N'11248ec5-10e5-4a33-b3d1-2743c6b927a2', N'1aeb7d2d-b809-45ae-bff2-83f1c143a2f5', N'ADJECTIVE', N'<p style="box-sizing: inherit; font-family: SVN-Poppins, sans-serif; font-size: 12px; color: rgba(0, 0, 0, 0.87); font-style: normal; font-variant-ligatures: normal; font-variant-caps: normal; font-weight: 400; letter-spacing: normal; orphans: 2; text-indent: 0px; text-transform: none; widows: 2; word-spacing: 0px; -webkit-text-stroke-width: 0px; white-space: normal; background-color: rgb(255, 255, 255); text-decoration-thickness: initial; text-decoration-style: initial; text-decoration-color: initial; text-align: justify; margin-bottom: 11px;"><span style="box-sizing: inherit; font-family: inherit !important; font-size: 16px; color: rgb(0, 0, 0); background-color: rgb(248, 202, 198);"><span style="box-sizing: inherit; font-family: Arial, Helvetica, sans-serif; font-size: inherit !important;"><span style="box-sizing: inherit; font-family: inherit !important; font-size: inherit !important; line-height: 18px;"><strong style="box-sizing: inherit; font-family: inherit !important; font-weight: 700; font-size: inherit !important;">1. Functions of Adjectives</strong></span></span></span></p><p style="box-sizing: inherit; font-family: SVN-Poppins, sans-serif; font-size: 12px; color: rgba(0, 0, 0, 0.87); font-style: normal; font-variant-ligatures: normal; font-variant-caps: normal; font-weight: 400; letter-spacing: normal; orphans: 2; text-indent: 0px; text-transform: none; widows: 2; word-spacing: 0px; -webkit-text-stroke-width: 0px; white-space: normal; background-color: rgb(255, 255, 255); text-decoration-thickness: initial; text-decoration-style: initial; text-decoration-color: initial; text-align: justify; margin-bottom: 11px;"><span style="box-sizing: inherit; font-family: inherit !important; font-size: 16px; color: rgb(0, 0, 0);"><span style="box-sizing: inherit; font-family: Arial, Helvetica, sans-serif; font-size: inherit !important;"><span style="box-sizing: inherit; font-family: inherit !important; font-size: inherit !important; line-height: 18px;"><em style="box-sizing: inherit; font-family: inherit !important; font-size: inherit !important;">Adjectives describe the aspects of nouns. When an adjective is describing a noun, we say it is "modifying" it. Adjectives can:</em></span></span></span></p><p style="box-sizing: inherit; font-family: SVN-Poppins, sans-serif; font-size: 12px; color: rgba(0, 0, 0, 0.87); font-style: normal; font-variant-ligatures: normal; font-variant-caps: normal; font-weight: 400; letter-spacing: normal; orphans: 2; text-indent: 0px; text-transform: none; widows: 2; word-spacing: 0px; -webkit-text-stroke-width: 0px; white-space: normal; background-color: rgb(255, 255, 255); text-decoration-thickness: initial; text-decoration-style: initial; text-decoration-color: initial; text-align: justify; margin-bottom: 11px;"><span style="box-sizing: inherit; font-family: inherit !important; font-size: 16px; color: rgb(0, 0, 0);"><span style="box-sizing: inherit; font-family: Arial, Helvetica, sans-serif; font-size: inherit !important;"><span style="box-sizing: inherit; font-family: inherit !important; font-size: inherit !important; line-height: 18px;"><strong style="box-sizing: inherit; font-family: inherit !important; font-weight: 700; font-size: inherit !important;">- Describe feelings or qualities</strong></span></span></span></p><p style="box-sizing: inherit; font-family: SVN-Poppins, sans-serif; font-size: 12px; color: rgba(0, 0, 0, 0.87); font-style: normal; font-variant-ligatures: normal; font-variant-caps: normal; font-weight: 400; letter-spacing: normal; orphans: 2; text-indent: 0px; text-transform: none; widows: 2; word-spacing: 0px; -webkit-text-stroke-width: 0px; white-space: normal; background-color: rgb(255, 255, 255); text-decoration-thickness: initial; text-decoration-style: initial; text-decoration-color: initial; text-align: justify; margin-bottom: 11px;"><span style="box-sizing: inherit; font-family: inherit !important; font-size: 16px; color: rgb(0, 0, 0);"><span style="box-sizing: inherit; font-family: Arial, Helvetica, sans-serif; font-size: inherit !important;"><span style="box-sizing: inherit; font-family: inherit !important; font-size: inherit !important; line-height: 18px;"><em style="box-sizing: inherit; font-family: inherit !important; font-size: inherit !important;">Examples:</em></span></span></span></p><p style="box-sizing: inherit; font-family: SVN-Poppins, sans-serif; font-size: 12px; color: rgba(0, 0, 0, 0.87); font-style: normal; font-variant-ligatures: normal; font-variant-caps: normal; font-weight: 400; letter-spacing: normal; orphans: 2; text-indent: 0px; text-transform: none; widows: 2; word-spacing: 0px; -webkit-text-stroke-width: 0px; white-space: normal; background-color: rgb(255, 255, 255); text-decoration-thickness: initial; text-decoration-style: initial; text-decoration-color: initial; text-align: justify; margin-bottom: 11px;"><span style="box-sizing: inherit; font-family: inherit !important; font-size: 16px; color: rgb(0, 0, 0);"><span style="box-sizing: inherit; font-family: Arial, Helvetica, sans-serif; font-size: inherit !important;"><span style="box-sizing: inherit; font-family: inherit !important; font-size: inherit !important; line-height: 18px;">He is a<span>&nbsp;</span><strong style="box-sizing: inherit; font-family: inherit !important; font-weight: 700; font-size: inherit !important;">lonely</strong><span>&nbsp;</span>man.</span></span></span></p><p style="box-sizing: inherit; font-family: SVN-Poppins, sans-serif; font-size: 12px; color: rgba(0, 0, 0, 0.87); font-style: normal; font-variant-ligatures: normal; font-variant-caps: normal; font-weight: 400; letter-spacing: normal; orphans: 2; text-indent: 0px; text-transform: none; widows: 2; word-spacing: 0px; -webkit-text-stroke-width: 0px; white-space: normal; background-color: rgb(255, 255, 255); text-decoration-thickness: initial; text-decoration-style: initial; text-decoration-color: initial; text-align: justify; margin-bottom: 11px;"><span style="box-sizing: inherit; font-family: inherit !important; font-size: 16px; color: rgb(0, 0, 0);"><span style="box-sizing: inherit; font-family: Arial, Helvetica, sans-serif; font-size: inherit !important;"><span style="box-sizing: inherit; font-family: inherit !important; font-size: inherit !important; line-height: 18px;">They are<span>&nbsp;</span><strong style="box-sizing: inherit; font-family: inherit !important; font-weight: 700; font-size: inherit !important;">honest</strong>.</span></span></span></p><p style="box-sizing: inherit; font-family: SVN-Poppins, sans-serif; font-size: 12px; color: rgba(0, 0, 0, 0.87); font-style: normal; font-variant-ligatures: normal; font-variant-caps: normal; font-weight: 400; letter-spacing: normal; orphans: 2; text-indent: 0px; text-transform: none; widows: 2; word-spacing: 0px; -webkit-text-stroke-width: 0px; white-space: normal; background-color: rgb(255, 255, 255); text-decoration-thickness: initial; text-decoration-style: initial; text-decoration-color: initial; text-align: justify; margin-bottom: 11px;"><span style="box-sizing: inherit; font-family: inherit !important; font-size: 16px; color: rgb(0, 0, 0);"><span style="box-sizing: inherit; font-family: Arial, Helvetica, sans-serif; font-size: inherit !important;"><span style="box-sizing: inherit; font-family: inherit !important; font-size: inherit !important; line-height: 18px;"><strong style="box-sizing: inherit; font-family: inherit !important; font-weight: 700; font-size: inherit !important;">- Give nationality or origin</strong></span></span></span></p><p style="box-sizing: inherit; font-family: SVN-Poppins, sans-serif; font-size: 12px; color: rgba(0, 0, 0, 0.87); font-style: normal; font-variant-ligatures: normal; font-variant-caps: normal; font-weight: 400; letter-spacing: normal; orphans: 2; text-indent: 0px; text-transform: none; widows: 2; word-spacing: 0px; -webkit-text-stroke-width: 0px; white-space: normal; background-color: rgb(255, 255, 255); text-decoration-thickness: initial; text-decoration-style: initial; text-decoration-color: initial; text-align: justify; margin-bottom: 11px;"><span style="box-sizing: inherit; font-family: inherit !important; font-size: 16px; color: rgb(0, 0, 0);"><span style="box-sizing: inherit; font-family: Arial, Helvetica, sans-serif; font-size: inherit !important;"><span style="box-sizing: inherit; font-family: inherit !important; font-size: inherit !important; line-height: 18px;"><em style="box-sizing: inherit; font-family: inherit !important; font-size: inherit !important;">Examples:</em></span></span></span></p><p style="box-sizing: inherit; font-family: SVN-Poppins, sans-serif; font-size: 12px; color: rgba(0, 0, 0, 0.87); font-style: normal; font-variant-ligatures: normal; font-variant-caps: normal; font-weight: 400; letter-spacing: normal; orphans: 2; text-indent: 0px; text-transform: none; widows: 2; word-spacing: 0px; -webkit-text-stroke-width: 0px; white-space: normal; background-color: rgb(255, 255, 255); text-decoration-thickness: initial; text-decoration-style: initial; text-decoration-color: initial; text-align: justify; margin-bottom: 11px;"><span style="box-sizing: inherit; font-family: inherit !important; font-size: 16px; color: rgb(0, 0, 0);"><span style="box-sizing: inherit; font-family: Arial, Helvetica, sans-serif; font-size: inherit !important;"><span style="box-sizing: inherit; font-family: inherit !important; font-size: inherit !important; line-height: 18px;">I heard a<span>&nbsp;</span><strong style="box-sizing: inherit; font-family: inherit !important; font-weight: 700; font-size: inherit !important;">French</strong><span>&nbsp;</span>song.</span></span></span></p><p style="box-sizing: inherit; font-family: SVN-Poppins, sans-serif; font-size: 12px; color: rgba(0, 0, 0, 0.87); font-style: normal; font-variant-ligatures: normal; font-variant-caps: normal; font-weight: 400; letter-spacing: normal; orphans: 2; text-indent: 0px; text-transform: none; widows: 2; word-spacing: 0px; -webkit-text-stroke-width: 0px; white-space: normal; background-color: rgb(255, 255, 255); text-decoration-thickness: initial; text-decoration-style: initial; text-decoration-color: initial; text-align: justify; margin-bottom: 11px;"><span style="box-sizing: inherit; font-family: inherit !important; font-size: 16px; color: rgb(0, 0, 0);"><span style="box-sizing: inherit; font-family: Arial, Helvetica, sans-serif; font-size: inherit !important;"><span style="box-sizing: inherit; font-family: inherit !important; font-size: inherit !important; line-height: 18px;">This clock is<span>&nbsp;</span><strong style="box-sizing: inherit; font-family: inherit !important; font-weight: 700; font-size: inherit !important;">German</strong>.</span></span></span></p><p style="box-sizing: inherit; font-family: SVN-Poppins, sans-serif; font-size: 12px; color: rgba(0, 0, 0, 0.87); font-style: normal; font-variant-ligatures: normal; font-variant-caps: normal; font-weight: 400; letter-spacing: normal; orphans: 2; text-indent: 0px; text-transform: none; widows: 2; word-spacing: 0px; -webkit-text-stroke-width: 0px; white-space: normal; background-color: rgb(255, 255, 255); text-decoration-thickness: initial; text-decoration-style: initial; text-decoration-color: initial; text-align: justify; margin-bottom: 11px;"><span style="box-sizing: inherit; font-family: inherit !important; font-size: 16px; color: rgb(0, 0, 0);"><span style="box-sizing: inherit; font-family: Arial, Helvetica, sans-serif; font-size: inherit !important;"><span style="box-sizing: inherit; font-family: inherit !important; font-size: inherit !important; line-height: 18px;">Our house is<span>&nbsp;</span><strong style="box-sizing: inherit; font-family: inherit !important; font-weight: 700; font-size: inherit !important;">Victorian</strong>.</span></span></span></p><p style="box-sizing: inherit; font-family: SVN-Poppins, sans-serif; font-size: 12px; color: rgba(0, 0, 0, 0.87); font-style: normal; font-variant-ligatures: normal; font-variant-caps: normal; font-weight: 400; letter-spacing: normal; orphans: 2; text-indent: 0px; text-transform: none; widows: 2; word-spacing: 0px; -webkit-text-stroke-width: 0px; white-space: normal; background-color: rgb(255, 255, 255); text-decoration-thickness: initial; text-decoration-style: initial; text-decoration-color: initial; text-align: justify; margin-bottom: 11px;"><span style="box-sizing: inherit; font-family: inherit !important; font-size: 16px; color: rgb(0, 0, 0);"><span style="box-sizing: inherit; font-family: Arial, Helvetica, sans-serif; font-size: inherit !important;"><span style="box-sizing: inherit; font-family: inherit !important; font-size: inherit !important; line-height: 18px;"><strong style="box-sizing: inherit; font-family: inherit !important; font-weight: 700; font-size: inherit !important;">- Tell more about a thing''s characteristics</strong></span></span></span></p><p style="box-sizing: inherit; font-family: SVN-Poppins, sans-serif; font-size: 12px; color: rgba(0, 0, 0, 0.87); font-style: normal; font-variant-ligatures: normal; font-variant-caps: normal; font-weight: 400; letter-spacing: normal; orphans: 2; text-indent: 0px; text-transform: none; widows: 2; word-spacing: 0px; -webkit-text-stroke-width: 0px; white-space: normal; background-color: rgb(255, 255, 255); text-decoration-thickness: initial; text-decoration-style: initial; text-decoration-color: initial; text-align: justify; margin-bottom: 11px;"><span style="box-sizing: inherit; font-family: inherit !important; font-size: 16px; color: rgb(0, 0, 0);"><span style="box-sizing: inherit; font-family: Arial, Helvetica, sans-serif; font-size: inherit !important;"><span style="box-sizing: inherit; font-family: inherit !important; font-size: inherit !important; line-height: 18px;"><em style="box-sizing: inherit; font-family: inherit !important; font-size: inherit !important;">Examples:</em></span></span></span></p><p style="box-sizing: inherit; font-family: SVN-Poppins, sans-serif; font-size: 12px; color: rgba(0, 0, 0, 0.87); font-style: normal; font-variant-ligatures: normal; font-variant-caps: normal; font-weight: 400; letter-spacing: normal; orphans: 2; text-indent: 0px; text-transform: none; widows: 2; word-spacing: 0px; -webkit-text-stroke-width: 0px; white-space: normal; background-color: rgb(255, 255, 255); text-decoration-thickness: initial; text-decoration-style: initial; text-decoration-color: initial; text-align: justify; margin-bottom: 11px;"><span style="box-sizing: inherit; font-family: inherit !important; font-size: 16px; color: rgb(0, 0, 0);"><span style="box-sizing: inherit; font-family: Arial, Helvetica, sans-serif; font-size: inherit !important;"><span style="box-sizing: inherit; font-family: inherit !important; font-size: inherit !important; line-height: 18px;">That is a<span>&nbsp;</span><strong style="box-sizing: inherit; font-family: inherit !important; font-weight: 700; font-size: inherit !important;">flashy</strong><span>&nbsp;</span>car.</span></span></span></p><p style="box-sizing: inherit; font-family: SVN-Poppins, sans-serif; font-size: 12px; color: rgba(0, 0, 0, 0.87); font-style: normal; font-variant-ligatures: normal; font-variant-caps: normal; font-weight: 400; letter-spacing: normal; orphans: 2; text-indent: 0px; text-transform: none; widows: 2; word-spacing: 0px; -webkit-text-stroke-width: 0px; white-space: normal; background-color: rgb(255, 255, 255); text-decoration-thickness: initial; text-decoration-style: initial; text-decoration-color: initial; text-align: justify; margin-bottom: 11px;"><span style="box-sizing: inherit; font-family: inherit !important; font-size: 16px; color: rgb(0, 0, 0);"><span style="box-sizing: inherit; font-family: Arial, Helvetica, sans-serif; font-size: inherit !important;"><span style="box-sizing: inherit; font-family: inherit !important; font-size: inherit !important; line-height: 18px;">The knife is<span>&nbsp;</span><strong style="box-sizing: inherit; font-family: inherit !important; font-weight: 700; font-size: inherit !important;">sharp</strong>.</span></span></span></p><p style="box-sizing: inherit; font-family: SVN-Poppins, sans-serif; font-size: 12px; color: rgba(0, 0, 0, 0.87); font-style: normal; font-variant-ligatures: normal; font-variant-caps: normal; font-weight: 400; letter-spacing: normal; orphans: 2; text-indent: 0px; text-transform: none; widows: 2; word-spacing: 0px; -webkit-text-stroke-width: 0px; white-space: normal; background-color: rgb(255, 255, 255); text-decoration-thickness: initial; text-decoration-style: initial; text-decoration-color: initial; text-align: justify; margin-bottom: 11px;"><span style="box-sizing: inherit; font-family: inherit !important; font-size: 16px; color: rgb(0, 0, 0);"><span style="box-sizing: inherit; font-family: Arial, Helvetica, sans-serif; font-size: inherit !important;"><span style="box-sizing: inherit; font-family: inherit !important; font-size: inherit !important; line-height: 18px;"><strong style="box-sizing: inherit; font-family: inherit !important; font-weight: 700; font-size: inherit !important;">- Tell us about age</strong></span></span></span></p><p style="box-sizing: inherit; font-family: SVN-Poppins, sans-serif; font-size: 12px; color: rgba(0, 0, 0, 0.87); font-style: normal; font-variant-ligatures: normal; font-variant-caps: normal; font-weight: 400; letter-spacing: normal; orphans: 2; text-indent: 0px; text-transform: none; widows: 2; word-spacing: 0px; -webkit-text-stroke-width: 0px; white-space: normal; background-color: rgb(255, 255, 255); text-decoration-thickness: initial; text-decoration-style: initial; text-decoration-color: initial; text-align: justify; margin-bottom: 11px;"><span style="box-sizing: inherit; font-family: inherit !important; font-size: 16px; color: rgb(0, 0, 0);"><span style="box-sizing: inherit; font-family: Arial, Helvetica, sans-serif; font-size: inherit !important;"><span style="box-sizing: inherit; font-family: inherit !important; font-size: inherit !important; line-height: 18px;"><em style="box-sizing: inherit; font-family: inherit !important; font-size: inherit !important;">Examples:</em></span></span></span></p><p style="box-sizing: inherit; font-family: SVN-Poppins, sans-serif; font-size: 12px; color: rgba(0, 0, 0, 0.87); font-style: normal; font-variant-ligatures: normal; font-variant-caps: normal; font-weight: 400; letter-spacing: normal; orphans: 2; text-indent: 0px; text-transform: none; widows: 2; word-spacing: 0px; -webkit-text-stroke-width: 0px; white-space: normal; background-color: rgb(255, 255, 255); text-decoration-thickness: initial; text-decoration-style: initial; text-decoration-color: initial; text-align: justify; margin-bottom: 11px;"><span style="box-sizing: inherit; font-family: inherit !important; font-size: 16px; color: rgb(0, 0, 0);"><span style="box-sizing: inherit; font-family: Arial, Helvetica, sans-serif; font-size: inherit !important;"><span style="box-sizing: inherit; font-family: inherit !important; font-size: inherit !important; line-height: 18px;">He''s a<span>&nbsp;</span><strong style="box-sizing: inherit; font-family: inherit !important; font-weight: 700; font-size: inherit !important;">young</strong><span>&nbsp;</span>man.</span></span></span></p><p style="box-sizing: inherit; font-family: SVN-Poppins, sans-serif; font-size: 12px; color: rgba(0, 0, 0, 0.87); font-style: normal; font-variant-ligatures: normal; font-variant-caps: normal; font-weight: 400; letter-spacing: normal; orphans: 2; text-indent: 0px; text-transform: none; widows: 2; word-spacing: 0px; -webkit-text-stroke-width: 0px; white-space: normal; background-color: rgb(255, 255, 255); text-decoration-thickness: initial; text-decoration-style: initial; text-decoration-color: initial; text-align: justify; margin-bottom: 11px;"><span style="box-sizing: inherit; font-family: inherit !important; font-size: 16px; color: rgb(0, 0, 0);"><span style="box-sizing: inherit; font-family: Arial, Helvetica, sans-serif; font-size: inherit !important;"><span style="box-sizing: inherit; font-family: inherit !important; font-size: inherit !important; line-height: 18px;">My coat is<span>&nbsp;</span><strong style="box-sizing: inherit; font-family: inherit !important; font-weight: 700; font-size: inherit !important;">old</strong>.</span></span></span></p><p style="box-sizing: inherit; font-family: SVN-Poppins, sans-serif; font-size: 12px; color: rgba(0, 0, 0, 0.87); font-style: normal; font-variant-ligatures: normal; font-variant-caps: normal; font-weight: 400; letter-spacing: normal; orphans: 2; text-indent: 0px; text-transform: none; widows: 2; word-spacing: 0px; -webkit-text-stroke-width: 0px; white-space: normal; background-color: rgb(255, 255, 255); text-decoration-thickness: initial; text-decoration-style: initial; text-decoration-color: initial; text-align: justify; margin-bottom: 11px;"><span style="box-sizing: inherit; font-family: inherit !important; font-size: 16px; color: rgb(0, 0, 0);"><span style="box-sizing: inherit; font-family: Arial, Helvetica, sans-serif; font-size: inherit !important;"><span style="box-sizing: inherit; font-family: inherit !important; font-size: inherit !important; line-height: 18px;"><strong style="box-sizing: inherit; font-family: inherit !important; font-weight: 700; font-size: inherit !important;">- Tell us about size and measurement</strong></span></span></span></p><p style="box-sizing: inherit; font-family: SVN-Poppins, sans-serif; font-size: 12px; color: rgba(0, 0, 0, 0.87); font-style: normal; font-variant-ligatures: normal; font-variant-caps: normal; font-weight: 400; letter-spacing: normal; orphans: 2; text-indent: 0px; text-transform: none; widows: 2; word-spacing: 0px; -webkit-text-stroke-width: 0px; white-space: normal; background-color: rgb(255, 255, 255); text-decoration-thickness: initial; text-decoration-style: initial; text-decoration-color: initial; text-align: justify; margin-bottom: 11px;"><span style="box-sizing: inherit; font-family: inherit !important; font-size: 16px; color: rgb(0, 0, 0);"><span style="box-sizing: inherit; font-family: Arial, Helvetica, sans-serif; font-size: inherit !important;"><span style="box-sizing: inherit; font-family: inherit !important; font-size: inherit !important; line-height: 18px;"><em style="box-sizing: inherit; font-family: inherit !important; font-size: inherit !important;">Examples:</em></span></span></span></p><p style="box-sizing: inherit; font-family: SVN-Poppins, sans-serif; font-size: 12px; color: rgba(0, 0, 0, 0.87); font-style: normal; font-variant-ligatures: normal; font-variant-caps: normal; font-weight: 400; letter-spacing: normal; orphans: 2; text-indent: 0px; text-transform: none; widows: 2; word-spacing: 0px; -webkit-text-stroke-width: 0px; white-space: normal; background-color: rgb(255, 255, 255); text-decoration-thickness: initial; text-decoration-style: initial; text-decoration-color: initial; text-align: justify; margin-bottom: 11px;"><span style="box-sizing: inherit; font-family: inherit !important; font-size: 16px; color: rgb(0, 0, 0);"><span style="box-sizing: inherit; font-family: Arial, Helvetica, sans-serif; font-size: inherit !important;"><span style="box-sizing: inherit; font-family: inherit !important; font-size: inherit !important; line-height: 18px;">John is a<span>&nbsp;</span><strong style="box-sizing: inherit; font-family: inherit !important; font-weight: 700; font-size: inherit !important;">tall</strong><span>&nbsp;</span>man.</span></span></span></p><p style="box-sizing: inherit; font-family: SVN-Poppins, sans-serif; font-size: 12px; color: rgba(0, 0, 0, 0.87); font-style: normal; font-variant-ligatures: normal; font-variant-caps: normal; font-weight: 400; letter-spacing: normal; orphans: 2; text-indent: 0px; text-transform: none; widows: 2; word-spacing: 0px; -webkit-text-stroke-width: 0px; white-space: normal; background-color: rgb(255, 255, 255); text-decoration-thickness: initial; text-decoration-style: initial; text-decoration-color: initial; text-align: justify; margin-bottom: 11px;"><span style="box-sizing: inherit; font-family: inherit !important; font-size: 16px; color: rgb(0, 0, 0);"><span style="box-sizing: inherit; font-family: Arial, Helvetica, sans-serif; font-size: inherit !important;"><span style="box-sizing: inherit; font-family: inherit !important; font-size: inherit !important; line-height: 18px;">This film is<span>&nbsp;</span><strong style="box-sizing: inherit; font-family: inherit !important; font-weight: 700; font-size: inherit !important;">long</strong>.</span></span></span></p><p style="box-sizing: inherit; font-family: SVN-Poppins, sans-serif; font-size: 12px; color: rgba(0, 0, 0, 0.87); font-style: normal; font-variant-ligatures: normal; font-variant-caps: normal; font-weight: 400; letter-spacing: normal; orphans: 2; text-indent: 0px; text-transform: none; widows: 2; word-spacing: 0px; -webkit-text-stroke-width: 0px; white-space: normal; background-color: rgb(255, 255, 255); text-decoration-thickness: initial; text-decoration-style: initial; text-decoration-color: initial; text-align: justify; margin-bottom: 11px;"><span style="box-sizing: inherit; font-family: inherit !important; font-size: 16px; color: rgb(0, 0, 0);"><span style="box-sizing: inherit; font-family: Arial, Helvetica, sans-serif; font-size: inherit !important;"><span style="box-sizing: inherit; font-family: inherit !important; font-size: inherit !important; line-height: 18px;"><strong style="box-sizing: inherit; font-family: inherit !important; font-weight: 700; font-size: inherit !important;">- Tell us about colour</strong></span></span></span></p><p style="box-sizing: inherit; font-family: SVN-Poppins, sans-serif; font-size: 12px; color: rgba(0, 0, 0, 0.87); font-style: normal; font-variant-ligatures: normal; font-variant-caps: normal; font-weight: 400; letter-spacing: normal; orphans: 2; text-indent: 0px; text-transform: none; widows: 2; word-spacing: 0px; -webkit-text-stroke-width: 0px; white-space: normal; background-color: rgb(255, 255, 255); text-decoration-thickness: initial; text-decoration-style: initial; text-decoration-color: initial; text-align: justify; margin-bottom: 11px;"><span style="box-sizing: inherit; font-family: inherit !important; font-size: 16px; color: rgb(0, 0, 0);"><span style="box-sizing: inherit; font-family: Arial, Helvetica, sans-serif; font-size: inherit !important;"><span style="box-sizing: inherit; font-family: inherit !important; font-size: inherit !important; line-height: 18px;"><em style="box-sizing: inherit; font-family: inherit !important; font-size: inherit !important;">Examples:</em></span></span></span></p><p style="box-sizing: inherit; font-family: SVN-Poppins, sans-serif; font-size: 12px; color: rgba(0, 0, 0, 0.87); font-style: normal; font-variant-ligatures: normal; font-variant-caps: normal; font-weight: 400; letter-spacing: normal; orphans: 2; text-indent: 0px; text-transform: none; widows: 2; word-spacing: 0px; -webkit-text-stroke-width: 0px; white-space: normal; background-color: rgb(255, 255, 255); text-decoration-thickness: initial; text-decoration-style: initial; text-decoration-color: initial; text-align: justify; margin-bottom: 11px;"><span style="box-sizing: inherit; font-family: inherit !important; font-size: 16px; color: rgb(0, 0, 0);"><span style="box-sizing: inherit; font-family: Arial, Helvetica, sans-serif; font-size: inherit !important;"><span style="box-sizing: inherit; font-family: inherit !important; font-size: inherit !important; line-height: 18px;">Paul wore a<span>&nbsp;</span><strong style="box-sizing: inherit; font-family: inherit !important; font-weight: 700; font-size: inherit !important;">red</strong><span>&nbsp;</span>shirt.</span></span></span></p><p style="box-sizing: inherit; font-family: SVN-Poppins, sans-serif; font-size: 12px; color: rgba(0, 0, 0, 0.87); font-style: normal; font-variant-ligatures: normal; font-variant-caps: normal; font-weight: 400; letter-spacing: normal; orphans: 2; text-indent: 0px; text-transform: none; widows: 2; word-spacing: 0px; -webkit-text-stroke-width: 0px; white-space: normal; background-color: rgb(255, 255, 255); text-decoration-thickness: initial; text-decoration-style: initial; text-decoration-color: initial; text-align: justify; margin-bottom: 11px;"><span style="box-sizing: inherit; font-family: inherit !important; font-size: 16px; color: rgb(0, 0, 0);"><span style="box-sizing: inherit; font-family: Arial, Helvetica, sans-serif; font-size: inherit !important;"><span style="box-sizing: inherit; font-family: inherit !important; font-size: inherit !important; line-height: 18px;">The sunset was<span>&nbsp;</span><strong style="box-sizing: inherit; font-family: inherit !important; font-weight: 700; font-size: inherit !important;">crimson</strong>.</span></span></span></p><p style="box-sizing: inherit; font-family: SVN-Poppins, sans-serif; font-size: 12px; color: rgba(0, 0, 0, 0.87); font-style: normal; font-variant-ligatures: normal; font-variant-caps: normal; font-weight: 400; letter-spacing: normal; orphans: 2; text-indent: 0px; text-transform: none; widows: 2; word-spacing: 0px; -webkit-text-stroke-width: 0px; white-space: normal; background-color: rgb(255, 255, 255); text-decoration-thickness: initial; text-decoration-style: initial; text-decoration-color: initial; text-align: justify; margin-bottom: 11px;"><span style="box-sizing: inherit; font-family: inherit !important; font-size: 16px; color: rgb(0, 0, 0);"><span style="box-sizing: inherit; font-family: Arial, Helvetica, sans-serif; font-size: inherit !important;"><span style="box-sizing: inherit; font-family: inherit !important; font-size: inherit !important; line-height: 18px;"><strong style="box-sizing: inherit; font-family: inherit !important; font-weight: 700; font-size: inherit !important;">- Tell us what something is made of</strong></span></span></span></p><p style="box-sizing: inherit; font-family: SVN-Poppins, sans-serif; font-size: 12px; color: rgba(0, 0, 0, 0.87); font-style: normal; font-variant-ligatures: normal; font-variant-caps: normal; font-weight: 400; letter-spacing: normal; orphans: 2; text-indent: 0px; text-transform: none; widows: 2; word-spacing: 0px; -webkit-text-stroke-width: 0px; white-space: normal; background-color: rgb(255, 255, 255); text-decoration-thickness: initial; text-decoration-style: initial; text-decoration-color: initial; text-align: justify; margin-bottom: 11px;"><span style="box-sizing: inherit; font-family: inherit !important; font-size: 16px; color: rgb(0, 0, 0);"><span style="box-sizing: inherit; font-family: Arial, Helvetica, sans-serif; font-size: inherit !important;"><span style="box-sizing: inherit; font-family: inherit !important; font-size: inherit !important; line-height: 18px;"><em style="box-sizing: inherit; font-family: inherit !important; font-size: inherit !important;">Examples:</em></span></span></span></p><p style="box-sizing: inherit; font-family: SVN-Poppins, sans-serif; font-size: 12px; color: rgba(0, 0, 0, 0.87); font-style: normal; font-variant-ligatures: normal; font-variant-caps: normal; font-weight: 400; letter-spacing: normal; orphans: 2; text-indent: 0px; text-transform: none; widows: 2; word-spacing: 0px; -webkit-text-stroke-width: 0px; white-space: normal; background-color: rgb(255, 255, 255); text-decoration-thickness: initial; text-decoration-style: initial; text-decoration-color: initial; text-align: justify; margin-bottom: 11px;"><span style="box-sizing: inherit; font-family: inherit !important; font-size: 16px; color: rgb(0, 0, 0);"><span style="box-sizing: inherit; font-family: Arial, Helvetica, sans-serif; font-size: inherit !important;"><span style="box-sizing: inherit; font-family: inherit !important; font-size: inherit !important; line-height: 18px;">The table is<span>&nbsp;</span><strong style="box-sizing: inherit; font-family: inherit !important; font-weight: 700; font-size: inherit !important;">wooden</strong>.</span></span></span></p><p style="box-sizing: inherit; font-family: SVN-Poppins, sans-serif; font-size: 12px; color: rgba(0, 0, 0, 0.87); font-style: normal; font-variant-ligatures: normal; font-variant-caps: normal; font-weight: 400; letter-spacing: normal; orphans: 2; text-indent: 0px; text-transform: none; widows: 2; word-spacing: 0px; -webkit-text-stroke-width: 0px; white-space: normal; background-color: rgb(255, 255, 255); text-decoration-thickness: initial; text-decoration-style: initial; text-decoration-color: initial; text-align: justify; margin-bottom: 11px;"><span style="box-sizing: inherit; font-family: inherit !important; font-size: 16px; color: rgb(0, 0, 0);"><span style="box-sizing: inherit; font-family: Arial, Helvetica, sans-serif; font-size: inherit !important;"><span style="box-sizing: inherit; font-family: inherit !important; font-size: inherit !important; line-height: 18px;">She wore a<span>&nbsp;</span><strong style="box-sizing: inherit; font-family: inherit !important; font-weight: 700; font-size: inherit !important;">cotton</strong><span>&nbsp;</span>dress.</span></span></span></p><p style="box-sizing: inherit; font-family: SVN-Poppins, sans-serif; font-size: 12px; color: rgba(0, 0, 0, 0.87); font-style: normal; font-variant-ligatures: normal; font-variant-caps: normal; font-weight: 400; letter-spacing: normal; orphans: 2; text-indent: 0px; text-transform: none; widows: 2; word-spacing: 0px; -webkit-text-stroke-width: 0px; white-space: normal; background-color: rgb(255, 255, 255); text-decoration-thickness: initial; text-decoration-style: initial; text-decoration-color: initial; text-align: justify; margin-bottom: 11px;"><span style="box-sizing: inherit; font-family: inherit !important; font-size: 16px; color: rgb(0, 0, 0);"><span style="box-sizing: inherit; font-family: Arial, Helvetica, sans-serif; font-size: inherit !important;"><span style="box-sizing: inherit; font-family: inherit !important; font-size: inherit !important; line-height: 18px;"><strong style="box-sizing: inherit; font-family: inherit !important; font-weight: 700; font-size: inherit !important;">- Tell us about shape</strong></span></span></span></p><p style="box-sizing: inherit; font-family: SVN-Poppins, sans-serif; font-size: 12px; color: rgba(0, 0, 0, 0.87); font-style: normal; font-variant-ligatures: normal; font-variant-caps: normal; font-weight: 400; letter-spacing: normal; orphans: 2; text-indent: 0px; text-transform: none; widows: 2; word-spacing: 0px; -webkit-text-stroke-width: 0px; white-space: normal; background-color: rgb(255, 255, 255); text-decoration-thickness: initial; text-decoration-style: initial; text-decoration-color: initial; text-align: justify; margin-bottom: 11px;"><span style="box-sizing: inherit; font-family: inherit !important; font-size: 16px; color: rgb(0, 0, 0);"><span style="box-sizing: inherit; font-family: Arial, Helvetica, sans-serif; font-size: inherit !important;"><span style="box-sizing: inherit; font-family: inherit !important; font-size: inherit !important; line-height: 18px;"><em style="box-sizing: inherit; font-family: inherit !important; font-size: inherit !important;">Examples:</em></span></span></span></p><p style="box-sizing: inherit; font-family: SVN-Poppins, sans-serif; font-size: 12px; color: rgba(0, 0, 0, 0.87); font-style: normal; font-variant-ligatures: normal; font-variant-caps: normal; font-weight: 400; letter-spacing: normal; orphans: 2; text-indent: 0px; text-transform: none; widows: 2; word-spacing: 0px; -webkit-text-stroke-width: 0px; white-space: normal; background-color: rgb(255, 255, 255); text-decoration-thickness: initial; text-decoration-style: initial; text-decoration-color: initial; text-align: justify; margin-bottom: 11px;"><span style="box-sizing: inherit; font-family: inherit !important; font-size: 16px; color: rgb(0, 0, 0);"><span style="box-sizing: inherit; font-family: Arial, Helvetica, sans-serif; font-size: inherit !important;"><span style="box-sizing: inherit; font-family: inherit !important; font-size: inherit !important; line-height: 18px;">I sat at a<span>&nbsp;</span><strong style="box-sizing: inherit; font-family: inherit !important; font-weight: 700; font-size: inherit !important;">round</strong><span>&nbsp;</span>table.</span></span></span></p><p style="box-sizing: inherit; font-family: SVN-Poppins, sans-serif; font-size: 12px; color: rgba(0, 0, 0, 0.87); font-style: normal; font-variant-ligatures: normal; font-variant-caps: normal; font-weight: 400; letter-spacing: normal; orphans: 2; text-indent: 0px; text-transform: none; widows: 2; word-spacing: 0px; -webkit-text-stroke-width: 0px; white-space: normal; background-color: rgb(255, 255, 255); text-decoration-thickness: initial; text-decoration-style: initial; text-decoration-color: initial; text-align: justify; margin-bottom: 11px;"><span style="box-sizing: inherit; font-family: inherit !important; font-size: 16px; color: rgb(0, 0, 0);"><span style="box-sizing: inherit; font-family: Arial, Helvetica, sans-serif; font-size: inherit !important;"><span style="box-sizing: inherit; font-family: inherit !important; font-size: inherit !important; line-height: 18px;">The envelope is<span>&nbsp;</span><strong style="box-sizing: inherit; font-family: inherit !important; font-weight: 700; font-size: inherit !important;">square</strong>.</span></span></span></p><p style="box-sizing: inherit; font-family: SVN-Poppins, sans-serif; font-size: 12px; color: rgba(0, 0, 0, 0.87); font-style: normal; font-variant-ligatures: normal; font-variant-caps: normal; font-weight: 400; letter-spacing: normal; orphans: 2; text-indent: 0px; text-transform: none; widows: 2; word-spacing: 0px; -webkit-text-stroke-width: 0px; white-space: normal; background-color: rgb(255, 255, 255); text-decoration-thickness: initial; text-decoration-style: initial; text-decoration-color: initial; text-align: justify; margin-bottom: 11px;"><span style="box-sizing: inherit; font-family: inherit !important; font-size: 16px; color: rgb(0, 0, 0);"><span style="box-sizing: inherit; font-family: Arial, Helvetica, sans-serif; font-size: inherit !important;"><span style="box-sizing: inherit; font-family: inherit !important; font-size: inherit !important; line-height: 18px;"><strong style="box-sizing: inherit; font-family: inherit !important; font-weight: 700; font-size: inherit !important;">- Express a judgement or a value</strong></span></span></span></p><p style="box-sizing: inherit; font-family: SVN-Poppins, sans-serif; font-size: 12px; color: rgba(0, 0, 0, 0.87); font-style: normal; font-variant-ligatures: normal; font-variant-caps: normal; font-weight: 400; letter-spacing: normal; orphans: 2; text-indent: 0px; text-transform: none; widows: 2; word-spacing: 0px; -webkit-text-stroke-width: 0px; white-space: normal; background-color: rgb(255, 255, 255); text-decoration-thickness: initial; text-decoration-style: initial; text-decoration-color: initial; text-align: justify; margin-bottom: 11px;"><span style="box-sizing: inherit; font-family: inherit !important; font-size: 16px; color: rgb(0, 0, 0);"><span style="box-sizing: inherit; font-family: Arial, Helvetica, sans-serif; font-size: inherit !important;"><span style="box-sizing: inherit; font-family: inherit !important; font-size: inherit !important; line-height: 18px;"><em style="box-sizing: inherit; font-family: inherit !important; font-size: inherit !important;">Examples:</em></span></span></span></p><p style="box-sizing: inherit; font-family: SVN-Poppins, sans-serif; font-size: 12px; color: rgba(0, 0, 0, 0.87); font-style: normal; font-variant-ligatures: normal; font-variant-caps: normal; font-weight: 400; letter-spacing: normal; orphans: 2; text-indent: 0px; text-transform: none; widows: 2; word-spacing: 0px; -webkit-text-stroke-width: 0px; white-space: normal; background-color: rgb(255, 255, 255); text-decoration-thickness: initial; text-decoration-style: initial; text-decoration-color: initial; text-align: justify; margin-bottom: 11px;"><span style="box-sizing: inherit; font-family: inherit !important; font-size: 16px; color: rgb(0, 0, 0);"><span style="box-sizing: inherit; font-family: Arial, Helvetica, sans-serif; font-size: inherit !important;"><span style="box-sizing: inherit; font-family: inherit !important; font-size: inherit !important; line-height: 18px;">That was a<span>&nbsp;</span><strong style="box-sizing: inherit; font-family: inherit !important; font-weight: 700; font-size: inherit !important;">fantastic</strong><span>&nbsp;</span>film.</span></span></span></p><p style="box-sizing: inherit; font-family: SVN-Poppins, sans-serif; font-size: 12px; color: rgba(0, 0, 0, 0.87); font-style: normal; font-variant-ligatures: normal; font-variant-caps: normal; font-weight: 400; letter-spacing: normal; orphans: 2; text-indent: 0px; text-transform: none; widows: 2; word-spacing: 0px; -webkit-text-stroke-width: 0px; white-space: normal; background-color: rgb(255, 255, 255); text-decoration-thickness: initial; text-decoration-style: initial; text-decoration-color: initial; text-align: justify; margin-bottom: 11px;"><span style="box-sizing: inherit; font-family: inherit !important; font-size: 16px; color: rgb(0, 0, 0);"><span style="box-sizing: inherit; font-family: Arial, Helvetica, sans-serif; font-size: inherit !important;"><span style="box-sizing: inherit; font-family: inherit !important; font-size: inherit !important; line-height: 18px;">Grammar is<span>&nbsp;</span><strong style="box-sizing: inherit; font-family: inherit !important; font-weight: 700; font-size: inherit !important;">complicated</strong>.</span></span></span></p><p style="box-sizing: inherit; font-family: SVN-Poppins, sans-serif; font-size: 12px; color: rgba(0, 0, 0, 0.87); font-style: normal; font-variant-ligatures: normal; font-variant-caps: normal; font-weight: 400; letter-spacing: normal; orphans: 2; text-indent: 0px; text-transform: none; widows: 2; word-spacing: 0px; -webkit-text-stroke-width: 0px; white-space: normal; background-color: rgb(255, 255, 255); text-decoration-thickness: initial; text-decoration-style: initial; text-decoration-color: initial; text-align: justify; margin-bottom: 11px;">&nbsp;</p><p style="box-sizing: inherit; font-family: SVN-Poppins, sans-serif; font-size: 12px; color: rgba(0, 0, 0, 0.87); font-style: normal; font-variant-ligatures: normal; font-variant-caps: normal; font-weight: 400; letter-spacing: normal; orphans: 2; text-indent: 0px; text-transform: none; widows: 2; word-spacing: 0px; -webkit-text-stroke-width: 0px; white-space: normal; background-color: rgb(255, 255, 255); text-decoration-thickness: initial; text-decoration-style: initial; text-decoration-color: initial; text-align: justify; margin-bottom: 11px;"><span style="box-sizing: inherit; font-family: inherit !important; font-size: 16px; color: rgb(0, 0, 0); background-color: rgb(248, 202, 198);"><span style="box-sizing: inherit; font-family: Arial, Helvetica, sans-serif; font-size: inherit !important;"><span style="box-sizing: inherit; font-family: inherit !important; font-size: inherit !important; line-height: 18px;"><strong style="box-sizing: inherit; font-family: inherit !important; font-weight: 700; font-size: inherit !important;">2. Using Adjectives</strong></span></span></span></p><p style="box-sizing: inherit; font-family: SVN-Poppins, sans-serif; font-size: 12px; color: rgba(0, 0, 0, 0.87); font-style: normal; font-variant-ligatures: normal; font-variant-caps: normal; font-weight: 400; letter-spacing: normal; orphans: 2; text-indent: 0px; text-transform: none; widows: 2; word-spacing: 0px; -webkit-text-stroke-width: 0px; white-space: normal; background-color: rgb(255, 255, 255); text-decoration-thickness: initial; text-decoration-style: initial; text-decoration-color: initial; text-align: justify; margin-bottom: 11px;"><span style="box-sizing: inherit; font-family: inherit !important; font-size: 16px; color: rgb(0, 0, 0);"><span style="box-sizing: inherit; font-family: Arial, Helvetica, sans-serif; font-size: inherit !important;"><span style="box-sizing: inherit; font-family: inherit !important; font-size: inherit !important; line-height: 18px;"><strong style="box-sizing: inherit; font-family: inherit !important; font-weight: 700; font-size: inherit !important;">- Adjectives in English usually appear in front of the noun that they modify.</strong></span></span></span></p><p style="box-sizing: inherit; font-family: SVN-Poppins, sans-serif; font-size: 12px; color: rgba(0, 0, 0, 0.87); font-style: normal; font-variant-ligatures: normal; font-variant-caps: normal; font-weight: 400; letter-spacing: normal; orphans: 2; text-indent: 0px; text-transform: none; widows: 2; word-spacing: 0px; -webkit-text-stroke-width: 0px; white-space: normal; background-color: rgb(255, 255, 255); text-decoration-thickness: initial; text-decoration-style: initial; text-decoration-color: initial; text-align: justify; margin-bottom: 11px;"><span style="box-sizing: inherit; font-family: inherit !important; font-size: 16px; color: rgb(0, 0, 0);"><span style="box-sizing: inherit; font-family: Arial, Helvetica, sans-serif; font-size: inherit !important;"><span style="box-sizing: inherit; font-family: inherit !important; font-size: inherit !important; line-height: 18px;"><em style="box-sizing: inherit; font-family: inherit !important; font-size: inherit !important;">Examples:</em></span></span></span></p><p style="box-sizing: inherit; font-family: SVN-Poppins, sans-serif; font-size: 12px; color: rgba(0, 0, 0, 0.87); font-style: normal; font-variant-ligatures: normal; font-variant-caps: normal; font-weight: 400; letter-spacing: normal; orphans: 2; text-indent: 0px; text-transform: none; widows: 2; word-spacing: 0px; -webkit-text-stroke-width: 0px; white-space: normal; background-color: rgb(255, 255, 255); text-decoration-thickness: initial; text-decoration-style: initial; text-decoration-color: initial; text-align: justify; margin-bottom: 11px;"><span style="box-sizing: inherit; font-family: inherit !important; font-size: 16px; color: rgb(0, 0, 0);"><span style="box-sizing: inherit; font-family: Arial, Helvetica, sans-serif; font-size: inherit !important;"><span style="box-sizing: inherit; font-family: inherit !important; font-size: inherit !important; line-height: 18px;">The<span>&nbsp;</span><strong style="box-sizing: inherit; font-family: inherit !important; font-weight: 700; font-size: inherit !important;">beautiful</strong><span>&nbsp;</span>girl ignored me.</span></span></span></p><p style="box-sizing: inherit; font-family: SVN-Poppins, sans-serif; font-size: 12px; color: rgba(0, 0, 0, 0.87); font-style: normal; font-variant-ligatures: normal; font-variant-caps: normal; font-weight: 400; letter-spacing: normal; orphans: 2; text-indent: 0px; text-transform: none; widows: 2; word-spacing: 0px; -webkit-text-stroke-width: 0px; white-space: normal; background-color: rgb(255, 255, 255); text-decoration-thickness: initial; text-decoration-style: initial; text-decoration-color: initial; text-align: justify; margin-bottom: 11px;"><span style="box-sizing: inherit; font-family: inherit !important; font-size: 16px; color: rgb(0, 0, 0);"><span style="box-sizing: inherit; font-family: Arial, Helvetica, sans-serif; font-size: inherit !important;"><span style="box-sizing: inherit; font-family: inherit !important; font-size: inherit !important; line-height: 18px;">The<span>&nbsp;</span><strong style="box-sizing: inherit; font-family: inherit !important; font-weight: 700; font-size: inherit !important;">fast red</strong><span>&nbsp;</span>car drove away.</span></span></span></p><p style="box-sizing: inherit; font-family: SVN-Poppins, sans-serif; font-size: 12px; color: rgba(0, 0, 0, 0.87); font-style: normal; font-variant-ligatures: normal; font-variant-caps: normal; font-weight: 400; letter-spacing: normal; orphans: 2; text-indent: 0px; text-transform: none; widows: 2; word-spacing: 0px; -webkit-text-stroke-width: 0px; white-space: normal; background-color: rgb(255, 255, 255); text-decoration-thickness: initial; text-decoration-style: initial; text-decoration-color: initial; text-align: justify; margin-bottom: 11px;"><span style="box-sizing: inherit; font-family: inherit !important; font-size: 16px; color: rgb(0, 0, 0);"><span style="box-sizing: inherit; font-family: Arial, Helvetica, sans-serif; font-size: inherit !important;"><span style="box-sizing: inherit; font-family: inherit !important; font-size: inherit !important; line-height: 18px;"><strong style="box-sizing: inherit; font-family: inherit !important; font-weight: 700; font-size: inherit !important;">- Adjectives can also appear after being and sensing verbs like<span>&nbsp;</span><em style="box-sizing: inherit; font-family: inherit !important; font-size: inherit !important;">to be</em>,<span>&nbsp;</span><em style="box-sizing: inherit; font-family: inherit !important; font-size: inherit !important;">to seem</em>,<span>&nbsp;</span><em style="box-sizing: inherit; font-family: inherit !important; font-size: inherit !important;">to look</em><span>&nbsp;</span>&amp;<span>&nbsp;</span><em style="box-sizing: inherit; font-family: inherit !important; font-size: inherit !important;">to taste</em>.</strong></span></span></span></p><p style="box-sizing: inherit; font-family: SVN-Poppins, sans-serif; font-size: 12px; color: rgba(0, 0, 0, 0.87); font-style: normal; font-variant-ligatures: normal; font-variant-caps: normal; font-weight: 400; letter-spacing: normal; orphans: 2; text-indent: 0px; text-transform: none; widows: 2; word-spacing: 0px; -webkit-text-stroke-width: 0px; white-space: normal; background-color: rgb(255, 255, 255); text-decoration-thickness: initial; text-decoration-style: initial; text-decoration-color: initial; text-align: justify; margin-bottom: 11px;"><span style="box-sizing: inherit; font-family: inherit !important; font-size: 16px; color: rgb(0, 0, 0);"><span style="box-sizing: inherit; font-family: Arial, Helvetica, sans-serif; font-size: inherit !important;"><span style="box-sizing: inherit; font-family: inherit !important; font-size: inherit !important; line-height: 18px;"><em style="box-sizing: inherit; font-family: inherit !important; font-size: inherit !important;">Examples:</em></span></span></span></p><p style="box-sizing: inherit; font-family: SVN-Poppins, sans-serif; font-size: 12px; color: rgba(0, 0, 0, 0.87); font-style: normal; font-variant-ligatures: normal; font-variant-caps: normal; font-weight: 400; letter-spacing: normal; orphans: 2; text-indent: 0px; text-transform: none; widows: 2; word-spacing: 0px; -webkit-text-stroke-width: 0px; white-space: normal; background-color: rgb(255, 255, 255); text-decoration-thickness: initial; text-decoration-style: initial; text-decoration-color: initial; text-align: justify; margin-bottom: 11px;"><span style="box-sizing: inherit; font-family: inherit !important; font-size: 16px; color: rgb(0, 0, 0);"><span style="box-sizing: inherit; font-family: Arial, Helvetica, sans-serif; font-size: inherit !important;"><span style="box-sizing: inherit; font-family: inherit !important; font-size: inherit !important; line-height: 18px;">Italy is<span>&nbsp;</span><strong style="box-sizing: inherit; font-family: inherit !important; font-weight: 700; font-size: inherit !important;">beautiful</strong>.</span></span></span></p><p style="box-sizing: inherit; font-family: SVN-Poppins, sans-serif; font-size: 12px; color: rgba(0, 0, 0, 0.87); font-style: normal; font-variant-ligatures: normal; font-variant-caps: normal; font-weight: 400; letter-spacing: normal; orphans: 2; text-indent: 0px; text-transform: none; widows: 2; word-spacing: 0px; -webkit-text-stroke-width: 0px; white-space: normal; background-color: rgb(255, 255, 255); text-decoration-thickness: initial; text-decoration-style: initial; text-decoration-color: initial; text-align: justify; margin-bottom: 11px;"><span style="box-sizing: inherit; font-family: inherit !important; font-size: 16px; color: rgb(0, 0, 0);"><span style="box-sizing: inherit; font-family: Arial, Helvetica, sans-serif; font-size: inherit !important;"><span style="box-sizing: inherit; font-family: inherit !important; font-size: inherit !important; line-height: 18px;">I don''t think she seems<span>&nbsp;</span><strong style="box-sizing: inherit; font-family: inherit !important; font-weight: 700; font-size: inherit !important;">nice</strong><span>&nbsp;</span>at all.</span></span></span></p><p style="box-sizing: inherit; font-family: SVN-Poppins, sans-serif; font-size: 12px; color: rgba(0, 0, 0, 0.87); font-style: normal; font-variant-ligatures: normal; font-variant-caps: normal; font-weight: 400; letter-spacing: normal; orphans: 2; text-indent: 0px; text-transform: none; widows: 2; word-spacing: 0px; -webkit-text-stroke-width: 0px; white-space: normal; background-color: rgb(255, 255, 255); text-decoration-thickness: initial; text-decoration-style: initial; text-decoration-color: initial; text-align: justify; margin-bottom: 11px;"><span style="box-sizing: inherit; font-family: inherit !important; font-size: 16px; color: rgb(0, 0, 0);"><span style="box-sizing: inherit; font-family: Arial, Helvetica, sans-serif; font-size: inherit !important;"><span style="box-sizing: inherit; font-family: inherit !important; font-size: inherit !important; line-height: 18px;">You look<span>&nbsp;</span><strong style="box-sizing: inherit; font-family: inherit !important; font-weight: 700; font-size: inherit !important;">tired</strong>.</span></span></span></p><p style="box-sizing: inherit; font-family: SVN-Poppins, sans-serif; font-size: 12px; color: rgba(0, 0, 0, 0.87); font-style: normal; font-variant-ligatures: normal; font-variant-caps: normal; font-weight: 400; letter-spacing: normal; orphans: 2; text-indent: 0px; text-transform: none; widows: 2; word-spacing: 0px; -webkit-text-stroke-width: 0px; white-space: normal; background-color: rgb(255, 255, 255); text-decoration-thickness: initial; text-decoration-style: initial; text-decoration-color: initial; text-align: justify; margin-bottom: 11px;"><span style="box-sizing: inherit; font-family: inherit !important; font-size: 16px; color: rgb(0, 0, 0);"><span style="box-sizing: inherit; font-family: Arial, Helvetica, sans-serif; font-size: inherit !important;"><span style="box-sizing: inherit; font-family: inherit !important; font-size: inherit !important; line-height: 18px;">This meat tastes<span>&nbsp;</span><strong style="box-sizing: inherit; font-family: inherit !important; font-weight: 700; font-size: inherit !important;">funny</strong>.</span></span></span></p><p style="box-sizing: inherit; font-family: SVN-Poppins, sans-serif; font-size: 12px; color: rgba(0, 0, 0, 0.87); font-style: normal; font-variant-ligatures: normal; font-variant-caps: normal; font-weight: 400; letter-spacing: normal; orphans: 2; text-indent: 0px; text-transform: none; widows: 2; word-spacing: 0px; -webkit-text-stroke-width: 0px; white-space: normal; background-color: rgb(255, 255, 255); text-decoration-thickness: initial; text-decoration-style: initial; text-decoration-color: initial; text-align: justify; margin-bottom: 11px;"><span style="box-sizing: inherit; font-family: inherit !important; font-size: 16px; color: rgb(0, 0, 0);"><span style="box-sizing: inherit; font-family: Arial, Helvetica, sans-serif; font-size: inherit !important;"><span style="box-sizing: inherit; font-family: inherit !important; font-size: inherit !important; line-height: 18px;">-<span>&nbsp;</span><strong style="box-sizing: inherit; font-family: inherit !important; font-weight: 700; font-size: inherit !important;">Some exceptions:</strong></span></span></span></p><p style="box-sizing: inherit; font-family: SVN-Poppins, sans-serif; font-size: 12px; color: rgba(0, 0, 0, 0.87); font-style: normal; font-variant-ligatures: normal; font-variant-caps: normal; font-weight: 400; letter-spacing: normal; orphans: 2; text-indent: 0px; text-transform: none; widows: 2; word-spacing: 0px; -webkit-text-stroke-width: 0px; white-space: normal; background-color: rgb(255, 255, 255); text-decoration-thickness: initial; text-decoration-style: initial; text-decoration-color: initial; text-align: justify; margin-bottom: 11px;"><span style="box-sizing: inherit; font-family: inherit !important; font-size: 16px; color: rgb(0, 0, 0);"><span style="box-sizing: inherit; font-family: Arial, Helvetica, sans-serif; font-size: inherit !important;"><span style="box-sizing: inherit; font-family: inherit !important; font-size: inherit !important; line-height: 18px;"><strong style="box-sizing: inherit; font-family: inherit !important; font-weight: 700; font-size: inherit !important;">+ Adjectives appear after the noun in some fixed expressions</strong>.</span></span></span></p><p style="box-sizing: inherit; font-family: SVN-Poppins, sans-serif; font-size: 12px; color: rgba(0, 0, 0, 0.87); font-style: normal; font-variant-ligatures: normal; font-variant-caps: normal; font-weight: 400; letter-spacing: normal; orphans: 2; text-indent: 0px; text-transform: none; widows: 2; word-spacing: 0px; -webkit-text-stroke-width: 0px; white-space: normal; background-color: rgb(255, 255, 255); text-decoration-thickness: initial; text-decoration-style: initial; text-decoration-color: initial; text-align: justify; margin-bottom: 11px;"><span style="box-sizing: inherit; font-family: inherit !important; font-size: 16px; color: rgb(0, 0, 0);"><span style="box-sizing: inherit; font-family: Arial, Helvetica, sans-serif; font-size: inherit !important;"><span style="box-sizing: inherit; font-family: inherit !important; font-size: inherit !important; line-height: 18px;"><em style="box-sizing: inherit; font-family: inherit !important; font-size: inherit !important;">Examples:</em></span></span></span></p><p style="box-sizing: inherit; font-family: SVN-Poppins, sans-serif; font-size: 12px; color: rgba(0, 0, 0, 0.87); font-style: normal; font-variant-ligatures: normal; font-variant-caps: normal; font-weight: 400; letter-spacing: normal; orphans: 2; text-indent: 0px; text-transform: none; widows: 2; word-spacing: 0px; -webkit-text-stroke-width: 0px; white-space: normal; background-color: rgb(255, 255, 255); text-decoration-thickness: initial; text-decoration-style: initial; text-decoration-color: initial; text-align: justify; margin-bottom: 11px;"><span style="box-sizing: inherit; font-family: inherit !important; font-size: 16px; color: rgb(0, 0, 0);"><span style="box-sizing: inherit; font-family: Arial, Helvetica, sans-serif; font-size: inherit !important;"><span style="box-sizing: inherit; font-family: inherit !important; font-size: inherit !important; line-height: 18px;">The<span>&nbsp;</span><strong style="box-sizing: inherit; font-family: inherit !important; font-weight: 700; font-size: inherit !important;">Princess Royal</strong><span>&nbsp;</span>is visiting Oxford today.</span></span></span></p><p style="box-sizing: inherit; font-family: SVN-Poppins, sans-serif; font-size: 12px; color: rgba(0, 0, 0, 0.87); font-style: normal; font-variant-ligatures: normal; font-variant-caps: normal; font-weight: 400; letter-spacing: normal; orphans: 2; text-indent: 0px; text-transform: none; widows: 2; word-spacing: 0px; -webkit-text-stroke-width: 0px; white-space: normal; background-color: rgb(255, 255, 255); text-decoration-thickness: initial; text-decoration-style: initial; text-decoration-color: initial; text-align: justify; margin-bottom: 11px;"><span style="box-sizing: inherit; font-family: inherit !important; font-size: 16px; color: rgb(0, 0, 0);"><span style="box-sizing: inherit; font-family: Arial, Helvetica, sans-serif; font-size: inherit !important;"><span style="box-sizing: inherit; font-family: inherit !important; font-size: inherit !important; line-height: 18px;">The<span>&nbsp;</span><strong style="box-sizing: inherit; font-family: inherit !important; font-weight: 700; font-size: inherit !important;">President elect</strong><span>&nbsp;</span>made a speech last night.</span></span></span></p><p style="box-sizing: inherit; font-family: SVN-Poppins, sans-serif; font-size: 12px; color: rgba(0, 0, 0, 0.87); font-style: normal; font-variant-ligatures: normal; font-variant-caps: normal; font-weight: 400; letter-spacing: normal; orphans: 2; text-indent: 0px; text-transform: none; widows: 2; word-spacing: 0px; -webkit-text-stroke-width: 0px; white-space: normal; background-color: rgb(255, 255, 255); text-decoration-thickness: initial; text-decoration-style: initial; text-decoration-color: initial; text-align: justify; margin-bottom: 11px;"><span style="box-sizing: inherit; font-family: inherit !important; font-size: 16px; color: rgb(0, 0, 0);"><span style="box-sizing: inherit; font-family: Arial, Helvetica, sans-serif; font-size: inherit !important;"><span style="box-sizing: inherit; font-family: inherit !important; font-size: inherit !important; line-height: 18px;">He received a<span>&nbsp;</span><strong style="box-sizing: inherit; font-family: inherit !important; font-weight: 700; font-size: inherit !important;">court martial</strong><span>&nbsp;</span>the following week.</span></span></span></p><p style="box-sizing: inherit; font-family: SVN-Poppins, sans-serif; font-size: 12px; color: rgba(0, 0, 0, 0.87); font-style: normal; font-variant-ligatures: normal; font-variant-caps: normal; font-weight: 400; letter-spacing: normal; orphans: 2; text-indent: 0px; text-transform: none; widows: 2; word-spacing: 0px; -webkit-text-stroke-width: 0px; white-space: normal; background-color: rgb(255, 255, 255); text-decoration-thickness: initial; text-decoration-style: initial; text-decoration-color: initial; text-align: justify; margin-bottom: 11px;"><span style="box-sizing: inherit; font-family: inherit !important; font-size: 16px; color: rgb(0, 0, 0);"><span style="box-sizing: inherit; font-family: Arial, Helvetica, sans-serif; font-size: inherit !important;"><span style="box-sizing: inherit; font-family: inherit !important; font-size: inherit !important; line-height: 18px;"><strong style="box-sizing: inherit; font-family: inherit !important; font-weight: 700; font-size: inherit !important;">+ The adjectives<span>&nbsp;</span><em style="box-sizing: inherit; font-family: inherit !important; font-size: inherit !important;">involved</em></strong><strong style="box-sizing: inherit; font-family: inherit !important; font-weight: 700; font-size: inherit !important;">,<span>&nbsp;</span><em style="box-sizing: inherit; font-family: inherit !important; font-size: inherit !important;">present</em><span>&nbsp;</span>&amp;<span>&nbsp;</span><em style="box-sizing: inherit; font-family: inherit !important; font-size: inherit !important;">concerned</em><span>&nbsp;</span>can appear either before or after the noun that they modify, but with a different meaning depending on the placement.</strong></span></span></span></p>')
INSERT [dbo].[Lessons] ([idLesson], [idCourse], [title], [content]) VALUES (N'9043667b-8168-420e-b072-3345f4f261a3', N'6e778ced-ec5c-48ef-bfac-56b6cd72175f', N'Part 1: Mô tả tranh', N'<p class="MuiTypography-root MuiTypography-body1 lesson-title css-1ju6s32" style="box-sizing: inherit; font-family: SVN-Poppins, sans-serif; margin: 0px 0px 16px; line-height: 1.5; text-align: center; font-weight: 600; font-size: 16px; color: rgba(0, 0, 0, 0.87); font-style: normal; font-variant-ligatures: normal; font-variant-caps: normal; letter-spacing: normal; orphans: 2; text-indent: 0px; text-transform: none; widows: 2; word-spacing: 0px; -webkit-text-stroke-width: 0px; white-space: normal; background-color: rgb(255, 255, 255); text-decoration-thickness: initial; text-decoration-style: initial; text-decoration-color: initial;">Lesson 1: Predict what you will hear</p><div class="normal-root-container" style="box-sizing: inherit; font-family: SVN-Poppins, sans-serif; color: rgba(0, 0, 0, 0.87); font-size: 16px; font-style: normal; font-variant-ligatures: normal; font-variant-caps: normal; font-weight: 400; letter-spacing: normal; orphans: 2; text-align: start; text-indent: 0px; text-transform: none; widows: 2; word-spacing: 0px; -webkit-text-stroke-width: 0px; white-space: normal; background-color: rgb(255, 255, 255); text-decoration-thickness: initial; text-decoration-style: initial; text-decoration-color: initial; position: relative; overflow: hidden; width: 810.333px; height: 600px;"><div style="box-sizing: inherit; font-family: SVN-Poppins, sans-serif; position: absolute; inset: 0px; overflow: auto; margin-right: -17px; margin-bottom: -17px;"><div class="game-lesson-view-content MuiBox-root css-1egpmkw" style="box-sizing: inherit; font-family: SVN-Poppins, sans-serif; padding: 17px;"><p style="box-sizing: inherit; font-family: inherit !important; text-align: justify;">&nbsp;<br></p><p style="box-sizing: inherit; font-family: inherit !important; text-align: justify;"><span style="box-sizing: inherit; font-family: inherit !important; background-color: rgb(191, 237, 210);"><strong style="box-sizing: inherit; font-family: arial, helvetica, sans-serif; font-weight: 700; font-size: 14pt; background-color: rgb(191, 237, 210);">1. Question type&nbsp;</strong></span></p><p style="box-sizing: inherit; font-family: inherit !important; text-align: justify;"><span style="box-sizing: inherit; font-family: arial, helvetica, sans-serif; font-weight: 400; font-size: 14pt;">In this part, you are asked to see a picture and choose the statement that most describes the picture. To be able to choose the correct answer, you should think of the topic of the picture and possible statements.</span></p><p style="box-sizing: inherit; font-family: inherit !important; text-align: justify;">&nbsp;<br></p><p style="box-sizing: inherit; font-family: inherit !important; text-align: justify;"><span style="box-sizing: inherit; font-family: arial, helvetica, sans-serif; font-size: 14pt; background-color: rgb(191, 237, 210); color: rgb(0, 0, 0);"><strong style="box-sizing: inherit; font-family: inherit !important; font-weight: 700;">2. Guide to answer</strong></span></p><p style="box-sizing: inherit; font-family: inherit !important; text-align: justify;"><span style="box-sizing: inherit; font-family: arial, helvetica, sans-serif; font-weight: 400; font-size: 14pt;">- Before the beginning of the section, think of the theme of the picture as well as brainstorm nouns and verbs related to the picture. You should do this because most distractors in the TOEIC part 1 involve the wrong noun or verb.</span></p><p style="box-sizing: inherit; font-family: inherit !important; text-align: justify;"><span style="box-sizing: inherit; font-family: arial, helvetica, sans-serif; font-weight: 400; font-size: 14pt;">- Before listening, you also should predict possible statements. Most statements are about:</span></p><p style="box-sizing: inherit; font-family: inherit !important; text-align: justify;"><span style="box-sizing: inherit; font-family: arial, helvetica, sans-serif; font-weight: 400; font-size: 14pt;">+ The activity</span></p><p style="box-sizing: inherit; font-family: inherit !important; text-align: justify;"><span style="box-sizing: inherit; font-family: arial, helvetica, sans-serif; font-weight: 400; font-size: 14pt;"><strong style="box-sizing: inherit; font-family: inherit !important; font-weight: 700;">E.g.</strong><span>&nbsp;</span>The man is writing an email.</span></p><p style="box-sizing: inherit; font-family: inherit !important; text-align: justify;"><span style="box-sizing: inherit; font-family: arial, helvetica, sans-serif; font-weight: 400; font-size: 14pt;">+ The general situation</span></p></div></div></div>')
INSERT [dbo].[Lessons] ([idLesson], [idCourse], [title], [content]) VALUES (N'a53b51e8-f4d8-4964-9f75-6849a03a9c19', N'6e778ced-ec5c-48ef-bfac-56b6cd72175f', N'Part 6: Hoàn thành đoạn văn', N'<p style="text-align: center;"><u>chữ gạch dưới</u></p><p style="text-align: center;"><em>chữ nghiêng</em></p><p style="text-align: center;"><strong>chữ đậm</strong></p><p style="text-align: center;"><span style="font-size: 24px;">chữ to</span></p><ul><li><span style="font-size: 24px;">item 1</span></li><li><span style="font-size: 24px;">item 2<br></span><br></li><br></ul><table style="border-collapse: collapse; width: 1009px; height: 80px;"><tbody> <tr> <td style="width: 33.3333%;">header 1</td> <td style="width: 33.3333%;">header 2</td> <td style="width: 33.3333%;">header 3</td></tr> <tr> <td style="width: 33.3333%;">content 1</td> <td style="width: 33.3333%;">content 2</td> <td style="width: 33.3333%;">content 3</td></tr> <tr> <td style="width: 33.3333%;">center content 1</td> <td style="width: 33.3333%;">center content 1<br></td> <td style="width: 33.3333%;">center content 1</td></tr></tbody></table><p>''</p>')
INSERT [dbo].[Lessons] ([idLesson], [idCourse], [title], [content]) VALUES (N'a47ac314-18a9-41f4-8607-86ac34571471', N'1aeb7d2d-b809-45ae-bff2-83f1c143a2f5', N'ADVERB', N'<p style="box-sizing: inherit; font-family: SVN-Poppins, sans-serif; font-size: 12px; color: rgba(0, 0, 0, 0.87); font-style: normal; font-variant-ligatures: normal; font-variant-caps: normal; font-weight: 400; letter-spacing: normal; orphans: 2; text-align: start; text-indent: 0px; text-transform: none; widows: 2; word-spacing: 0px; -webkit-text-stroke-width: 0px; white-space: normal; background-color: rgb(255, 255, 255); text-decoration-thickness: initial; text-decoration-style: initial; text-decoration-color: initial;"><span style="box-sizing: inherit; font-family: inherit !important; font-size: 16px; background-color: rgb(255, 255, 255); color: rgb(0, 0, 0);"><span style="box-sizing: inherit; font-family: Arial, Helvetica, sans-serif; font-size: inherit !important;"><span style="box-sizing: inherit; font-family: inherit !important; font-size: inherit !important; line-height: 18px;"><strong style="box-sizing: inherit; font-family: inherit !important; font-weight: 700; font-size: inherit !important;"><span style="box-sizing: inherit; font-family: inherit !important; font-size: inherit !important; background-color: rgb(248, 202, 198);">1. Function of adverbs</span></strong><br style="box-sizing: inherit; font-family: inherit !important; font-size: inherit !important;"><strong style="box-sizing: inherit; font-family: inherit !important; font-weight: 700; font-size: inherit !important;">- Adverbs modify or tell us more about other words, usually verbs</strong></span></span></span></p><p style="box-sizing: inherit; font-family: SVN-Poppins, sans-serif; font-size: 12px; color: rgba(0, 0, 0, 0.87); font-style: normal; font-variant-ligatures: normal; font-variant-caps: normal; font-weight: 400; letter-spacing: normal; orphans: 2; text-align: start; text-indent: 0px; text-transform: none; widows: 2; word-spacing: 0px; -webkit-text-stroke-width: 0px; white-space: normal; background-color: rgb(255, 255, 255); text-decoration-thickness: initial; text-decoration-style: initial; text-decoration-color: initial;"><span style="box-sizing: inherit; font-family: inherit !important; font-size: 16px; background-color: rgb(255, 255, 255); color: rgb(0, 0, 0);"><span style="box-sizing: inherit; font-family: Arial, Helvetica, sans-serif; font-size: inherit !important;"><span style="box-sizing: inherit; font-family: inherit !important; font-size: inherit !important; line-height: 18px;"><em style="box-sizing: inherit; font-family: inherit !important; font-size: inherit !important;">Examples:</em><br style="box-sizing: inherit; font-family: inherit !important; font-size: inherit !important;">The bus moved<span>&nbsp;</span><strong style="box-sizing: inherit; font-family: inherit !important; font-weight: 700; font-size: inherit !important;">slowly.</strong><br style="box-sizing: inherit; font-family: inherit !important; font-size: inherit !important;">The bears ate<span>&nbsp;</span><strong style="box-sizing: inherit; font-family: inherit !important; font-weight: 700; font-size: inherit !important;">greedily.</strong><br style="box-sizing: inherit; font-family: inherit !important; font-size: inherit !important;"><br style="box-sizing: inherit; font-family: inherit !important; font-size: inherit !important;"><strong style="box-sizing: inherit; font-family: inherit !important; font-weight: 700; font-size: inherit !important;">- Sometimes they tell us more about adjectives</strong><br style="box-sizing: inherit; font-family: inherit !important; font-size: inherit !important;"><em style="box-sizing: inherit; font-family: inherit !important; font-size: inherit !important;">Examples:</em><br style="box-sizing: inherit; font-family: inherit !important; font-size: inherit !important;">You look<span>&nbsp;</span><strong style="box-sizing: inherit; font-family: inherit !important; font-weight: 700; font-size: inherit !important;">absolutely</strong><span>&nbsp;</span>fabulous<br style="box-sizing: inherit; font-family: inherit !important; font-size: inherit !important;"><br style="box-sizing: inherit; font-family: inherit !important; font-size: inherit !important;"><strong style="box-sizing: inherit; font-family: inherit !important; font-weight: 700; font-size: inherit !important;">- They can also modify other adverbs</strong><br style="box-sizing: inherit; font-family: inherit !important; font-size: inherit !important;"><em style="box-sizing: inherit; font-family: inherit !important; font-size: inherit !important;">Examples:</em><br style="box-sizing: inherit; font-family: inherit !important; font-size: inherit !important;">She played the violin<span>&nbsp;</span><strong style="box-sizing: inherit; font-family: inherit !important; font-weight: 700; font-size: inherit !important;">extremely</strong><span>&nbsp;</span>well.<br style="box-sizing: inherit; font-family: inherit !important; font-size: inherit !important;">You''re speaking<strong style="box-sizing: inherit; font-family: inherit !important; font-weight: 700; font-size: inherit !important;"><span>&nbsp;</span>too<span>&nbsp;</span></strong>quietly.</span></span></span></p><p style="box-sizing: inherit; font-family: SVN-Poppins, sans-serif; font-size: 12px; color: rgba(0, 0, 0, 0.87); font-style: normal; font-variant-ligatures: normal; font-variant-caps: normal; font-weight: 400; letter-spacing: normal; orphans: 2; text-align: start; text-indent: 0px; text-transform: none; widows: 2; word-spacing: 0px; -webkit-text-stroke-width: 0px; white-space: normal; background-color: rgb(255, 255, 255); text-decoration-thickness: initial; text-decoration-style: initial; text-decoration-color: initial;">&nbsp;</p><p style="box-sizing: inherit; font-family: SVN-Poppins, sans-serif; font-size: 12px; color: rgba(0, 0, 0, 0.87); font-style: normal; font-variant-ligatures: normal; font-variant-caps: normal; font-weight: 400; letter-spacing: normal; orphans: 2; text-align: start; text-indent: 0px; text-transform: none; widows: 2; word-spacing: 0px; -webkit-text-stroke-width: 0px; white-space: normal; background-color: rgb(255, 255, 255); text-decoration-thickness: initial; text-decoration-style: initial; text-decoration-color: initial;"><span style="box-sizing: inherit; font-family: inherit !important; font-size: 16px; background-color: rgb(255, 255, 255); color: rgb(0, 0, 0);"><span style="box-sizing: inherit; font-family: Arial, Helvetica, sans-serif; font-size: inherit !important;"><span style="box-sizing: inherit; font-family: inherit !important; font-size: inherit !important; line-height: 18px;"><span style="box-sizing: inherit; font-family: inherit !important; font-size: inherit !important; background-color: rgb(248, 202, 198);"><strong style="box-sizing: inherit; font-family: inherit !important; font-weight: 700; font-size: inherit !important;">2. Form of adverbs</strong></span><br style="box-sizing: inherit; font-family: inherit !important; font-size: inherit !important;"></span></span></span></p><p style="box-sizing: inherit; font-family: SVN-Poppins, sans-serif; font-size: 12px; color: rgba(0, 0, 0, 0.87); font-style: normal; font-variant-ligatures: normal; font-variant-caps: normal; font-weight: 400; letter-spacing: normal; orphans: 2; text-align: start; text-indent: 0px; text-transform: none; widows: 2; word-spacing: 0px; -webkit-text-stroke-width: 0px; white-space: normal; background-color: rgb(255, 255, 255); text-decoration-thickness: initial; text-decoration-style: initial; text-decoration-color: initial;"><span style="box-sizing: inherit; font-family: inherit !important; font-size: 16px; background-color: rgb(236, 202, 250); color: rgb(0, 0, 0);"><span style="box-sizing: inherit; font-family: Arial, Helvetica, sans-serif; font-size: inherit !important;"><span style="box-sizing: inherit; font-family: inherit !important; font-size: inherit !important; line-height: 18px;"><strong style="box-sizing: inherit; font-family: inherit !important; font-weight: 700; font-size: inherit !important;"><span style="box-sizing: inherit; font-family: inherit !important; font-size: inherit !important; background-image: initial; background-position: initial; background-size: initial; background-repeat: initial; background-attachment: initial; background-origin: initial; background-clip: initial;">2.1.</span></strong><span style="box-sizing: inherit; font-family: inherit !important; font-size: inherit !important; background-image: initial; background-position: initial; background-size: initial; background-repeat: initial; background-attachment: initial; background-origin: initial; background-clip: initial;"><span>&nbsp;</span>In most cases, an<span>&nbsp;</span><strong style="box-sizing: inherit; font-family: inherit !important; font-weight: 700; font-size: inherit !important;">adverb</strong><span>&nbsp;</span>is formed by adding<span>&nbsp;</span><strong style="box-sizing: inherit; font-family: inherit !important; font-weight: 700; font-size: inherit !important;">''-ly''</strong><span>&nbsp;</span>to an<span>&nbsp;</span><strong style="box-sizing: inherit; font-family: inherit !important; font-weight: 700; font-size: inherit !important;">adjective:</strong></span></span></span></span></p><table width="604" style="box-sizing: inherit; font-family: SVN-Poppins, sans-serif; font-size: 12px; color: rgba(0, 0, 0, 0.87); font-style: normal; font-variant-ligatures: normal; font-variant-caps: normal; font-weight: 400; letter-spacing: normal; orphans: 2; text-align: start; text-transform: none; widows: 2; word-spacing: 0px; -webkit-text-stroke-width: 0px; white-space: normal; background-color: rgb(255, 255, 255); text-decoration-thickness: initial; text-decoration-style: initial; text-decoration-color: initial; height: 242px; width: 778.667px;"><tbody style="box-sizing: inherit; font-family: inherit !important; font-size: inherit !important;"><tr style="box-sizing: inherit; font-family: inherit !important; font-size: inherit !important;"><td style="box-sizing: inherit; font-family: inherit !important; font-size: inherit !important; text-align: center; width: 284.594px;"><p style="box-sizing: inherit; font-family: inherit !important; font-size: inherit !important; text-align: center;"><span style="box-sizing: inherit; font-family: arial, helvetica, sans-serif; font-size: 12pt; background-color: rgb(255, 255, 255); color: rgb(0, 0, 0);"><strong style="box-sizing: inherit; font-family: inherit !important; font-weight: 700; font-size: inherit !important;">Adjective</strong></span></p></td><td style="box-sizing: inherit; font-family: inherit !important; font-size: inherit !important; text-align: center; width: 273.844px;"><p style="box-sizing: inherit; font-family: inherit !important; font-size: inherit !important;"><span style="box-sizing: inherit; font-family: arial, helvetica, sans-serif; font-size: 12pt; background-color: rgb(255, 255, 255); color: rgb(0, 0, 0);"><strong style="box-sizing: inherit; font-family: inherit !important; font-weight: 700; font-size: inherit !important;">Adverb</strong></span></p></td></tr><tr style="box-sizing: inherit; font-family: inherit !important; font-size: inherit !important;"><td style="box-sizing: inherit; font-family: inherit !important; font-size: inherit !important; text-align: center; width: 284.594px;"><p style="box-sizing: inherit; font-family: inherit !important; font-size: inherit !important;"><span style="box-sizing: inherit; font-family: arial, helvetica, sans-serif; font-size: 12pt; background-color: rgb(255, 255, 255); color: rgb(0, 0, 0);">quick</span></p></td><td style="box-sizing: inherit; font-family: inherit !important; font-size: inherit !important; text-align: center; width: 273.844px;"><p style="box-sizing: inherit; font-family: inherit !important; font-size: inherit !important;"><span style="box-sizing: inherit; font-family: arial, helvetica, sans-serif; font-size: 12pt; background-color: rgb(255, 255, 255); color: rgb(0, 0, 0);">quickly</span></p></td></tr><tr style="box-sizing: inherit; font-family: inherit !important; font-size: inherit !important;"><td style="box-sizing: inherit; font-family: inherit !important; font-size: inherit !important; text-align: center; width: 284.594px;"><p style="box-sizing: inherit; font-family: inherit !important; font-size: inherit !important;"><span style="box-sizing: inherit; font-family: arial, helvetica, sans-serif; font-size: 12pt; background-color: rgb(255, 255, 255); color: rgb(0, 0, 0);">cheap</span></p></td><td style="box-sizing: inherit; font-family: inherit !important; font-size: inherit !important; text-align: center; width: 273.844px;"><p style="box-sizing: inherit; font-family: inherit !important; font-size: inherit !important;"><span style="box-sizing: inherit; font-family: arial, helvetica, sans-serif; font-size: 12pt; background-color: rgb(255, 255, 255); color: rgb(0, 0, 0);">cheap</span></p></td></tr><tr style="box-sizing: inherit; font-family: inherit !important; font-size: inherit !important;"><td style="box-sizing: inherit; font-family: inherit !important; font-size: inherit !important; text-align: center; width: 284.594px;"><p style="box-sizing: inherit; font-family: inherit !important; font-size: inherit !important;"><span style="box-sizing: inherit; font-family: arial, helvetica, sans-serif; font-size: 12pt; background-color: rgb(255, 255, 255); color: rgb(0, 0, 0);">slow</span></p></td><td style="box-sizing: inherit; font-family: inherit !important; font-size: inherit !important; text-align: center; width: 273.844px;"><p style="box-sizing: inherit; font-family: inherit !important; font-size: inherit !important;"><span style="box-sizing: inherit; font-family: arial, helvetica, sans-serif; font-size: 12pt; background-color: rgb(255, 255, 255); color: rgb(0, 0, 0);">slowly</span></p></td></tr></tbody></table><p style="box-sizing: inherit; font-family: SVN-Poppins, sans-serif; font-size: 12px; color: rgba(0, 0, 0, 0.87); font-style: normal; font-variant-ligatures: normal; font-variant-caps: normal; font-weight: 400; letter-spacing: normal; orphans: 2; text-align: start; text-indent: 0px; text-transform: none; widows: 2; word-spacing: 0px; -webkit-text-stroke-width: 0px; white-space: normal; background-color: rgb(255, 255, 255); text-decoration-thickness: initial; text-decoration-style: initial; text-decoration-color: initial;">&nbsp;</p><p style="box-sizing: inherit; font-family: SVN-Poppins, sans-serif; font-size: 12px; color: rgba(0, 0, 0, 0.87); font-style: normal; font-variant-ligatures: normal; font-variant-caps: normal; font-weight: 400; letter-spacing: normal; orphans: 2; text-align: start; text-indent: 0px; text-transform: none; widows: 2; word-spacing: 0px; -webkit-text-stroke-width: 0px; white-space: normal; background-color: rgb(255, 255, 255); text-decoration-thickness: initial; text-decoration-style: initial; text-decoration-color: initial;"><span style="box-sizing: inherit; font-family: inherit !important; font-size: 16px; background-color: rgb(255, 255, 255); color: rgb(0, 0, 0);"><span style="box-sizing: inherit; font-family: Arial, Helvetica, sans-serif; font-size: inherit !important;"><span style="box-sizing: inherit; font-family: inherit !important; font-size: inherit !important; line-height: 18px;"><em style="box-sizing: inherit; font-family: inherit !important; font-size: inherit !important;">Examples:</em><br style="box-sizing: inherit; font-family: inherit !important; font-size: inherit !important;">Time goes<span>&nbsp;</span><strong style="box-sizing: inherit; font-family: inherit !important; font-weight: 700; font-size: inherit !important;">quickly.</strong><br style="box-sizing: inherit; font-family: inherit !important; font-size: inherit !important;">He walked<span>&nbsp;</span><strong style="box-sizing: inherit; font-family: inherit !important; font-weight: 700; font-size: inherit !important;">slowly</strong><span>&nbsp;</span>to the door.<br style="box-sizing: inherit; font-family: inherit !important; font-size: inherit !important;">She<span>&nbsp;</span><strong style="box-sizing: inherit; font-family: inherit !important; font-weight: 700; font-size: inherit !important;">certainly</strong><span>&nbsp;</span>had an interesting life.<br style="box-sizing: inherit; font-family: inherit !important; font-size: inherit !important;">He<span>&nbsp;</span><strong style="box-sizing: inherit; font-family: inherit !important; font-weight: 700; font-size: inherit !important;">carefully</strong><span>&nbsp;</span>picked up the sleeping child.<br style="box-sizing: inherit; font-family: inherit !important; font-size: inherit !important;"><br style="box-sizing: inherit; font-family: inherit !important; font-size: inherit !important;">- If the adjective ends in<span>&nbsp;</span><strong style="box-sizing: inherit; font-family: inherit !important; font-weight: 700; font-size: inherit !important;">''-y''</strong>, replace the<span>&nbsp;</span><strong style="box-sizing: inherit; font-family: inherit !important; font-weight: 700; font-size: inherit !important;">''y''</strong><span>&nbsp;</span>with<span>&nbsp;</span><strong style="box-sizing: inherit; font-family: inherit !important; font-weight: 700; font-size: inherit !important;">''i''</strong><span>&nbsp;</span>and add<span>&nbsp;</span><strong style="box-sizing: inherit; font-family: inherit !important; font-weight: 700; font-size: inherit !important;">''-ly'':</strong></span></span></span></p><table style="box-sizing: inherit; font-family: SVN-Poppins, sans-serif; font-size: 12px; color: rgba(0, 0, 0, 0.87); font-style: normal; font-variant-ligatures: normal; font-variant-caps: normal; font-weight: 400; letter-spacing: normal; orphans: 2; text-align: start; text-transform: none; widows: 2; word-spacing: 0px; -webkit-text-stroke-width: 0px; white-space: normal; background-color: rgb(255, 255, 255); text-decoration-thickness: initial; text-decoration-style: initial; text-decoration-color: initial; width: 777.417px; height: 62px;"><tbody style="box-sizing: inherit; font-family: inherit !important; font-size: inherit !important;"><tr style="box-sizing: inherit; font-family: inherit !important; font-size: inherit !important; height: 47px;"><td style="box-sizing: inherit; font-family: inherit !important; font-size: inherit !important; width: 383.698px; height: 47px; text-align: center;"><p style="box-sizing: inherit; font-family: inherit !important; font-size: inherit !important;"><span style="box-sizing: inherit; font-family: arial, helvetica, sans-serif; font-size: 12pt; background-color: rgb(255, 255, 255); color: rgb(0, 0, 0);"><strong style="box-sizing: inherit; font-family: inherit !important; font-weight: 700; font-size: inherit !important;">Adjective</strong></span></p></td><td style="box-sizing: inherit; font-family: inherit !important; font-size: inherit !important; width: 387.719px; height: 47px; text-align: center;"><p style="box-sizing: inherit; font-family: inherit !important; font-size: inherit !important;"><span style="box-sizing: inherit; font-family: arial, helvetica, sans-serif; font-size: 12pt; background-color: rgb(255, 255, 255); color: rgb(0, 0, 0);"><strong style="box-sizing: inherit; font-family: inherit !important; font-weight: 700; font-size: inherit !important;">Adverb</strong></span></p></td></tr><tr style="box-sizing: inherit; font-family: inherit !important; font-size: inherit !important; height: 47px;"><td style="box-sizing: inherit; font-family: inherit !important; font-size: inherit !important; width: 383.698px; height: 47px; text-align: center;"><p style="box-sizing: inherit; font-family: inherit !important; font-size: inherit !important;"><span style="box-sizing: inherit; font-family: arial, helvetica, sans-serif; font-size: 12pt; background-color: rgb(255, 255, 255); color: rgb(0, 0, 0);">easy</span></p></td><td style="box-sizing: inherit; font-family: inherit !important; font-size: inherit !important; width: 387.719px; height: 47px; text-align: center;"><p style="box-sizing: inherit; font-family: inherit !important; font-size: inherit !important;"><span style="box-sizing: inherit; font-family: arial, helvetica, sans-serif; font-size: 12pt; background-color: rgb(255, 255, 255); color: rgb(0, 0, 0);">easily</span></p></td></tr><tr style="box-sizing: inherit; font-family: inherit !important; font-size: inherit !important; height: 47px;"><td style="box-sizing: inherit; font-family: inherit !important; font-size: inherit !important; width: 383.698px; height: 47px; text-align: center;"><p style="box-sizing: inherit; font-family: inherit !important; font-size: inherit !important;"><span style="box-sizing: inherit; font-family: arial, helvetica, sans-serif; font-size: 12pt; background-color: rgb(255, 255, 255); color: rgb(0, 0, 0);">angry</span></p></td><td style="box-sizing: inherit; font-family: inherit !important; font-size: inherit !important; width: 387.719px; height: 47px; text-align: center;"><p style="box-sizing: inherit; font-family: inherit !important; font-size: inherit !important;"><span style="box-sizing: inherit; font-family: arial, helvetica, sans-serif; font-size: 12pt; background-color: rgb(255, 255, 255); color: rgb(0, 0, 0);">angrily</span></p></td></tr><tr style="box-sizing: inherit; font-family: inherit !important; font-size: inherit !important; height: 47px;"><td style="box-sizing: inherit; font-family: inherit !important; font-size: inherit !important; width: 383.698px; height: 47px; text-align: center;"><p style="box-sizing: inherit; font-family: inherit !important; font-size: inherit !important;"><span style="box-sizing: inherit; font-family: arial, helvetica, sans-serif; font-size: 12pt; background-color: rgb(255, 255, 255); color: rgb(0, 0, 0);">happy</span></p></td><td style="box-sizing: inherit; font-family: inherit !important; font-size: inherit !important; width: 387.719px; height: 47px; text-align: center;"><p style="box-sizing: inherit; font-family: inherit !important; font-size: inherit !important;"><span style="box-sizing: inherit; font-family: arial, helvetica, sans-serif; font-size: 12pt; background-color: rgb(255, 255, 255); color: rgb(0, 0, 0);">happily</span></p></td></tr><tr style="box-sizing: inherit; font-family: inherit !important; font-size: inherit !important; height: 47px;"><td style="box-sizing: inherit; font-family: inherit !important; font-size: inherit !important; width: 383.698px; height: 47px; text-align: center;"><p style="box-sizing: inherit; font-family: inherit !important; font-size: inherit !important;"><span style="box-sizing: inherit; font-family: arial, helvetica, sans-serif; font-size: 12pt; background-color: rgb(255, 255, 255); color: rgb(0, 0, 0);">lucky</span></p></td><td style="box-sizing: inherit; font-family: inherit !important; font-size: inherit !important; width: 387.719px; height: 47px; text-align: center;"><p style="box-sizing: inherit; font-family: inherit !important; font-size: inherit !important;"><span style="box-sizing: inherit; font-family: arial, helvetica, sans-serif; font-size: 12pt; background-color: rgb(255, 255, 255); color: rgb(0, 0, 0);">luckily</span></p></td></tr></tbody></table><p style="box-sizing: inherit; font-family: SVN-Poppins, sans-serif; font-size: 12px; color: rgba(0, 0, 0, 0.87); font-style: normal; font-variant-ligatures: normal; font-variant-caps: normal; font-weight: 400; letter-spacing: normal; orphans: 2; text-align: start; text-indent: 0px; text-transform: none; widows: 2; word-spacing: 0px; -webkit-text-stroke-width: 0px; white-space: normal; background-color: rgb(255, 255, 255); text-decoration-thickness: initial; text-decoration-style: initial; text-decoration-color: initial;"><span style="box-sizing: inherit; font-family: inherit !important; font-size: 16px; background-color: rgb(255, 255, 255); color: rgb(0, 0, 0);"><span style="box-sizing: inherit; font-family: Arial, Helvetica, sans-serif; font-size: inherit !important;"><span style="box-sizing: inherit; font-family: inherit !important; font-size: inherit !important; line-height: 18px;">- If the adjective ends in<span>&nbsp;</span><strong style="box-sizing: inherit; font-family: inherit !important; font-weight: 700; font-size: inherit !important;">-''able'', ''-ible'', or ''-le''</strong>, replace the<span>&nbsp;</span><strong style="box-sizing: inherit; font-family: inherit !important; font-weight: 700; font-size: inherit !important;">''-e''<span>&nbsp;</span></strong>with<span>&nbsp;</span><strong style="box-sizing: inherit; font-family: inherit !important; font-weight: 700; font-size: inherit !important;">''-y'':</strong></span></span></span></p><table style="box-sizing: inherit; font-family: SVN-Poppins, sans-serif; font-size: 12px; color: rgba(0, 0, 0, 0.87); font-style: normal; font-variant-ligatures: normal; font-variant-caps: normal; font-weight: 400; letter-spacing: normal; orphans: 2; text-align: start; text-transform: none; widows: 2; word-spacing: 0px; -webkit-text-stroke-width: 0px; white-space: normal; background-color: rgb(255, 255, 255); text-decoration-thickness: initial; text-decoration-style: initial; text-decoration-color: initial; width: 776.167px; height: 207px;"><tbody style="box-sizing: inherit; font-family: inherit !important; font-size: inherit !important;"><tr style="box-sizing: inherit; font-family: inherit !important; font-size: inherit !important;"><td style="box-sizing: inherit; font-family: inherit !important; font-size: inherit !important; width: 385.667px; text-align: center;"><p style="box-sizing: inherit; font-family: inherit !important; font-size: inherit !important;"><span style="box-sizing: inherit; font-family: arial, helvetica, sans-serif; font-size: 12pt; background-color: rgb(255, 255, 255); color: rgb(0, 0, 0);"><strong style="box-sizing: inherit; font-family: inherit !important; font-weight: 700; font-size: inherit !important;">Adjective</strong></span></p></td><td style="box-sizing: inherit; font-family: inherit !important; font-size: inherit !important; width: 384.5px; text-align: center;"><p style="box-sizing: inherit; font-family: inherit !important; font-size: inherit !important;"><span style="box-sizing: inherit; font-family: arial, helvetica, sans-serif; font-size: 12pt; background-color: rgb(255, 255, 255); color: rgb(0, 0, 0);"><strong style="box-sizing: inherit; font-family: inherit !important; font-weight: 700; font-size: inherit !important;">Adverb</strong></span></p></td></tr><tr style="box-sizing: inherit; font-family: inherit !important; font-size: inherit !important;"><td style="box-sizing: inherit; font-family: inherit !important; font-size: inherit !important; width: 385.667px; text-align: center;"><p style="box-sizing: inherit; font-family: inherit !important; font-size: inherit !important;"><span style="box-sizing: inherit; font-family: arial, helvetica, sans-serif; font-size: 12pt; background-color: rgb(255, 255, 255); color: rgb(0, 0, 0);">probable</span></p></td><td style="box-sizing: inherit; font-family: inherit !important; font-size: inherit !important; width: 384.5px; text-align: center;"><p style="box-sizing: inherit; font-family: inherit !important; font-size: inherit !important;"><span style="box-sizing: inherit; font-family: arial, helvetica, sans-serif; font-size: 12pt; background-color: rgb(255, 255, 255); color: rgb(0, 0, 0);">probably</span></p></td></tr><tr style="box-sizing: inherit; font-family: inherit !important; font-size: inherit !important;"><td style="box-sizing: inherit; font-family: inherit !important; font-size: inherit !important; width: 385.667px; text-align: center;"><p style="box-sizing: inherit; font-family: inherit !important; font-size: inherit !important;"><span style="box-sizing: inherit; font-family: arial, helvetica, sans-serif; font-size: 12pt; background-color: rgb(255, 255, 255); color: rgb(0, 0, 0);">terrible</span></p></td><td style="box-sizing: inherit; font-family: inherit !important; font-size: inherit !important; width: 384.5px; text-align: center;"><p style="box-sizing: inherit; font-family: inherit !important; font-size: inherit !important;"><span style="box-sizing: inherit; font-family: arial, helvetica, sans-serif; font-size: 12pt; background-color: rgb(255, 255, 255); color: rgb(0, 0, 0);">probably</span></p></td></tr><tr style="box-sizing: inherit; font-family: inherit !important; font-size: inherit !important;"><td style="box-sizing: inherit; font-family: inherit !important; font-size: inherit !important; width: 385.667px; text-align: center;"><p style="box-sizing: inherit; font-family: inherit !important; font-size: inherit !important;"><span style="box-sizing: inherit; font-family: arial, helvetica, sans-serif; font-size: 12pt; background-color: rgb(255, 255, 255); color: rgb(0, 0, 0);">gentle</span></p></td><td style="box-sizing: inherit; font-family: inherit !important; font-size: inherit !important; width: 384.5px; text-align: center;"><p style="box-sizing: inherit; font-family: inherit !important; font-size: inherit !important;"><span style="box-sizing: inherit; font-family: arial, helvetica, sans-serif; font-size: 12pt; background-color: rgb(255, 255, 255); color: rgb(0, 0, 0);">gently</span></p></td></tr></tbody></table><p style="box-sizing: inherit; font-family: SVN-Poppins, sans-serif; font-size: 12px; color: rgba(0, 0, 0, 0.87); font-style: normal; font-variant-ligatures: normal; font-variant-caps: normal; font-weight: 400; letter-spacing: normal; orphans: 2; text-align: start; text-indent: 0px; text-transform: none; widows: 2; word-spacing: 0px; -webkit-text-stroke-width: 0px; white-space: normal; background-color: rgb(255, 255, 255); text-decoration-thickness: initial; text-decoration-style: initial; text-decoration-color: initial;"><span style="box-sizing: inherit; font-family: inherit !important; font-size: 16px; background-color: rgb(255, 255, 255); color: rgb(0, 0, 0);"><span style="box-sizing: inherit; font-family: Arial, Helvetica, sans-serif; font-size: inherit !important;"><span style="box-sizing: inherit; font-family: inherit !important; font-size: inherit !important; line-height: 18px;">- If the adjective ends in<span>&nbsp;</span><strong style="box-sizing: inherit; font-family: inherit !important; font-weight: 700; font-size: inherit !important;">''-ic''</strong>, add<span>&nbsp;</span><strong style="box-sizing: inherit; font-family: inherit !important; font-weight: 700; font-size: inherit !important;">''-ally'':</strong></span></span></span></p><table style="box-sizing: inherit; font-family: SVN-Poppins, sans-serif; font-size: 12px; color: rgba(0, 0, 0, 0.87); font-style: normal; font-variant-ligatures: normal; font-variant-caps: normal; font-weight: 400; letter-spacing: normal; orphans: 2; text-align: start; text-transform: none; widows: 2; word-spacing: 0px; -webkit-text-stroke-width: 0px; white-space: normal; background-color: rgb(255, 255, 255); text-decoration-thickness: initial; text-decoration-style: initial; text-decoration-color: initial; height: 201px; width: 775.333px;"><tbody style="box-sizing: inherit; font-family: inherit !important; font-size: inherit !important;"><tr style="box-sizing: inherit; font-family: inherit !important; font-size: inherit !important;"><td style="box-sizing: inherit; font-family: inherit !important; font-size: inherit !important; width: 382.635px; text-align: center;"><p style="box-sizing: inherit; font-family: inherit !important; font-size: inherit !important;"><span style="box-sizing: inherit; font-family: arial, helvetica, sans-serif; font-size: 12pt; background-color: rgb(255, 255, 255); color: rgb(0, 0, 0);"><strong style="box-sizing: inherit; font-family: inherit !important; font-weight: 700; font-size: inherit !important;">Adjective</strong></span></p></td><td style="box-sizing: inherit; font-family: inherit !important; font-size: inherit !important; width: 386.698px; text-align: center;"><p style="box-sizing: inherit; font-family: inherit !important; font-size: inherit !important;"><span style="box-sizing: inherit; font-family: arial, helvetica, sans-serif; font-size: 12pt; background-color: rgb(255, 255, 255); color: rgb(0, 0, 0);"><strong style="box-sizing: inherit; font-family: inherit !important; font-weight: 700; font-size: inherit !important;">Adverb</strong></span></p></td></tr><tr style="box-sizing: inherit; font-family: inherit !important; font-size: inherit !important;"><td style="box-sizing: inherit; font-family: inherit !important; font-size: inherit !important; width: 382.635px; text-align: center;"><p style="box-sizing: inherit; font-family: inherit !important; font-size: inherit !important;"><span style="box-sizing: inherit; font-family: arial, helvetica, sans-serif; font-size: 12pt; background-color: rgb(255, 255, 255); color: rgb(0, 0, 0);">basic</span></p></td><td style="box-sizing: inherit; font-family: inherit !important; font-size: inherit !important; width: 386.698px; text-align: center;"><p style="box-sizing: inherit; font-family: inherit !important; font-size: inherit !important;"><span style="box-sizing: inherit; font-family: arial, helvetica, sans-serif; font-size: 12pt; background-color: rgb(255, 255, 255); color: rgb(0, 0, 0);">basically</span></p></td></tr><tr style="box-sizing: inherit; font-family: inherit !important; font-size: inherit !important;"><td style="box-sizing: inherit; font-family: inherit !important; font-size: inherit !important; width: 382.635px; text-align: center;"><p style="box-sizing: inherit; font-family: inherit !important; font-size: inherit !important;"><span style="box-sizing: inherit; font-family: arial, helvetica, sans-serif; font-size: 12pt; background-color: rgb(255, 255, 255); color: rgb(0, 0, 0);">economic</span></p></td><td style="box-sizing: inherit; font-family: inherit !important; font-size: inherit !important; width: 386.698px; text-align: center;"><p style="box-sizing: inherit; font-family: inherit !important; font-size: inherit !important;"><span style="box-sizing: inherit; font-family: arial, helvetica, sans-serif; font-size: 12pt; background-color: rgb(255, 255, 255); color: rgb(0, 0, 0);">economically</span></p></td></tr><tr style="box-sizing: inherit; font-family: inherit !important; font-size: inherit !important;"><td style="box-sizing: inherit; font-family: inherit !important; font-size: inherit !important; width: 382.635px; text-align: center;"><p style="box-sizing: inherit; font-family: inherit !important; font-size: inherit !important;"><span style="box-sizing: inherit; font-family: arial, helvetica, sans-serif; font-size: 12pt; background-color: rgb(255, 255, 255); color: rgb(0, 0, 0);">tragic</span></p></td><td style="box-sizing: inherit; font-family: inherit !important; font-size: inherit !important; width: 386.698px; text-align: center;"><p style="box-sizing: inherit; font-family: inherit !important; font-size: inherit !important;"><span style="box-sizing: inherit; font-family: arial, helvetica, sans-serif; font-size: 12pt; background-color: rgb(255, 255, 255); color: rgb(0, 0, 0);">tragically</span></p></td></tr></tbody></table><p style="box-sizing: inherit; font-family: SVN-Poppins, sans-serif; font-size: 12px; color: rgba(0, 0, 0, 0.87); font-style: normal; font-variant-ligatures: normal; font-variant-caps: normal; font-weight: 400; letter-spacing: normal; orphans: 2; text-align: start; text-indent: 0px; text-transform: none; widows: 2; word-spacing: 0px; -webkit-text-stroke-width: 0px; white-space: normal; background-color: rgb(255, 255, 255); text-decoration-thickness: initial; text-decoration-style: initial; text-decoration-color: initial;"><span style="box-sizing: inherit; font-family: inherit !important; font-size: 16px; background-color: rgb(255, 255, 255); color: rgb(0, 0, 0);"><span style="box-sizing: inherit; font-family: Arial, Helvetica, sans-serif; font-size: inherit !important;"><span style="box-sizing: inherit; font-family: inherit !important; font-size: inherit !important; line-height: 18px;"><strong style="box-sizing: inherit; font-family: inherit !important; font-weight: 700; font-size: inherit !important;"><em style="box-sizing: inherit; font-family: inherit !important; font-size: inherit !important;"><u style="box-sizing: inherit; font-family: inherit !important; font-size: inherit !important;">Note:</u></em></strong></span></span></span></p><p style="box-sizing: inherit; font-family: SVN-Poppins, sans-serif; font-size: 12px; color: rgba(0, 0, 0, 0.87); font-style: normal; font-variant-ligatures: normal; font-variant-caps: normal; font-weight: 400; letter-spacing: normal; orphans: 2; text-align: start; text-indent: 0px; text-transform: none; widows: 2; word-spacing: 0px; -webkit-text-stroke-width: 0px; white-space: normal; background-color: rgb(255, 255, 255); text-decoration-thickness: initial; text-decoration-style: initial; text-decoration-color: initial;"><span style="box-sizing: inherit; font-family: inherit !important; font-size: 16px; background-color: rgb(255, 255, 255); color: rgb(0, 0, 0);"><span style="box-sizing: inherit; font-family: Arial, Helvetica, sans-serif; font-size: inherit !important;"><span style="box-sizing: inherit; font-family: inherit !important; font-size: inherit !important; line-height: 18px;"><em style="box-sizing: inherit; font-family: inherit !important; font-size: inherit !important;">Exception:<strong style="box-sizing: inherit; font-family: inherit !important; font-weight: 700; font-size: inherit !important;"><span>&nbsp;</span>public – publicly</strong></em></span></span></span></p>')
INSERT [dbo].[Lessons] ([idLesson], [idCourse], [title], [content]) VALUES (N'13505456-be1a-4a07-94f9-87e96b6ed2e2', N'6e778ced-ec5c-48ef-bfac-56b6cd72175f', N'Part 5: Hoàn thành câu ', N'<p class="MuiTypography-root MuiTypography-body1 lesson-title css-1ju6s32" style="box-sizing: inherit; font-family: SVN-Poppins, sans-serif; margin: 0px 0px 16px; line-height: 1.5; text-align: center; font-weight: 600; font-size: 16px; color: rgba(0, 0, 0, 0.87); font-style: normal; font-variant-ligatures: normal; font-variant-caps: normal; letter-spacing: normal; orphans: 2; text-indent: 0px; text-transform: none; widows: 2; word-spacing: 0px; -webkit-text-stroke-width: 0px; white-space: normal; background-color: rgb(255, 255, 255); text-decoration-thickness: initial; text-decoration-style: initial; text-decoration-color: initial;">Lesson 5: Predict what you will hear</p><div class="normal-root-container" style="box-sizing: inherit; font-family: SVN-Poppins, sans-serif; color: rgba(0, 0, 0, 0.87); font-size: 16px; font-style: normal; font-variant-ligatures: normal; font-variant-caps: normal; font-weight: 400; letter-spacing: normal; orphans: 2; text-align: start; text-indent: 0px; text-transform: none; widows: 2; word-spacing: 0px; -webkit-text-stroke-width: 0px; white-space: normal; background-color: rgb(255, 255, 255); text-decoration-thickness: initial; text-decoration-style: initial; text-decoration-color: initial; position: relative; overflow: hidden; width: 810.333px; height: 600px;"><div style="box-sizing: inherit; font-family: SVN-Poppins, sans-serif; position: absolute; inset: 0px; overflow: auto; margin-right: -17px; margin-bottom: -17px;"><div class="game-lesson-view-content MuiBox-root css-1egpmkw" style="box-sizing: inherit; font-family: SVN-Poppins, sans-serif; padding: 17px;"><p style="box-sizing: inherit; font-family: inherit !important; text-align: justify;">&nbsp;<br></p><p style="box-sizing: inherit; font-family: inherit !important; text-align: justify;"><span style="box-sizing: inherit; font-family: inherit !important; background-color: rgb(191, 237, 210);"><strong style="box-sizing: inherit; font-family: arial, helvetica, sans-serif; font-weight: 700; font-size: 14pt; background-color: rgb(191, 237, 210);">1. Question type&nbsp;</strong></span></p><p style="box-sizing: inherit; font-family: inherit !important; text-align: justify;"><span style="box-sizing: inherit; font-family: arial, helvetica, sans-serif; font-weight: 400; font-size: 14pt;">In this part, you are asked to see a picture and choose the statement that most describes the picture. To be able to choose the correct answer, you should think of the topic of the picture and possible statements.</span></p><p style="box-sizing: inherit; font-family: inherit !important; text-align: justify;">&nbsp;<br></p><p style="box-sizing: inherit; font-family: inherit !important; text-align: justify;"><span style="box-sizing: inherit; font-family: arial, helvetica, sans-serif; font-size: 14pt; background-color: rgb(191, 237, 210); color: rgb(0, 0, 0);"><strong style="box-sizing: inherit; font-family: inherit !important; font-weight: 700;">2. Guide to answer</strong></span></p><p style="box-sizing: inherit; font-family: inherit !important; text-align: justify;"><span style="box-sizing: inherit; font-family: arial, helvetica, sans-serif; font-weight: 400; font-size: 14pt;">- Before the beginning of the section, think of the theme of the picture as well as brainstorm nouns and verbs related to the picture. You should do this because most distractors in the TOEIC part 1 involve the wrong noun or verb.</span></p><p style="box-sizing: inherit; font-family: inherit !important; text-align: justify;"><span style="box-sizing: inherit; font-family: arial, helvetica, sans-serif; font-weight: 400; font-size: 14pt;">- Before listening, you also should predict possible statements. Most statements are about:</span></p><p style="box-sizing: inherit; font-family: inherit !important; text-align: justify;"><span style="box-sizing: inherit; font-family: arial, helvetica, sans-serif; font-weight: 400; font-size: 14pt;">+ The activity</span></p><p style="box-sizing: inherit; font-family: inherit !important; text-align: justify;"><span style="box-sizing: inherit; font-family: arial, helvetica, sans-serif; font-weight: 400; font-size: 14pt;"><strong style="box-sizing: inherit; font-family: inherit !important; font-weight: 700;">E.g.</strong><span>&nbsp;</span>The man is writing an email.</span></p><p style="box-sizing: inherit; font-family: inherit !important; text-align: justify;"><span style="box-sizing: inherit; font-family: arial, helvetica, sans-serif; font-weight: 400; font-size: 14pt;">+ The general situation</span></p></div></div></div>')
INSERT [dbo].[Lessons] ([idLesson], [idCourse], [title], [content]) VALUES (N'3304059a-6986-44bc-ba44-bdcad60610c1', N'6e778ced-ec5c-48ef-bfac-56b6cd72175f', N'Part 3: Đoạn hội thoại', N'<p class="MuiTypography-root MuiTypography-body1 lesson-title css-1ju6s32" style="box-sizing: inherit; font-family: SVN-Poppins, sans-serif; margin: 0px 0px 16px; line-height: 1.5; text-align: center; font-weight: 600; font-size: 16px; color: rgba(0, 0, 0, 0.87); font-style: normal; font-variant-ligatures: normal; font-variant-caps: normal; letter-spacing: normal; orphans: 2; text-indent: 0px; text-transform: none; widows: 2; word-spacing: 0px; -webkit-text-stroke-width: 0px; white-space: normal; background-color: rgb(255, 255, 255); text-decoration-thickness: initial; text-decoration-style: initial; text-decoration-color: initial;">Lesson 3: Skimming to predict context before listening</p><div class="normal-root-container" style="box-sizing: inherit; font-family: SVN-Poppins, sans-serif; color: rgba(0, 0, 0, 0.87); font-size: 16px; font-style: normal; font-variant-ligatures: normal; font-variant-caps: normal; font-weight: 400; letter-spacing: normal; orphans: 2; text-align: start; text-indent: 0px; text-transform: none; widows: 2; word-spacing: 0px; -webkit-text-stroke-width: 0px; white-space: normal; background-color: rgb(255, 255, 255); text-decoration-thickness: initial; text-decoration-style: initial; text-decoration-color: initial; position: relative; overflow: hidden; width: 810.333px; height: 600px;"><div style="box-sizing: inherit; font-family: SVN-Poppins, sans-serif; position: absolute; inset: 0px; overflow: auto; margin-right: -17px; margin-bottom: -17px;"><div class="game-lesson-view-content MuiBox-root css-1egpmkw" style="box-sizing: inherit; font-family: SVN-Poppins, sans-serif; padding: 17px;"><p style="box-sizing: inherit; font-family: inherit !important; text-align: justify;">&nbsp;<br></p><p style="box-sizing: inherit; font-family: inherit !important; text-align: justify;"><span style="box-sizing: inherit; font-family: arial, helvetica, sans-serif; background-color: rgb(191, 237, 210); font-size: 14pt;"><strong style="box-sizing: inherit; font-family: inherit !important; font-weight: 700;">1. Question type</strong></span></p><p style="box-sizing: inherit; font-family: inherit !important; text-align: justify;"><span style="box-sizing: inherit; font-family: arial, helvetica, sans-serif; font-weight: 400; font-size: 14pt;">In this part of the test, you should skim the questions and answer choices to predict what you are going to hear.&nbsp;</span></p><p style="box-sizing: inherit; font-family: inherit !important; text-align: justify;">&nbsp;<br></p><p style="box-sizing: inherit; font-family: inherit !important; text-align: justify;"><span style="box-sizing: inherit; font-family: arial, helvetica, sans-serif; background-color: rgb(191, 237, 210); font-size: 14pt;"><strong style="box-sizing: inherit; font-family: inherit !important; font-weight: 700;">2. Guide to answer</strong></span></p><p style="box-sizing: inherit; font-family: inherit !important; text-align: justify;"><span style="box-sizing: inherit; font-family: arial, helvetica, sans-serif; font-weight: 400; font-size: 14pt;">- Use the time before listening to predict the context. This can make the listening easier. Use the key information in the answer choices to make a rough guess about what you are going to hear.</span></p><p style="box-sizing: inherit; font-family: inherit !important; text-align: justify;"><span style="box-sizing: inherit; font-family: arial, helvetica, sans-serif; font-weight: 400; font-size: 14pt;">- Listening carefully and choosing the correct answer</span></p></div></div></div>')
INSERT [dbo].[Lessons] ([idLesson], [idCourse], [title], [content]) VALUES (N'55106086-1d88-4865-b4fc-dc7044612c8c', N'1aeb7d2d-b809-45ae-bff2-83f1c143a2f5', N'NOUN', N'<p style="box-sizing: inherit; font-family: SVN-Poppins, sans-serif; font-size: 12px; color: rgba(0, 0, 0, 0.87); font-style: normal; font-variant-ligatures: normal; font-variant-caps: normal; font-weight: 400; letter-spacing: normal; orphans: 2; text-indent: 0px; text-transform: none; widows: 2; word-spacing: 0px; -webkit-text-stroke-width: 0px; white-space: normal; background-color: rgb(255, 255, 255); text-decoration-thickness: initial; text-decoration-style: initial; text-decoration-color: initial; text-align: justify; margin-bottom: 11px;"><span style="box-sizing: inherit; font-family: inherit !important; font-size: 16px; color: rgb(0, 0, 0); background-color: rgb(248, 202, 198);"><span style="box-sizing: inherit; font-family: Arial, Helvetica, sans-serif; font-size: inherit !important;"><span style="box-sizing: inherit; font-family: inherit !important; font-size: inherit !important; line-height: 18px;"><strong style="box-sizing: inherit; font-family: inherit !important; font-weight: 700; font-size: inherit !important;">1. What is a noun?</strong></span></span></span></p><p style="box-sizing: inherit; font-family: SVN-Poppins, sans-serif; font-size: 12px; color: rgba(0, 0, 0, 0.87); font-style: normal; font-variant-ligatures: normal; font-variant-caps: normal; font-weight: 400; letter-spacing: normal; orphans: 2; text-indent: 0px; text-transform: none; widows: 2; word-spacing: 0px; -webkit-text-stroke-width: 0px; white-space: normal; background-color: rgb(255, 255, 255); text-decoration-thickness: initial; text-decoration-style: initial; text-decoration-color: initial; text-align: justify; margin-bottom: 11px;"><span style="box-sizing: inherit; font-family: inherit !important; font-size: 16px; color: rgb(0, 0, 0);"><span style="box-sizing: inherit; font-family: Arial, Helvetica, sans-serif; font-size: inherit !important;"><span style="box-sizing: inherit; font-family: inherit !important; font-size: inherit !important; line-height: 18px;">A noun is a word that names<span>&nbsp;</span><strong style="box-sizing: inherit; font-family: inherit !important; font-weight: 700; font-size: inherit !important;">something</strong>, such as<span>&nbsp;</span><strong style="box-sizing: inherit; font-family: inherit !important; font-weight: 700; font-size: inherit !important;">a person, place, thing, or idea.</strong></span></span></span></p><p style="box-sizing: inherit; font-family: SVN-Poppins, sans-serif; font-size: 12px; color: rgba(0, 0, 0, 0.87); font-style: normal; font-variant-ligatures: normal; font-variant-caps: normal; font-weight: 400; letter-spacing: normal; orphans: 2; text-indent: 0px; text-transform: none; widows: 2; word-spacing: 0px; -webkit-text-stroke-width: 0px; white-space: normal; background-color: rgb(255, 255, 255); text-decoration-thickness: initial; text-decoration-style: initial; text-decoration-color: initial; text-align: justify; margin-bottom: 11px;"><span style="box-sizing: inherit; font-family: inherit !important; font-size: 16px; color: rgb(0, 0, 0);"><span style="box-sizing: inherit; font-family: Arial, Helvetica, sans-serif; font-size: inherit !important;"><span style="box-sizing: inherit; font-family: inherit !important; font-size: inherit !important; line-height: 18px;"><em style="box-sizing: inherit; font-family: inherit !important; font-size: inherit !important;"><u style="box-sizing: inherit; font-family: inherit !important; font-size: inherit !important;">Example</u>:<span>&nbsp;</span></em>factory, approval, construction, London, etc.</span></span></span></p><p style="box-sizing: inherit; font-family: SVN-Poppins, sans-serif; font-size: 12px; color: rgba(0, 0, 0, 0.87); font-style: normal; font-variant-ligatures: normal; font-variant-caps: normal; font-weight: 400; letter-spacing: normal; orphans: 2; text-indent: 0px; text-transform: none; widows: 2; word-spacing: 0px; -webkit-text-stroke-width: 0px; white-space: normal; background-color: rgb(255, 255, 255); text-decoration-thickness: initial; text-decoration-style: initial; text-decoration-color: initial; text-align: justify; margin-bottom: 11px;">&nbsp;</p><p style="box-sizing: inherit; font-family: SVN-Poppins, sans-serif; font-size: 12px; color: rgba(0, 0, 0, 0.87); font-style: normal; font-variant-ligatures: normal; font-variant-caps: normal; font-weight: 400; letter-spacing: normal; orphans: 2; text-indent: 0px; text-transform: none; widows: 2; word-spacing: 0px; -webkit-text-stroke-width: 0px; white-space: normal; background-color: rgb(255, 255, 255); text-decoration-thickness: initial; text-decoration-style: initial; text-decoration-color: initial; text-align: justify; margin-bottom: 11px;"><span style="box-sizing: inherit; font-family: inherit !important; font-size: 16px; color: rgb(0, 0, 0); background-color: rgb(248, 202, 198);"><span style="box-sizing: inherit; font-family: Arial, Helvetica, sans-serif; font-size: inherit !important;"><span style="box-sizing: inherit; font-family: inherit !important; font-size: inherit !important; line-height: 18px;"><strong style="box-sizing: inherit; font-family: inherit !important; font-weight: 700; font-size: inherit !important;">2. Functions of a noun</strong></span></span></span></p><table class="Table" width="602" align="center" style="box-sizing: inherit; font-family: SVN-Poppins, sans-serif; font-size: 12px; color: rgba(0, 0, 0, 0.87); font-style: normal; font-variant-ligatures: normal; font-variant-caps: normal; font-weight: 400; letter-spacing: normal; orphans: 2; text-align: start; text-transform: none; widows: 2; word-spacing: 0px; -webkit-text-stroke-width: 0px; white-space: normal; background-color: rgb(255, 255, 255); text-decoration-thickness: initial; text-decoration-style: initial; text-decoration-color: initial; width: 778.667px; border-collapse: collapse; height: 245px;"><tbody style="box-sizing: inherit; font-family: inherit !important; font-size: inherit !important;"><tr style="box-sizing: inherit; font-family: inherit !important; font-size: inherit !important; height: 49px;"><td valign="top" style="box-sizing: inherit; font-family: inherit !important; font-size: inherit !important; padding: 7px; border: 1px solid black; width: 363.177px; height: 49px;"><p align="center" style="box-sizing: inherit; font-family: inherit !important; font-size: inherit !important; text-align: center; margin-bottom: 11px;"><span style="box-sizing: inherit; font-family: inherit !important; font-size: 16px; color: rgb(0, 0, 0);"><span style="box-sizing: inherit; font-family: Arial, Helvetica, sans-serif; font-size: inherit !important;"><span style="box-sizing: inherit; font-family: inherit !important; font-size: inherit !important; line-height: 18px;"><strong style="box-sizing: inherit; font-family: inherit !important; font-weight: 700; font-size: inherit !important;">Functions of a noun</strong></span></span></span></p></td><td valign="top" style="box-sizing: inherit; font-family: inherit !important; font-size: inherit !important; border-bottom: 1px solid black; padding: 7px; border-top: 1px solid black; border-right: 1px solid black; border-left: none; width: 414.823px; height: 49px;"><p align="center" style="box-sizing: inherit; font-family: inherit !important; font-size: inherit !important; text-align: center; margin-bottom: 11px;"><span style="box-sizing: inherit; font-family: inherit !important; font-size: 16px; color: rgb(0, 0, 0);"><span style="box-sizing: inherit; font-family: Arial, Helvetica, sans-serif; font-size: inherit !important;"><span style="box-sizing: inherit; font-family: inherit !important; font-size: inherit !important; line-height: 18px;"><strong style="box-sizing: inherit; font-family: inherit !important; font-weight: 700; font-size: inherit !important;">Examples</strong></span></span></span></p></td></tr><tr style="box-sizing: inherit; font-family: inherit !important; font-size: inherit !important; height: 49px;"><td valign="top" style="box-sizing: inherit; font-family: inherit !important; font-size: inherit !important; border-bottom: 1px solid black; padding: 7px; border-top: none; border-right: 1px solid black; border-left: 1px solid black; width: 363.177px; height: 49px;"><p style="box-sizing: inherit; font-family: inherit !important; font-size: inherit !important; margin-bottom: 11px;"><span style="box-sizing: inherit; font-family: inherit !important; font-size: 16px; color: rgb(0, 0, 0);"><span style="box-sizing: inherit; font-family: Arial, Helvetica, sans-serif; font-size: inherit !important;"><span style="box-sizing: inherit; font-family: inherit !important; font-size: inherit !important; line-height: 18px;">As a subject</span></span></span></p></td><td valign="top" style="box-sizing: inherit; font-family: inherit !important; font-size: inherit !important; border-bottom: 1px solid black; padding: 7px; border-top: none; border-right: 1px solid black; border-left: none; width: 414.823px; height: 49px;"><p style="box-sizing: inherit; font-family: inherit !important; font-size: inherit !important; margin-bottom: 11px;"><span style="box-sizing: inherit; font-family: inherit !important; font-size: 16px; color: rgb(0, 0, 0);"><span style="box-sizing: inherit; font-family: Arial, Helvetica, sans-serif; font-size: inherit !important;"><span style="box-sizing: inherit; font-family: inherit !important; font-size: inherit !important; line-height: 18px;">The<span>&nbsp;</span><strong style="box-sizing: inherit; font-family: inherit !important; font-weight: 700; font-size: inherit !important;">seminar</strong><span>&nbsp;</span>will be held next week.</span></span></span></p></td></tr><tr style="box-sizing: inherit; font-family: inherit !important; font-size: inherit !important; height: 49px;"><td valign="top" style="box-sizing: inherit; font-family: inherit !important; font-size: inherit !important; border-bottom: 1px solid black; padding: 7px; border-top: none; border-right: 1px solid black; border-left: 1px solid black; width: 363.177px; height: 49px;"><p style="box-sizing: inherit; font-family: inherit !important; font-size: inherit !important; margin-bottom: 11px;"><span style="box-sizing: inherit; font-family: inherit !important; font-size: 16px; color: rgb(0, 0, 0);"><span style="box-sizing: inherit; font-family: Arial, Helvetica, sans-serif; font-size: inherit !important;"><span style="box-sizing: inherit; font-family: inherit !important; font-size: inherit !important; line-height: 18px;">As an object of a verb</span></span></span></p></td><td valign="top" style="box-sizing: inherit; font-family: inherit !important; font-size: inherit !important; border-bottom: 1px solid black; padding: 7px; border-top: none; border-right: 1px solid black; border-left: none; width: 414.823px; height: 49px;"><p style="box-sizing: inherit; font-family: inherit !important; font-size: inherit !important; margin-bottom: 11px;"><span style="box-sizing: inherit; font-family: inherit !important; font-size: 16px; color: rgb(0, 0, 0);"><span style="box-sizing: inherit; font-family: Arial, Helvetica, sans-serif; font-size: inherit !important;"><span style="box-sizing: inherit; font-family: inherit !important; font-size: inherit !important; line-height: 18px;">I enjoyed his<span>&nbsp;</span><strong style="box-sizing: inherit; font-family: inherit !important; font-weight: 700; font-size: inherit !important;">presentation</strong>.</span></span></span></p></td></tr><tr style="box-sizing: inherit; font-family: inherit !important; font-size: inherit !important; height: 49px;"><td valign="top" style="box-sizing: inherit; font-family: inherit !important; font-size: inherit !important; border-bottom: 1px solid black; padding: 7px; border-top: none; border-right: 1px solid black; border-left: 1px solid black; width: 363.177px; height: 49px;"><p style="box-sizing: inherit; font-family: inherit !important; font-size: inherit !important; margin-bottom: 11px;"><span style="box-sizing: inherit; font-family: inherit !important; font-size: 16px; color: rgb(0, 0, 0);"><span style="box-sizing: inherit; font-family: Arial, Helvetica, sans-serif; font-size: inherit !important;"><span style="box-sizing: inherit; font-family: inherit !important; font-size: inherit !important; line-height: 18px;">As an object of a preposition</span></span></span></p></td><td valign="top" style="box-sizing: inherit; font-family: inherit !important; font-size: inherit !important; border-bottom: 1px solid black; padding: 7px; border-top: none; border-right: 1px solid black; border-left: none; width: 414.823px; height: 49px;"><p style="box-sizing: inherit; font-family: inherit !important; font-size: inherit !important; margin-bottom: 11px;"><span style="box-sizing: inherit; font-family: inherit !important; font-size: 16px; color: rgb(0, 0, 0);"><span style="box-sizing: inherit; font-family: Arial, Helvetica, sans-serif; font-size: inherit !important;"><span style="box-sizing: inherit; font-family: inherit !important; font-size: inherit !important; line-height: 18px;">There was a<span>&nbsp;</span><strong style="box-sizing: inherit; font-family: inherit !important; font-weight: 700; font-size: inherit !important;">complaint</strong><span>&nbsp;</span>from the customer.</span></span></span></p></td></tr><tr style="box-sizing: inherit; font-family: inherit !important; font-size: inherit !important; height: 49px;"><td valign="top" style="box-sizing: inherit; font-family: inherit !important; font-size: inherit !important; border-bottom: 1px solid black; padding: 7px; border-top: none; border-right: 1px solid black; border-left: 1px solid black; width: 363.177px; height: 49px;"><p style="box-sizing: inherit; font-family: inherit !important; font-size: inherit !important; margin-bottom: 11px;"><span style="box-sizing: inherit; font-family: inherit !important; font-size: 16px; color: rgb(0, 0, 0);"><span style="box-sizing: inherit; font-family: Arial, Helvetica, sans-serif; font-size: inherit !important;"><span style="box-sizing: inherit; font-family: inherit !important; font-size: inherit !important; line-height: 18px;">As a complement</span></span></span></p></td><td valign="top" style="box-sizing: inherit; font-family: inherit !important; font-size: inherit !important; border-bottom: 1px solid black; padding: 7px; border-top: none; border-right: 1px solid black; border-left: none; width: 414.823px; height: 49px;"><p style="box-sizing: inherit; font-family: inherit !important; font-size: inherit !important; margin-bottom: 11px;"><span style="box-sizing: inherit; font-family: inherit !important; font-size: 16px; color: rgb(0, 0, 0);"><span style="box-sizing: inherit; font-family: Arial, Helvetica, sans-serif; font-size: inherit !important;"><span style="box-sizing: inherit; font-family: inherit !important; font-size: inherit !important; line-height: 18px;">Mr.John will become the next<span>&nbsp;</span><strong style="box-sizing: inherit; font-family: inherit !important; font-weight: 700; font-size: inherit !important;">mayor.</strong></span></span></span></p></td></tr></tbody></table><p style="box-sizing: inherit; font-family: SVN-Poppins, sans-serif; font-size: 12px; color: rgba(0, 0, 0, 0.87); font-style: normal; font-variant-ligatures: normal; font-variant-caps: normal; font-weight: 400; letter-spacing: normal; orphans: 2; text-align: start; text-indent: 0px; text-transform: none; widows: 2; word-spacing: 0px; -webkit-text-stroke-width: 0px; white-space: normal; background-color: rgb(255, 255, 255); text-decoration-thickness: initial; text-decoration-style: initial; text-decoration-color: initial; margin-bottom: 11px;">&nbsp;</p><p style="box-sizing: inherit; font-family: SVN-Poppins, sans-serif; font-size: 12px; color: rgba(0, 0, 0, 0.87); font-style: normal; font-variant-ligatures: normal; font-variant-caps: normal; font-weight: 400; letter-spacing: normal; orphans: 2; text-align: start; text-indent: 0px; text-transform: none; widows: 2; word-spacing: 0px; -webkit-text-stroke-width: 0px; white-space: normal; background-color: rgb(255, 255, 255); text-decoration-thickness: initial; text-decoration-style: initial; text-decoration-color: initial; margin-bottom: 11px;"><span style="box-sizing: inherit; font-family: inherit !important; font-size: 16px; color: rgb(0, 0, 0); background-color: rgb(248, 202, 198);"><span style="box-sizing: inherit; font-family: Arial, Helvetica, sans-serif; font-size: inherit !important;"><span style="box-sizing: inherit; font-family: inherit !important; font-size: inherit !important; line-height: 18px;"><strong style="box-sizing: inherit; font-family: inherit !important; font-weight: 700; font-size: inherit !important;">3. Positions of a noun</strong></span></span></span></p><table class="Table" align="center" style="box-sizing: inherit; font-family: SVN-Poppins, sans-serif; font-size: 12px; color: rgba(0, 0, 0, 0.87); font-style: normal; font-variant-ligatures: normal; font-variant-caps: normal; font-weight: 400; letter-spacing: normal; orphans: 2; text-align: start; text-transform: none; widows: 2; word-spacing: 0px; -webkit-text-stroke-width: 0px; white-space: normal; background-color: rgb(255, 255, 255); text-decoration-thickness: initial; text-decoration-style: initial; text-decoration-color: initial; border-collapse: collapse; height: 323px; width: 775.75px;"><tbody style="box-sizing: inherit; font-family: inherit !important; font-size: inherit !important;"><tr style="box-sizing: inherit; font-family: inherit !important; font-size: inherit !important;"><td valign="top" style="box-sizing: inherit; font-family: inherit !important; font-size: inherit !important; padding: 7px; border: 1px solid black; width: 362.021px;"><p align="center" style="box-sizing: inherit; font-family: inherit !important; font-size: inherit !important; text-align: center; margin-bottom: 11px;"><span style="box-sizing: inherit; font-family: inherit !important; font-size: 16px; color: rgb(0, 0, 0);"><span style="box-sizing: inherit; font-family: Arial, Helvetica, sans-serif; font-size: inherit !important;"><span style="box-sizing: inherit; font-family: inherit !important; font-size: inherit !important; line-height: 18px;"><strong style="box-sizing: inherit; font-family: inherit !important; font-weight: 700; font-size: inherit !important;">Positions of a noun</strong></span></span></span></p></td><td valign="top" style="box-sizing: inherit; font-family: inherit !important; font-size: inherit !important; border-bottom: 1px solid black; padding: 7px; border-top: 1px solid black; border-right: 1px solid black; border-left: none; width: 413.062px;"><p align="center" style="box-sizing: inherit; font-family: inherit !important; font-size: inherit !important; text-align: center; margin-bottom: 11px;"><span style="box-sizing: inherit; font-family: inherit !important; font-size: 16px; color: rgb(0, 0, 0);"><span style="box-sizing: inherit; font-family: Arial, Helvetica, sans-serif; font-size: inherit !important;"><span style="box-sizing: inherit; font-family: inherit !important; font-size: inherit !important; line-height: 18px;"><strong style="box-sizing: inherit; font-family: inherit !important; font-weight: 700; font-size: inherit !important;">Examples</strong></span></span></span></p></td></tr><tr style="box-sizing: inherit; font-family: inherit !important; font-size: inherit !important;"><td valign="top" style="box-sizing: inherit; font-family: inherit !important; font-size: inherit !important; border-bottom: 1px solid black; padding: 7px; border-top: none; border-right: 1px solid black; border-left: 1px solid black; width: 362.021px;"><p style="box-sizing: inherit; font-family: inherit !important; font-size: inherit !important; text-align: justify; margin-bottom: 11px;"><span style="box-sizing: inherit; font-family: inherit !important; font-size: 16px; color: rgb(0, 0, 0);"><span style="box-sizing: inherit; font-family: Arial, Helvetica, sans-serif; font-size: inherit !important;"><span style="box-sizing: inherit; font-family: inherit !important; font-size: inherit !important; line-height: 18px;">After an indefinite article (a, an) or a definite article (the)</span></span></span></p></td><td valign="top" style="box-sizing: inherit; font-family: inherit !important; font-size: inherit !important; border-bottom: 1px solid black; padding: 7px; border-top: none; border-right: 1px solid black; border-left: none; width: 413.062px;"><p style="box-sizing: inherit; font-family: inherit !important; font-size: inherit !important; text-align: justify; margin-bottom: 11px;"><span style="box-sizing: inherit; font-family: inherit !important; font-size: 16px; color: rgb(0, 0, 0);"><span style="box-sizing: inherit; font-family: Arial, Helvetica, sans-serif; font-size: inherit !important;"><span style="box-sizing: inherit; font-family: inherit !important; font-size: inherit !important; line-height: 18px;">I am looking for<span>&nbsp;</span><strong style="box-sizing: inherit; font-family: inherit !important; font-weight: 700; font-size: inherit !important;">a chair</strong></span></span></span></p></td></tr><tr style="box-sizing: inherit; font-family: inherit !important; font-size: inherit !important;"><td valign="top" style="box-sizing: inherit; font-family: inherit !important; font-size: inherit !important; border-bottom: 1px solid black; padding: 7px; border-top: none; border-right: 1px solid black; border-left: 1px solid black; width: 362.021px;"><p style="box-sizing: inherit; font-family: inherit !important; font-size: inherit !important; text-align: justify; margin-bottom: 11px;"><span style="box-sizing: inherit; font-family: inherit !important; font-size: 16px; color: rgb(0, 0, 0);"><span style="box-sizing: inherit; font-family: Arial, Helvetica, sans-serif; font-size: inherit !important;"><span style="box-sizing: inherit; font-family: inherit !important; font-size: inherit !important; line-height: 18px;">After an adjective&nbsp;</span></span></span></p></td><td valign="top" style="box-sizing: inherit; font-family: inherit !important; font-size: inherit !important; border-bottom: 1px solid black; padding: 7px; border-top: none; border-right: 1px solid black; border-left: none; width: 413.062px;"><p style="box-sizing: inherit; font-family: inherit !important; font-size: inherit !important; text-align: justify; margin-bottom: 11px;"><span style="box-sizing: inherit; font-family: inherit !important; font-size: 16px; color: rgb(0, 0, 0);"><span style="box-sizing: inherit; font-family: Arial, Helvetica, sans-serif; font-size: inherit !important;"><span style="box-sizing: inherit; font-family: inherit !important; font-size: inherit !important; line-height: 18px;">It is a<span>&nbsp;</span><strong style="box-sizing: inherit; font-family: inherit !important; font-weight: 700; font-size: inherit !important;">good solution</strong></span></span></span></p></td></tr><tr style="box-sizing: inherit; font-family: inherit !important; font-size: inherit !important;"><td valign="top" style="box-sizing: inherit; font-family: inherit !important; font-size: inherit !important; border-bottom: 1px solid black; padding: 7px; border-top: none; border-right: 1px solid black; border-left: 1px solid black; width: 362.021px;"><p style="box-sizing: inherit; font-family: inherit !important; font-size: inherit !important; text-align: justify; margin-bottom: 11px;"><span style="box-sizing: inherit; font-family: inherit !important; font-size: 16px; color: rgb(0, 0, 0);"><span style="box-sizing: inherit; font-family: Arial, Helvetica, sans-serif; font-size: inherit !important;"><span style="box-sizing: inherit; font-family: inherit !important; font-size: inherit !important; line-height: 18px;">After a possessive adjective (my, her, his, etc)&nbsp;</span></span></span></p></td><td valign="top" style="box-sizing: inherit; font-family: inherit !important; font-size: inherit !important; border-bottom: 1px solid black; padding: 7px; border-top: none; border-right: 1px solid black; border-left: none; width: 413.062px;"><p style="box-sizing: inherit; font-family: inherit !important; font-size: inherit !important; text-align: justify; margin-bottom: 11px;"><span style="box-sizing: inherit; font-family: inherit !important; font-size: 16px; color: rgb(0, 0, 0);"><span style="box-sizing: inherit; font-family: Arial, Helvetica, sans-serif; font-size: inherit !important;"><span style="box-sizing: inherit; font-family: inherit !important; font-size: inherit !important; line-height: 18px;">David is one of<strong style="box-sizing: inherit; font-family: inherit !important; font-weight: 700; font-size: inherit !important;"><span>&nbsp;</span>my</strong><span>&nbsp;</span><strong style="box-sizing: inherit; font-family: inherit !important; font-weight: 700; font-size: inherit !important;">colleagues.</strong></span></span></span></p></td></tr><tr style="box-sizing: inherit; font-family: inherit !important; font-size: inherit !important;"><td valign="top" style="box-sizing: inherit; font-family: inherit !important; font-size: inherit !important; border-bottom: 1px solid black; padding: 7px; border-top: none; border-right: 1px solid black; border-left: 1px solid black; width: 362.021px;"><p style="box-sizing: inherit; font-family: inherit !important; font-size: inherit !important; text-align: justify; margin-bottom: 11px;"><span style="box-sizing: inherit; font-family: inherit !important; font-size: 16px; color: rgb(0, 0, 0);"><span style="box-sizing: inherit; font-family: Arial, Helvetica, sans-serif; font-size: inherit !important;"><span style="box-sizing: inherit; font-family: inherit !important; font-size: inherit !important; line-height: 18px;">After a preposition</span></span></span></p></td><td valign="top" style="box-sizing: inherit; font-family: inherit !important; font-size: inherit !important; border-bottom: 1px solid black; padding: 7px; border-top: none; border-right: 1px solid black; border-left: none; width: 413.062px;"><p style="box-sizing: inherit; font-family: inherit !important; font-size: inherit !important; text-align: justify; margin-bottom: 11px;"><span style="box-sizing: inherit; font-family: inherit !important; font-size: 16px; color: rgb(0, 0, 0);"><span style="box-sizing: inherit; font-family: Arial, Helvetica, sans-serif; font-size: inherit !important;"><span style="box-sizing: inherit; font-family: inherit !important; font-size: inherit !important; line-height: 18px;">They offer<span>&nbsp;</span><strong style="box-sizing: inherit; font-family: inherit !important; font-weight: 700; font-size: inherit !important;">a variety of services.</strong></span></span></span></p></td></tr></tbody></table><p style="box-sizing: inherit; font-family: SVN-Poppins, sans-serif; font-size: 12px; color: rgba(0, 0, 0, 0.87); font-style: normal; font-variant-ligatures: normal; font-variant-caps: normal; font-weight: 400; letter-spacing: normal; orphans: 2; text-align: start; text-indent: 0px; text-transform: none; widows: 2; word-spacing: 0px; -webkit-text-stroke-width: 0px; white-space: normal; background-color: rgb(255, 255, 255); text-decoration-thickness: initial; text-decoration-style: initial; text-decoration-color: initial; margin-bottom: 11px;">&nbsp;</p><p style="box-sizing: inherit; font-family: SVN-Poppins, sans-serif; font-size: 12px; color: rgba(0, 0, 0, 0.87); font-style: normal; font-variant-ligatures: normal; font-variant-caps: normal; font-weight: 400; letter-spacing: normal; orphans: 2; text-align: start; text-indent: 0px; text-transform: none; widows: 2; word-spacing: 0px; -webkit-text-stroke-width: 0px; white-space: normal; background-color: rgb(255, 255, 255); text-decoration-thickness: initial; text-decoration-style: initial; text-decoration-color: initial; margin-bottom: 11px;"><span style="box-sizing: inherit; font-family: inherit !important; font-size: 16px; color: rgb(0, 0, 0); background-color: rgb(248, 202, 198);"><span style="box-sizing: inherit; font-family: Arial, Helvetica, sans-serif; font-size: inherit !important;"><span style="box-sizing: inherit; font-family: inherit !important; font-size: inherit !important; line-height: 18px;"><strong style="box-sizing: inherit; font-family: inherit !important; font-weight: 700; font-size: inherit !important;">4. Countable nouns &amp; uncountable nouns&nbsp;</strong></span></span></span></p><p style="box-sizing: inherit; font-family: SVN-Poppins, sans-serif; font-size: 12px; color: rgba(0, 0, 0, 0.87); font-style: normal; font-variant-ligatures: normal; font-variant-caps: normal; font-weight: 400; letter-spacing: normal; orphans: 2; text-indent: 0px; text-transform: none; widows: 2; word-spacing: 0px; -webkit-text-stroke-width: 0px; white-space: normal; background-color: rgb(255, 255, 255); text-decoration-thickness: initial; text-decoration-style: initial; text-decoration-color: initial; text-align: justify; margin-bottom: 11px;"><span style="box-sizing: inherit; font-family: inherit !important; font-size: 16px; color: rgb(0, 0, 0);"><span style="box-sizing: inherit; font-family: Arial, Helvetica, sans-serif; font-size: inherit !important;"><span style="box-sizing: inherit; font-family: inherit !important; font-size: inherit !important; line-height: 18px;"><strong style="box-sizing: inherit; font-family: inherit !important; font-weight: 700; font-size: inherit !important;">- Countable nouns</strong><span>&nbsp;</span>are nouns which can be counted, even if the number might be extraordinarily high (like counting all the people in the world). Countable nouns can be used with a/an, the, some, any, a few, and many.</span></span></span></p><p style="box-sizing: inherit; font-family: SVN-Poppins, sans-serif; font-size: 12px; color: rgba(0, 0, 0, 0.87); font-style: normal; font-variant-ligatures: normal; font-variant-caps: normal; font-weight: 400; letter-spacing: normal; orphans: 2; text-indent: 0px; text-transform: none; widows: 2; word-spacing: 0px; -webkit-text-stroke-width: 0px; white-space: normal; background-color: rgb(255, 255, 255); text-decoration-thickness: initial; text-decoration-style: initial; text-decoration-color: initial; text-align: justify; margin-bottom: 11px;"><span style="box-sizing: inherit; font-family: inherit !important; font-size: 16px; color: rgb(0, 0, 0);"><span style="box-sizing: inherit; font-family: Arial, Helvetica, sans-serif; font-size: inherit !important;"><span style="box-sizing: inherit; font-family: inherit !important; font-size: inherit !important; line-height: 18px;"><em style="box-sizing: inherit; font-family: inherit !important; font-size: inherit !important;"><u style="box-sizing: inherit; font-family: inherit !important; font-size: inherit !important;">Example:</u></em><em style="box-sizing: inherit; font-family: inherit !important; font-size: inherit !important;"><span>&nbsp;</span></em>office, product, etc</span></span></span></p><p style="box-sizing: inherit; font-family: SVN-Poppins, sans-serif; font-size: 12px; color: rgba(0, 0, 0, 0.87); font-style: normal; font-variant-ligatures: normal; font-variant-caps: normal; font-weight: 400; letter-spacing: normal; orphans: 2; text-indent: 0px; text-transform: none; widows: 2; word-spacing: 0px; -webkit-text-stroke-width: 0px; white-space: normal; background-color: rgb(255, 255, 255); text-decoration-thickness: initial; text-decoration-style: initial; text-decoration-color: initial; text-align: justify; margin-bottom: 11px;"><span style="box-sizing: inherit; font-family: inherit !important; font-size: 16px; color: rgb(0, 0, 0);"><span style="box-sizing: inherit; font-family: Arial, Helvetica, sans-serif; font-size: inherit !important;"><span style="box-sizing: inherit; font-family: inherit !important; font-size: inherit !important; line-height: 18px;">-<span>&nbsp;</span><strong style="box-sizing: inherit; font-family: inherit !important; font-weight: 700; font-size: inherit !important;">Uncountable nouns<span>&nbsp;</span></strong>are nouns that come in a state or quantity which is impossible to count; liquids are uncountable, as are things that act like liquids (sand, air). They are always considered to be singular, and can be used with some, any, a little, and much.</span></span></span></p><p style="box-sizing: inherit; font-family: SVN-Poppins, sans-serif; font-size: 12px; color: rgba(0, 0, 0, 0.87); font-style: normal; font-variant-ligatures: normal; font-variant-caps: normal; font-weight: 400; letter-spacing: normal; orphans: 2; text-indent: 0px; text-transform: none; widows: 2; word-spacing: 0px; -webkit-text-stroke-width: 0px; white-space: normal; background-color: rgb(255, 255, 255); text-decoration-thickness: initial; text-decoration-style: initial; text-decoration-color: initial; text-align: justify; margin-bottom: 11px;"><span style="box-sizing: inherit; font-family: inherit !important; font-size: 16px; color: rgb(0, 0, 0);"><span style="box-sizing: inherit; font-family: Arial, Helvetica, sans-serif; font-size: inherit !important;"><span style="box-sizing: inherit; font-family: inherit !important; font-size: inherit !important; line-height: 18px;"><em style="box-sizing: inherit; font-family: inherit !important; font-size: inherit !important;"><u style="box-sizing: inherit; font-family: inherit !important; font-size: inherit !important;">Example:</u></em><span>&nbsp;</span>intelligence, information, etc.</span></span></span></p><p style="box-sizing: inherit; font-family: SVN-Poppins, sans-serif; font-size: 12px; color: rgba(0, 0, 0, 0.87); font-style: normal; font-variant-ligatures: normal; font-variant-caps: normal; font-weight: 400; letter-spacing: normal; orphans: 2; text-indent: 0px; text-transform: none; widows: 2; word-spacing: 0px; -webkit-text-stroke-width: 0px; white-space: normal; background-color: rgb(255, 255, 255); text-decoration-thickness: initial; text-decoration-style: initial; text-decoration-color: initial; text-align: justify; margin-bottom: 11px;">&nbsp;</p><p style="box-sizing: inherit; font-family: SVN-Poppins, sans-serif; font-size: 12px; color: rgba(0, 0, 0, 0.87); font-style: normal; font-variant-ligatures: normal; font-variant-caps: normal; font-weight: 400; letter-spacing: normal; orphans: 2; text-align: start; text-indent: 0px; text-transform: none; widows: 2; word-spacing: 0px; -webkit-text-stroke-width: 0px; white-space: normal; background-color: rgb(255, 255, 255); text-decoration-thickness: initial; text-decoration-style: initial; text-decoration-color: initial; margin-bottom: 11px;"><span style="box-sizing: inherit; font-family: inherit !important; font-size: 16px; color: rgb(0, 0, 0); background-color: rgb(248, 202, 198);"><span style="box-sizing: inherit; font-family: Arial, Helvetica, sans-serif; font-size: inherit !important;"><span style="box-sizing: inherit; font-family: inherit !important; font-size: inherit !important; line-height: 18px;"><strong style="box-sizing: inherit; font-family: inherit !important; font-weight: 700; font-size: inherit !important;">5. Proper nouns &amp; Common nouns</strong></span></span></span></p><p style="box-sizing: inherit; font-family: SVN-Poppins, sans-serif; font-size: 12px; color: rgba(0, 0, 0, 0.87); font-style: normal; font-variant-ligatures: normal; font-variant-caps: normal; font-weight: 400; letter-spacing: normal; orphans: 2; text-indent: 0px; text-transform: none; widows: 2; word-spacing: 0px; -webkit-text-stroke-width: 0px; white-space: normal; background-color: rgb(255, 255, 255); text-decoration-thickness: initial; text-decoration-style: initial; text-decoration-color: initial; text-align: justify; margin-bottom: 11px;"><span style="box-sizing: inherit; font-family: inherit !important; font-size: 16px; color: rgb(0, 0, 0);"><span style="box-sizing: inherit; font-family: Arial, Helvetica, sans-serif; font-size: inherit !important;"><span style="box-sizing: inherit; font-family: inherit !important; font-size: inherit !important; line-height: 18px;">-<strong style="box-sizing: inherit; font-family: inherit !important; font-weight: 700; font-size: inherit !important;"><span>&nbsp;</span>Proper noun</strong><span>&nbsp;</span>is a specific name of a person, place, or thing, and is always capitalized.</span></span></span></p><p style="box-sizing: inherit; font-family: SVN-Poppins, sans-serif; font-size: 12px; color: rgba(0, 0, 0, 0.87); font-style: normal; font-variant-ligatures: normal; font-variant-caps: normal; font-weight: 400; letter-spacing: normal; orphans: 2; text-indent: 0px; text-transform: none; widows: 2; word-spacing: 0px; -webkit-text-stroke-width: 0px; white-space: normal; background-color: rgb(255, 255, 255); text-decoration-thickness: initial; text-decoration-style: initial; text-decoration-color: initial; text-align: justify; margin-bottom: 11px;"><span style="box-sizing: inherit; font-family: inherit !important; font-size: 16px; color: rgb(0, 0, 0);"><span style="box-sizing: inherit; font-family: Arial, Helvetica, sans-serif; font-size: inherit !important;"><span style="box-sizing: inherit; font-family: inherit !important; font-size: inherit !important; line-height: 18px;"><strong style="box-sizing: inherit; font-family: inherit !important; font-weight: 700; font-size: inherit !important;"><em style="box-sizing: inherit; font-family: inherit !important; font-size: inherit !important;">Example:&nbsp;</em></strong>Does Helen have much homework to do this evening?&nbsp;⇒&nbsp;Helen is&nbsp;the name of a specific person</span></span></span></p><p style="box-sizing: inherit; font-family: SVN-Poppins, sans-serif; font-size: 12px; color: rgba(0, 0, 0, 0.87); font-style: normal; font-variant-ligatures: normal; font-variant-caps: normal; font-weight: 400; letter-spacing: normal; orphans: 2; text-indent: 0px; text-transform: none; widows: 2; word-spacing: 0px; -webkit-text-stroke-width: 0px; white-space: normal; background-color: rgb(255, 255, 255); text-decoration-thickness: initial; text-decoration-style: initial; text-decoration-color: initial; text-align: justify; margin-bottom: 11px;"><span style="box-sizing: inherit; font-family: inherit !important; font-size: 16px; color: rgb(0, 0, 0);"><span style="box-sizing: inherit; font-family: Arial, Helvetica, sans-serif; font-size: inherit !important;"><span style="box-sizing: inherit; font-family: inherit !important; font-size: inherit !important; line-height: 18px;">-<span>&nbsp;</span><strong style="box-sizing: inherit; font-family: inherit !important; font-weight: 700; font-size: inherit !important;">Common noun</strong><span>&nbsp;</span>is the generic name of an item in a class or group and is not capitalized unless appearing at the beginning of a sentence or in a title.</span></span></span></p><p style="box-sizing: inherit; font-family: SVN-Poppins, sans-serif; font-size: 12px; color: rgba(0, 0, 0, 0.87); font-style: normal; font-variant-ligatures: normal; font-variant-caps: normal; font-weight: 400; letter-spacing: normal; orphans: 2; text-indent: 0px; text-transform: none; widows: 2; word-spacing: 0px; -webkit-text-stroke-width: 0px; white-space: normal; background-color: rgb(255, 255, 255); text-decoration-thickness: initial; text-decoration-style: initial; text-decoration-color: initial; text-align: justify; margin-bottom: 11px;"><span style="box-sizing: inherit; font-family: inherit !important; font-size: 16px; color: rgb(0, 0, 0);"><span style="box-sizing: inherit; font-family: Arial, Helvetica, sans-serif; font-size: inherit !important;"><span style="box-sizing: inherit; font-family: inherit !important; font-size: inherit !important; line-height: 18px;"><strong style="box-sizing: inherit; font-family: inherit !important; font-weight: 700; font-size: inherit !important;"><em style="box-sizing: inherit; font-family: inherit !important; font-size: inherit !important;">Example:</em></strong><em style="box-sizing: inherit; font-family: inherit !important; font-size: inherit !important;"><span>&nbsp;</span></em>The boy crossed the river. ⇒ Girl is a common noun; we do not learn the identity of the girl by reading this sentence, though we know the action she takes. River is also a common noun in this sentence.</span></span></span></p><p style="box-sizing: inherit; font-family: SVN-Poppins, sans-serif; font-size: 12px; color: rgba(0, 0, 0, 0.87); font-style: normal; font-variant-ligatures: normal; font-variant-caps: normal; font-weight: 400; letter-spacing: normal; orphans: 2; text-indent: 0px; text-transform: none; widows: 2; word-spacing: 0px; -webkit-text-stroke-width: 0px; white-space: normal; background-color: rgb(255, 255, 255); text-decoration-thickness: initial; text-decoration-style: initial; text-decoration-color: initial; text-align: justify; margin-bottom: 11px;"><span style="box-sizing: inherit; font-family: inherit !important; font-size: 16px; color: rgb(0, 0, 0);"><span style="box-sizing: inherit; font-family: Arial, Helvetica, sans-serif; font-size: inherit !important;"><span style="box-sizing: inherit; font-family: inherit !important; font-size: inherit !important; line-height: 18px;"><strong style="box-sizing: inherit; font-family: inherit !important; font-weight: 700; font-size: inherit !important;">&nbsp;&nbsp;&nbsp;&nbsp;<em style="box-sizing: inherit; font-family: inherit !important; font-size: inherit !important;">&nbsp;<span style="box-sizing: inherit; font-family: inherit !important; font-size: inherit !important; background: rgb(255, 255, 255);">+</span></em><span style="box-sizing: inherit; font-family: inherit !important; font-size: inherit !important; background-color: rgb(255, 255, 255);"><em style="box-sizing: inherit; font-family: inherit !important; font-size: inherit !important;"><span>&nbsp;</span></em><span style="box-sizing: inherit; font-family: inherit !important; font-size: inherit !important; background-image: initial; background-position: initial; background-size: initial; background-repeat: initial; background-attachment: initial; background-origin: initial; background-clip: initial;">Types of common nouns:</span>&nbsp;</span></strong></span></span></span></p><ul style="box-sizing: inherit; font-family: SVN-Poppins, sans-serif; font-size: 12px; color: rgba(0, 0, 0, 0.87); font-style: normal; font-variant-ligatures: normal; font-variant-caps: normal; font-weight: 400; letter-spacing: normal; orphans: 2; text-align: start; text-indent: 0px; text-transform: none; widows: 2; word-spacing: 0px; -webkit-text-stroke-width: 0px; white-space: normal; background-color: rgb(255, 255, 255); text-decoration-thickness: initial; text-decoration-style: initial; text-decoration-color: initial;"><li style="box-sizing: inherit; font-family: inherit !important; font-size: inherit !important; text-align: justify; margin-bottom: 11px;"><span style="box-sizing: inherit; font-family: inherit !important; font-size: 16px; color: rgb(0, 0, 0);"><span style="box-sizing: inherit; font-family: Arial, Helvetica, sans-serif; font-size: inherit !important;"><span style="box-sizing: inherit; font-family: inherit !important; font-size: inherit !important; line-height: 18px;"><strong style="box-sizing: inherit; font-family: inherit !important; font-weight: 700; font-size: inherit !important;">Concrete noun<span>&nbsp;</span></strong>is something that is perceived by the senses; something that is physical or real.</span></span></span></li></ul><p style="box-sizing: inherit; font-family: SVN-Poppins, sans-serif; font-size: 12px; color: rgba(0, 0, 0, 0.87); font-style: normal; font-variant-ligatures: normal; font-variant-caps: normal; font-weight: 400; letter-spacing: normal; orphans: 2; text-indent: 0px; text-transform: none; widows: 2; word-spacing: 0px; -webkit-text-stroke-width: 0px; white-space: normal; background-color: rgb(255, 255, 255); text-decoration-thickness: initial; text-decoration-style: initial; text-decoration-color: initial; margin-left: 48px; text-align: justify; margin-bottom: 11px;"><span style="box-sizing: inherit; font-family: inherit !important; font-size: 16px; color: rgb(0, 0, 0);"><span style="box-sizing: inherit; font-family: Arial, Helvetica, sans-serif; font-size: inherit !important;"><span style="box-sizing: inherit; font-family: inherit !important; font-size: inherit !important; line-height: 18px;"><strong style="box-sizing: inherit; font-family: inherit !important; font-weight: 700; font-size: inherit !important;"><em style="box-sizing: inherit; font-family: inherit !important; font-size: inherit !important;">Example:</em></strong><strong style="box-sizing: inherit; font-family: inherit !important; font-weight: 700; font-size: inherit !important;"><span>&nbsp;</span></strong>I heard the doorbell ⇒ Doorbell is a real thing that can be sensed.</span></span></span></p><ul style="box-sizing: inherit; font-family: SVN-Poppins, sans-serif; font-size: 12px; color: rgba(0, 0, 0, 0.87); font-style: normal; font-variant-ligatures: normal; font-variant-caps: normal; font-weight: 400; letter-spacing: normal; orphans: 2; text-align: start; text-indent: 0px; text-transform: none; widows: 2; word-spacing: 0px; -webkit-text-stroke-width: 0px; white-space: normal; background-color: rgb(255, 255, 255); text-decoration-thickness: initial; text-decoration-style: initial; text-decoration-color: initial;"><li style="box-sizing: inherit; font-family: inherit !important; font-size: inherit !important; text-align: justify; margin-bottom: 11px;"><span style="box-sizing: inherit; font-family: inherit !important; font-size: 16px; color: rgb(0, 0, 0);"><span style="box-sizing: inherit; font-family: Arial, Helvetica, sans-serif; font-size: inherit !important;"><span style="box-sizing: inherit; font-family: inherit !important; font-size: inherit !important; line-height: 18px;"><strong style="box-sizing: inherit; font-family: inherit !important; font-weight: 700; font-size: inherit !important;">Abstract noun</strong><span>&nbsp;</span>is something that cannot be perceived by the senses.</span></span></span></li></ul><p style="box-sizing: inherit; font-family: SVN-Poppins, sans-serif; font-size: 12px; color: rgba(0, 0, 0, 0.87); font-style: normal; font-variant-ligatures: normal; font-variant-caps: normal; font-weight: 400; letter-spacing: normal; orphans: 2; text-indent: 0px; text-transform: none; widows: 2; word-spacing: 0px; -webkit-text-stroke-width: 0px; white-space: normal; background-color: rgb(255, 255, 255); text-decoration-thickness: initial; text-decoration-style: initial; text-decoration-color: initial; margin-left: 48px; text-align: justify; margin-bottom: 11px;"><span style="box-sizing: inherit; font-family: inherit !important; font-size: 16px; color: rgb(0, 0, 0);"><span style="box-sizing: inherit; font-family: Arial, Helvetica, sans-serif; font-size: inherit !important;"><span style="box-sizing: inherit; font-family: inherit !important; font-size: inherit !important; line-height: 18px;"><strong style="box-sizing: inherit; font-family: inherit !important; font-weight: 700; font-size: inherit !important;"><em style="box-sizing: inherit; font-family: inherit !important; font-size: inherit !important;">Example:<span>&nbsp;</span></em></strong>We can’t imagine the courage it took to do that ⇒ Courage is an abstract noun. Courage can’t be seen, heard, or sensed in any other way, but we know it exists.</span></span></span></p><ul style="box-sizing: inherit; font-family: SVN-Poppins, sans-serif; font-size: 12px; color: rgba(0, 0, 0, 0.87); font-style: normal; font-variant-ligatures: normal; font-variant-caps: normal; font-weight: 400; letter-spacing: normal; orphans: 2; text-align: start; text-indent: 0px; text-transform: none; widows: 2; word-spacing: 0px; -webkit-text-stroke-width: 0px; white-space: normal; background-color: rgb(255, 255, 255); text-decoration-thickness: initial; text-decoration-style: initial; text-decoration-color: initial;"><li style="box-sizing: inherit; font-family: inherit !important; font-size: inherit !important; text-align: justify; margin-bottom: 11px;"><span style="box-sizing: inherit; font-family: inherit !important; font-size: 16px; color: rgb(0, 0, 0);"><span style="box-sizing: inherit; font-family: Arial, Helvetica, sans-serif; font-size: inherit !important;"><span style="box-sizing: inherit; font-family: inherit !important; font-size: inherit !important; line-height: 18px;"><strong style="box-sizing: inherit; font-family: inherit !important; font-weight: 700; font-size: inherit !important;">Collective noun</strong><span>&nbsp;</span>denotes a group or collection of people or things.</span></span></span></li></ul><p style="box-sizing: inherit; font-family: SVN-Poppins, sans-serif; font-size: 12px; color: rgba(0, 0, 0, 0.87); font-style: normal; font-variant-ligatures: normal; font-variant-caps: normal; font-weight: 400; letter-spacing: normal; orphans: 2; text-indent: 0px; text-transform: none; widows: 2; word-spacing: 0px; -webkit-text-stroke-width: 0px; white-space: normal; background-color: rgb(255, 255, 255); text-decoration-thickness: initial; text-decoration-style: initial; text-decoration-color: initial; margin-left: 48px; text-align: justify; margin-bottom: 11px;"><span style="box-sizing: inherit; font-family: inherit !important; font-size: 16px; color: rgb(0, 0, 0);"><span style="box-sizing: inherit; font-family: Arial, Helvetica, sans-serif; font-size: inherit !important;"><span style="box-sizing: inherit; font-family: inherit !important; font-size: inherit !important; line-height: 18px;"><strong style="box-sizing: inherit; font-family: inherit !important; font-weight: 700; font-size: inherit !important;"><em style="box-sizing: inherit; font-family: inherit !important; font-size: inherit !important;">Example:<span>&nbsp;</span></em></strong>That pack of lies is disgraceful. ⇒ Pack of lies as used here is a collective noun. Collective nouns take a singular verb as if they are one entity – in this case, the singular verb is.</span></span></span></p>')
INSERT [dbo].[Lessons] ([idLesson], [idCourse], [title], [content]) VALUES (N'f3db245a-fe44-4df5-a812-f8723142cf0f', N'1aeb7d2d-b809-45ae-bff2-83f1c143a2f5', N'TOEIC GRAMMAR: NUMERIC EXPRESSIONS BEFORE NOUNS', N'<p style="box-sizing: inherit; font-family: SVN-Poppins, sans-serif; font-size: 12px; color: rgba(0, 0, 0, 0.87); font-style: normal; font-variant-ligatures: normal; font-variant-caps: normal; font-weight: 400; letter-spacing: normal; orphans: 2; text-align: start; text-indent: 0px; text-transform: none; widows: 2; word-spacing: 0px; -webkit-text-stroke-width: 0px; white-space: normal; background-color: rgb(255, 255, 255); text-decoration-thickness: initial; text-decoration-style: initial; text-decoration-color: initial; margin-bottom: 11px;"><span style="box-sizing: inherit; font-family: inherit !important; font-size: 16px; color: rgb(0, 0, 0); background-color: rgb(248, 202, 198);"><span style="box-sizing: inherit; font-family: Arial, Helvetica, sans-serif; font-size: inherit !important;"><span style="box-sizing: inherit; font-family: inherit !important; font-size: inherit !important; line-height: 18px;"><strong style="box-sizing: inherit; font-family: inherit !important; font-weight: 700; font-size: inherit !important;">1. MUCH, MANY AND A LOT OF</strong></span></span></span></p><p style="box-sizing: inherit; font-family: SVN-Poppins, sans-serif; font-size: 12px; color: rgba(0, 0, 0, 0.87); font-style: normal; font-variant-ligatures: normal; font-variant-caps: normal; font-weight: 400; letter-spacing: normal; orphans: 2; text-align: start; text-indent: 0px; text-transform: none; widows: 2; word-spacing: 0px; -webkit-text-stroke-width: 0px; white-space: normal; background-color: rgb(255, 255, 255); text-decoration-thickness: initial; text-decoration-style: initial; text-decoration-color: initial; margin-bottom: 11px;"><span style="box-sizing: inherit; font-family: inherit !important; font-size: 16px; color: rgb(0, 0, 0); background-color: rgb(255, 255, 255);"><span style="box-sizing: inherit; font-family: Arial, Helvetica, sans-serif; font-size: inherit !important;"><span style="box-sizing: inherit; font-family: inherit !important; font-size: inherit !important; line-height: 18px;"><span style="box-sizing: inherit; font-family: inherit !important; font-size: inherit !important; background-image: initial; background-position: initial; background-size: initial; background-repeat: initial; background-attachment: initial; background-origin: initial; background-clip: initial;">- We use<span>&nbsp;</span><strong style="box-sizing: inherit; font-family: inherit !important; font-weight: 700; font-size: inherit !important;"><em style="box-sizing: inherit; font-family: inherit !important; font-size: inherit !important;">Many</em></strong><span>&nbsp;</span>and<span>&nbsp;</span><strong style="box-sizing: inherit; font-family: inherit !important; font-weight: 700; font-size: inherit !important;"><em style="box-sizing: inherit; font-family: inherit !important; font-size: inherit !important;">A lot of</em></strong><span>&nbsp;</span>with countable nouns in the plural.</span></span></span></span></p><p style="box-sizing: inherit; font-family: SVN-Poppins, sans-serif; font-size: 12px; color: rgba(0, 0, 0, 0.87); font-style: normal; font-variant-ligatures: normal; font-variant-caps: normal; font-weight: 400; letter-spacing: normal; orphans: 2; text-align: start; text-indent: 0px; text-transform: none; widows: 2; word-spacing: 0px; -webkit-text-stroke-width: 0px; white-space: normal; background-color: rgb(255, 255, 255); text-decoration-thickness: initial; text-decoration-style: initial; text-decoration-color: initial; margin-bottom: 11px;"><span style="box-sizing: inherit; font-family: inherit !important; font-size: 16px; color: rgb(0, 0, 0); background-color: rgb(255, 255, 255);"><span style="box-sizing: inherit; font-family: Arial, Helvetica, sans-serif; font-size: inherit !important;"><span style="box-sizing: inherit; font-family: inherit !important; font-size: inherit !important; line-height: 18px;"><em style="box-sizing: inherit; font-family: inherit !important; font-size: inherit !important;">Examples:</em></span></span></span></p><p style="box-sizing: inherit; font-family: SVN-Poppins, sans-serif; font-size: 12px; color: rgba(0, 0, 0, 0.87); font-style: normal; font-variant-ligatures: normal; font-variant-caps: normal; font-weight: 400; letter-spacing: normal; orphans: 2; text-align: start; text-indent: 0px; text-transform: none; widows: 2; word-spacing: 0px; -webkit-text-stroke-width: 0px; white-space: normal; background-color: rgb(255, 255, 255); text-decoration-thickness: initial; text-decoration-style: initial; text-decoration-color: initial; margin-bottom: 11px;"><span style="box-sizing: inherit; font-family: inherit !important; font-size: 16px; color: rgb(0, 0, 0); background-color: rgb(255, 255, 255);"><span style="box-sizing: inherit; font-family: Arial, Helvetica, sans-serif; font-size: inherit !important;"><span style="box-sizing: inherit; font-family: inherit !important; font-size: inherit !important; line-height: 18px;">They saw<span>&nbsp;</span><strong style="box-sizing: inherit; font-family: inherit !important; font-weight: 700; font-size: inherit !important;">many stars</strong><span>&nbsp;</span>in the sky.</span></span></span></p><p style="box-sizing: inherit; font-family: SVN-Poppins, sans-serif; font-size: 12px; color: rgba(0, 0, 0, 0.87); font-style: normal; font-variant-ligatures: normal; font-variant-caps: normal; font-weight: 400; letter-spacing: normal; orphans: 2; text-align: start; text-indent: 0px; text-transform: none; widows: 2; word-spacing: 0px; -webkit-text-stroke-width: 0px; white-space: normal; background-color: rgb(255, 255, 255); text-decoration-thickness: initial; text-decoration-style: initial; text-decoration-color: initial; margin-bottom: 11px;"><span style="box-sizing: inherit; font-family: inherit !important; font-size: 16px; color: rgb(0, 0, 0); background-color: rgb(255, 255, 255);"><span style="box-sizing: inherit; font-family: Arial, Helvetica, sans-serif; font-size: inherit !important;"><span style="box-sizing: inherit; font-family: inherit !important; font-size: inherit !important; line-height: 18px;">They grow a<span>&nbsp;</span><strong style="box-sizing: inherit; font-family: inherit !important; font-weight: 700; font-size: inherit !important;">lot of bananas</strong><span>&nbsp;</span>in Ecuador.</span></span></span></p><p style="box-sizing: inherit; font-family: SVN-Poppins, sans-serif; font-size: 12px; color: rgba(0, 0, 0, 0.87); font-style: normal; font-variant-ligatures: normal; font-variant-caps: normal; font-weight: 400; letter-spacing: normal; orphans: 2; text-align: start; text-indent: 0px; text-transform: none; widows: 2; word-spacing: 0px; -webkit-text-stroke-width: 0px; white-space: normal; background-color: rgb(255, 255, 255); text-decoration-thickness: initial; text-decoration-style: initial; text-decoration-color: initial; margin-bottom: 11px;"><span style="box-sizing: inherit; font-family: inherit !important; font-size: 16px; color: rgb(0, 0, 0); background-color: rgb(255, 255, 255);"><span style="box-sizing: inherit; font-family: Arial, Helvetica, sans-serif; font-size: inherit !important;"><span style="box-sizing: inherit; font-family: inherit !important; font-size: inherit !important; line-height: 18px;"><span style="box-sizing: inherit; font-family: inherit !important; font-size: inherit !important; background-image: initial; background-position: initial; background-size: initial; background-repeat: initial; background-attachment: initial; background-origin: initial; background-clip: initial;">- We use<span>&nbsp;</span><strong style="box-sizing: inherit; font-family: inherit !important; font-weight: 700; font-size: inherit !important;"><em style="box-sizing: inherit; font-family: inherit !important; font-size: inherit !important;">Much</em></strong><span>&nbsp;</span>and<span>&nbsp;</span><strong style="box-sizing: inherit; font-family: inherit !important; font-weight: 700; font-size: inherit !important;"><em style="box-sizing: inherit; font-family: inherit !important; font-size: inherit !important;">A lot of</em></strong><span>&nbsp;</span>with uncountable nouns.</span></span></span></span></p><p style="box-sizing: inherit; font-family: SVN-Poppins, sans-serif; font-size: 12px; color: rgba(0, 0, 0, 0.87); font-style: normal; font-variant-ligatures: normal; font-variant-caps: normal; font-weight: 400; letter-spacing: normal; orphans: 2; text-align: start; text-indent: 0px; text-transform: none; widows: 2; word-spacing: 0px; -webkit-text-stroke-width: 0px; white-space: normal; background-color: rgb(255, 255, 255); text-decoration-thickness: initial; text-decoration-style: initial; text-decoration-color: initial; margin-bottom: 11px;"><span style="box-sizing: inherit; font-family: inherit !important; font-size: 16px; color: rgb(0, 0, 0); background-color: rgb(255, 255, 255);"><span style="box-sizing: inherit; font-family: Arial, Helvetica, sans-serif; font-size: inherit !important;"><span style="box-sizing: inherit; font-family: inherit !important; font-size: inherit !important; line-height: 18px;"><em style="box-sizing: inherit; font-family: inherit !important; font-size: inherit !important;">Examples:</em></span></span></span></p><p style="box-sizing: inherit; font-family: SVN-Poppins, sans-serif; font-size: 12px; color: rgba(0, 0, 0, 0.87); font-style: normal; font-variant-ligatures: normal; font-variant-caps: normal; font-weight: 400; letter-spacing: normal; orphans: 2; text-align: start; text-indent: 0px; text-transform: none; widows: 2; word-spacing: 0px; -webkit-text-stroke-width: 0px; white-space: normal; background-color: rgb(255, 255, 255); text-decoration-thickness: initial; text-decoration-style: initial; text-decoration-color: initial; margin-bottom: 11px;"><span style="box-sizing: inherit; font-family: inherit !important; font-size: 16px; color: rgb(0, 0, 0); background-color: rgb(255, 255, 255);"><span style="box-sizing: inherit; font-family: Arial, Helvetica, sans-serif; font-size: inherit !important;"><span style="box-sizing: inherit; font-family: inherit !important; font-size: inherit !important; line-height: 18px;">They eat<span>&nbsp;</span><strong style="box-sizing: inherit; font-family: inherit !important; font-weight: 700; font-size: inherit !important;">a lot of rice</strong><span>&nbsp;</span>in Malaysia.</span></span></span></p><p style="box-sizing: inherit; font-family: SVN-Poppins, sans-serif; font-size: 12px; color: rgba(0, 0, 0, 0.87); font-style: normal; font-variant-ligatures: normal; font-variant-caps: normal; font-weight: 400; letter-spacing: normal; orphans: 2; text-align: start; text-indent: 0px; text-transform: none; widows: 2; word-spacing: 0px; -webkit-text-stroke-width: 0px; white-space: normal; background-color: rgb(255, 255, 255); text-decoration-thickness: initial; text-decoration-style: initial; text-decoration-color: initial; margin-bottom: 11px;"><span style="box-sizing: inherit; font-family: inherit !important; font-size: 16px; color: rgb(0, 0, 0); background-color: rgb(255, 255, 255);"><span style="box-sizing: inherit; font-family: Arial, Helvetica, sans-serif; font-size: inherit !important;"><span style="box-sizing: inherit; font-family: inherit !important; font-size: inherit !important; line-height: 18px;">My family doesn’t eat<span>&nbsp;</span><strong style="box-sizing: inherit; font-family: inherit !important; font-weight: 700; font-size: inherit !important;">much red meat.</strong></span></span></span></p><p style="box-sizing: inherit; font-family: SVN-Poppins, sans-serif; font-size: 12px; color: rgba(0, 0, 0, 0.87); font-style: normal; font-variant-ligatures: normal; font-variant-caps: normal; font-weight: 400; letter-spacing: normal; orphans: 2; text-align: start; text-indent: 0px; text-transform: none; widows: 2; word-spacing: 0px; -webkit-text-stroke-width: 0px; white-space: normal; background-color: rgb(255, 255, 255); text-decoration-thickness: initial; text-decoration-style: initial; text-decoration-color: initial; margin-bottom: 11px;"><span style="box-sizing: inherit; font-family: inherit !important; font-size: 16px; color: rgb(0, 0, 0); background-color: rgb(255, 255, 255);"><span style="box-sizing: inherit; font-family: Arial, Helvetica, sans-serif; font-size: inherit !important;"><span style="box-sizing: inherit; font-family: inherit !important; font-size: inherit !important; line-height: 18px;"><span style="box-sizing: inherit; font-family: inherit !important; font-size: inherit !important; background-color: rgb(251, 238, 184);"><strong style="box-sizing: inherit; font-family: inherit !important; font-weight: 700; font-size: inherit !important;"><u style="box-sizing: inherit; font-family: inherit !important; font-size: inherit !important;">NOTE:</u></strong></span><strong style="box-sizing: inherit; font-family: inherit !important; font-weight: 700; font-size: inherit !important;"><span>&nbsp;</span></strong>We prefer to use<span>&nbsp;</span><strong style="box-sizing: inherit; font-family: inherit !important; font-weight: 700; font-size: inherit !important;"><em style="box-sizing: inherit; font-family: inherit !important; font-size: inherit !important;">A lot of</em></strong><span>&nbsp;</span>and<span>&nbsp;</span><strong style="box-sizing: inherit; font-family: inherit !important; font-weight: 700; font-size: inherit !important;"><em style="box-sizing: inherit; font-family: inherit !important; font-size: inherit !important;">Lots of<span>&nbsp;</span></em></strong>in affirmative sentences and<span>&nbsp;</span><strong style="box-sizing: inherit; font-family: inherit !important; font-weight: 700; font-size: inherit !important;"><em style="box-sizing: inherit; font-family: inherit !important; font-size: inherit !important;">Much</em></strong><span>&nbsp;</span>and<span>&nbsp;</span><strong style="box-sizing: inherit; font-family: inherit !important; font-weight: 700; font-size: inherit !important;"><em style="box-sizing: inherit; font-family: inherit !important; font-size: inherit !important;">Many</em></strong><span>&nbsp;</span>in negative sentences and questions.</span></span></span></p><p style="box-sizing: inherit; font-family: SVN-Poppins, sans-serif; font-size: 12px; color: rgba(0, 0, 0, 0.87); font-style: normal; font-variant-ligatures: normal; font-variant-caps: normal; font-weight: 400; letter-spacing: normal; orphans: 2; text-align: start; text-indent: 0px; text-transform: none; widows: 2; word-spacing: 0px; -webkit-text-stroke-width: 0px; white-space: normal; background-color: rgb(255, 255, 255); text-decoration-thickness: initial; text-decoration-style: initial; text-decoration-color: initial; margin-bottom: 11px;">&nbsp;</p><p style="box-sizing: inherit; font-family: SVN-Poppins, sans-serif; font-size: 12px; color: rgba(0, 0, 0, 0.87); font-style: normal; font-variant-ligatures: normal; font-variant-caps: normal; font-weight: 400; letter-spacing: normal; orphans: 2; text-align: start; text-indent: 0px; text-transform: none; widows: 2; word-spacing: 0px; -webkit-text-stroke-width: 0px; white-space: normal; background-color: rgb(255, 255, 255); text-decoration-thickness: initial; text-decoration-style: initial; text-decoration-color: initial; margin-bottom: 11px;"><span style="box-sizing: inherit; font-family: inherit !important; font-size: 16px; color: rgb(0, 0, 0); background-color: rgb(248, 202, 198);"><span style="box-sizing: inherit; font-family: Arial, Helvetica, sans-serif; font-size: inherit !important;"><span style="box-sizing: inherit; font-family: inherit !important; font-size: inherit !important; line-height: 18px;"><strong style="box-sizing: inherit; font-family: inherit !important; font-weight: 700; font-size: inherit !important;">2. A FEW AND FEW/ A LITTLE AND LITTLE</strong></span></span></span></p><p style="box-sizing: inherit; font-family: SVN-Poppins, sans-serif; font-size: 12px; color: rgba(0, 0, 0, 0.87); font-style: normal; font-variant-ligatures: normal; font-variant-caps: normal; font-weight: 400; letter-spacing: normal; orphans: 2; text-align: start; text-indent: 0px; text-transform: none; widows: 2; word-spacing: 0px; -webkit-text-stroke-width: 0px; white-space: normal; background-color: rgb(255, 255, 255); text-decoration-thickness: initial; text-decoration-style: initial; text-decoration-color: initial; margin-bottom: 11px;"><span style="box-sizing: inherit; font-family: inherit !important; font-size: 16px; color: rgb(0, 0, 0); background-color: rgb(255, 255, 255);"><span style="box-sizing: inherit; font-family: Arial, Helvetica, sans-serif; font-size: inherit !important;"><span style="box-sizing: inherit; font-family: inherit !important; font-size: inherit !important; line-height: 18px;">These expressions show the speaker’s attitude towards the quantity he/ she is referring to.</span></span></span></p><p style="box-sizing: inherit; font-family: SVN-Poppins, sans-serif; font-size: 12px; color: rgba(0, 0, 0, 0.87); font-style: normal; font-variant-ligatures: normal; font-variant-caps: normal; font-weight: 400; letter-spacing: normal; orphans: 2; text-align: start; text-indent: 0px; text-transform: none; widows: 2; word-spacing: 0px; -webkit-text-stroke-width: 0px; white-space: normal; background-color: rgb(255, 255, 255); text-decoration-thickness: initial; text-decoration-style: initial; text-decoration-color: initial; margin-bottom: 11px;"><span style="box-sizing: inherit; font-family: inherit !important; font-size: 16px; color: rgb(0, 0, 0); background-color: rgb(255, 255, 255);"><span style="box-sizing: inherit; font-family: Arial, Helvetica, sans-serif; font-size: inherit !important;"><span style="box-sizing: inherit; font-family: inherit !important; font-size: inherit !important; line-height: 18px;"><span style="box-sizing: inherit; font-family: inherit !important; font-size: inherit !important; background-image: initial; background-position: initial; background-size: initial; background-repeat: initial; background-attachment: initial; background-origin: initial; background-clip: initial;">-<span>&nbsp;</span><strong style="box-sizing: inherit; font-family: inherit !important; font-weight: 700; font-size: inherit !important;"><em style="box-sizing: inherit; font-family: inherit !important; font-size: inherit !important;">A few</em></strong><span>&nbsp;</span>(for countable nouns) and<span>&nbsp;</span><strong style="box-sizing: inherit; font-family: inherit !important; font-weight: 700; font-size: inherit !important;"><em style="box-sizing: inherit; font-family: inherit !important; font-size: inherit !important;">A little</em></strong><span>&nbsp;</span>(for uncountable nouns) describe the quantity in a positive way.</span></span></span></span></p><p style="box-sizing: inherit; font-family: SVN-Poppins, sans-serif; font-size: 12px; color: rgba(0, 0, 0, 0.87); font-style: normal; font-variant-ligatures: normal; font-variant-caps: normal; font-weight: 400; letter-spacing: normal; orphans: 2; text-align: start; text-indent: 0px; text-transform: none; widows: 2; word-spacing: 0px; -webkit-text-stroke-width: 0px; white-space: normal; background-color: rgb(255, 255, 255); text-decoration-thickness: initial; text-decoration-style: initial; text-decoration-color: initial; margin-bottom: 11px;"><span style="box-sizing: inherit; font-family: inherit !important; font-size: 16px; color: rgb(0, 0, 0); background-color: rgb(255, 255, 255);"><span style="box-sizing: inherit; font-family: Arial, Helvetica, sans-serif; font-size: inherit !important;"><span style="box-sizing: inherit; font-family: inherit !important; font-size: inherit !important; line-height: 18px;"><em style="box-sizing: inherit; font-family: inherit !important; font-size: inherit !important;">Examples:</em></span></span></span></p><p style="box-sizing: inherit; font-family: SVN-Poppins, sans-serif; font-size: 12px; color: rgba(0, 0, 0, 0.87); font-style: normal; font-variant-ligatures: normal; font-variant-caps: normal; font-weight: 400; letter-spacing: normal; orphans: 2; text-align: start; text-indent: 0px; text-transform: none; widows: 2; word-spacing: 0px; -webkit-text-stroke-width: 0px; white-space: normal; background-color: rgb(255, 255, 255); text-decoration-thickness: initial; text-decoration-style: initial; text-decoration-color: initial; margin-bottom: 11px;"><span style="box-sizing: inherit; font-family: inherit !important; font-size: 16px; color: rgb(0, 0, 0); background-color: rgb(255, 255, 255);"><span style="box-sizing: inherit; font-family: Arial, Helvetica, sans-serif; font-size: inherit !important;"><span style="box-sizing: inherit; font-family: inherit !important; font-size: inherit !important; line-height: 18px;">I’ve got<span>&nbsp;</span><strong style="box-sizing: inherit; font-family: inherit !important; font-weight: 700; font-size: inherit !important;">a few</strong><span>&nbsp;</span>friends (Maybe not many, but enough)</span></span></span></p><p style="box-sizing: inherit; font-family: SVN-Poppins, sans-serif; font-size: 12px; color: rgba(0, 0, 0, 0.87); font-style: normal; font-variant-ligatures: normal; font-variant-caps: normal; font-weight: 400; letter-spacing: normal; orphans: 2; text-align: start; text-indent: 0px; text-transform: none; widows: 2; word-spacing: 0px; -webkit-text-stroke-width: 0px; white-space: normal; background-color: rgb(255, 255, 255); text-decoration-thickness: initial; text-decoration-style: initial; text-decoration-color: initial; margin-bottom: 11px;"><span style="box-sizing: inherit; font-family: inherit !important; font-size: 16px; color: rgb(0, 0, 0); background-color: rgb(255, 255, 255);"><span style="box-sizing: inherit; font-family: Arial, Helvetica, sans-serif; font-size: inherit !important;"><span style="box-sizing: inherit; font-family: inherit !important; font-size: inherit !important; line-height: 18px;">I’ve got<span>&nbsp;</span><strong style="box-sizing: inherit; font-family: inherit !important; font-weight: 700; font-size: inherit !important;">a little</strong><span>&nbsp;</span>money (I’ve got enough to live on)</span></span></span></p><p style="box-sizing: inherit; font-family: SVN-Poppins, sans-serif; font-size: 12px; color: rgba(0, 0, 0, 0.87); font-style: normal; font-variant-ligatures: normal; font-variant-caps: normal; font-weight: 400; letter-spacing: normal; orphans: 2; text-align: start; text-indent: 0px; text-transform: none; widows: 2; word-spacing: 0px; -webkit-text-stroke-width: 0px; white-space: normal; background-color: rgb(255, 255, 255); text-decoration-thickness: initial; text-decoration-style: initial; text-decoration-color: initial; margin-bottom: 11px;"><span style="box-sizing: inherit; font-family: inherit !important; font-size: 16px; color: rgb(0, 0, 0); background-color: rgb(255, 255, 255);"><span style="box-sizing: inherit; font-family: Arial, Helvetica, sans-serif; font-size: inherit !important;"><span style="box-sizing: inherit; font-family: inherit !important; font-size: inherit !important; line-height: 18px;"><span style="box-sizing: inherit; font-family: inherit !important; font-size: inherit !important; background-image: initial; background-position: initial; background-size: initial; background-repeat: initial; background-attachment: initial; background-origin: initial; background-clip: initial;">-<span>&nbsp;</span><strong style="box-sizing: inherit; font-family: inherit !important; font-weight: 700; font-size: inherit !important;"><em style="box-sizing: inherit; font-family: inherit !important; font-size: inherit !important;">Few</em></strong><span>&nbsp;</span>and<span>&nbsp;</span><strong style="box-sizing: inherit; font-family: inherit !important; font-weight: 700; font-size: inherit !important;"><em style="box-sizing: inherit; font-family: inherit !important; font-size: inherit !important;">Little</em></strong><span>&nbsp;</span>describe the quantity in a negative way.</span></span></span></span></p><p style="box-sizing: inherit; font-family: SVN-Poppins, sans-serif; font-size: 12px; color: rgba(0, 0, 0, 0.87); font-style: normal; font-variant-ligatures: normal; font-variant-caps: normal; font-weight: 400; letter-spacing: normal; orphans: 2; text-align: start; text-indent: 0px; text-transform: none; widows: 2; word-spacing: 0px; -webkit-text-stroke-width: 0px; white-space: normal; background-color: rgb(255, 255, 255); text-decoration-thickness: initial; text-decoration-style: initial; text-decoration-color: initial; margin-bottom: 11px;"><span style="box-sizing: inherit; font-family: inherit !important; font-size: 16px; color: rgb(0, 0, 0); background-color: rgb(255, 255, 255);"><span style="box-sizing: inherit; font-family: Arial, Helvetica, sans-serif; font-size: inherit !important;"><span style="box-sizing: inherit; font-family: inherit !important; font-size: inherit !important; line-height: 18px;"><em style="box-sizing: inherit; font-family: inherit !important; font-size: inherit !important;">Examples:</em></span></span></span></p><p style="box-sizing: inherit; font-family: SVN-Poppins, sans-serif; font-size: 12px; color: rgba(0, 0, 0, 0.87); font-style: normal; font-variant-ligatures: normal; font-variant-caps: normal; font-weight: 400; letter-spacing: normal; orphans: 2; text-align: start; text-indent: 0px; text-transform: none; widows: 2; word-spacing: 0px; -webkit-text-stroke-width: 0px; white-space: normal; background-color: rgb(255, 255, 255); text-decoration-thickness: initial; text-decoration-style: initial; text-decoration-color: initial; margin-bottom: 11px;"><span style="box-sizing: inherit; font-family: inherit !important; font-size: 16px; color: rgb(0, 0, 0); background-color: rgb(255, 255, 255);"><span style="box-sizing: inherit; font-family: Arial, Helvetica, sans-serif; font-size: inherit !important;"><span style="box-sizing: inherit; font-family: inherit !important; font-size: inherit !important; line-height: 18px;"><strong style="box-sizing: inherit; font-family: inherit !important; font-weight: 700; font-size: inherit !important;">Few</strong><span>&nbsp;</span>people visited him in hospital (=he has almost no visitors)</span></span></span></p><p style="box-sizing: inherit; font-family: SVN-Poppins, sans-serif; font-size: 12px; color: rgba(0, 0, 0, 0.87); font-style: normal; font-variant-ligatures: normal; font-variant-caps: normal; font-weight: 400; letter-spacing: normal; orphans: 2; text-align: start; text-indent: 0px; text-transform: none; widows: 2; word-spacing: 0px; -webkit-text-stroke-width: 0px; white-space: normal; background-color: rgb(255, 255, 255); text-decoration-thickness: initial; text-decoration-style: initial; text-decoration-color: initial; margin-bottom: 11px;"><span style="box-sizing: inherit; font-family: inherit !important; font-size: 16px; color: rgb(0, 0, 0); background-color: rgb(255, 255, 255);"><span style="box-sizing: inherit; font-family: Arial, Helvetica, sans-serif; font-size: inherit !important;"><span style="box-sizing: inherit; font-family: inherit !important; font-size: inherit !important; line-height: 18px;">He had<span>&nbsp;</span><strong style="box-sizing: inherit; font-family: inherit !important; font-weight: 700; font-size: inherit !important;">little</strong><span>&nbsp;</span>money (=almost no money)</span></span></span></p><p style="box-sizing: inherit; font-family: SVN-Poppins, sans-serif; font-size: 12px; color: rgba(0, 0, 0, 0.87); font-style: normal; font-variant-ligatures: normal; font-variant-caps: normal; font-weight: 400; letter-spacing: normal; orphans: 2; text-align: start; text-indent: 0px; text-transform: none; widows: 2; word-spacing: 0px; -webkit-text-stroke-width: 0px; white-space: normal; background-color: rgb(255, 255, 255); text-decoration-thickness: initial; text-decoration-style: initial; text-decoration-color: initial; margin-bottom: 11px;">&nbsp;</p><p style="box-sizing: inherit; font-family: SVN-Poppins, sans-serif; font-size: 12px; color: rgba(0, 0, 0, 0.87); font-style: normal; font-variant-ligatures: normal; font-variant-caps: normal; font-weight: 400; letter-spacing: normal; orphans: 2; text-align: start; text-indent: 0px; text-transform: none; widows: 2; word-spacing: 0px; -webkit-text-stroke-width: 0px; white-space: normal; background-color: rgb(255, 255, 255); text-decoration-thickness: initial; text-decoration-style: initial; text-decoration-color: initial; margin-bottom: 11px;"><span style="box-sizing: inherit; font-family: inherit !important; font-size: inherit !important; color: rgb(0, 0, 0); background-color: rgb(248, 202, 198);"><strong style="box-sizing: inherit; font-family: inherit !important; font-weight: 700; font-size: inherit !important;"><span style="box-sizing: inherit; font-family: inherit !important; font-size: 16px; background-color: rgb(248, 202, 198);"><span style="box-sizing: inherit; font-family: Arial, Helvetica, sans-serif; font-size: inherit !important;"><span style="box-sizing: inherit; font-family: inherit !important; font-size: inherit !important; line-height: 18px;">3. ALL&nbsp;</span></span></span></strong></span></p><p style="box-sizing: inherit; font-family: SVN-Poppins, sans-serif; font-size: 12px; color: rgba(0, 0, 0, 0.87); font-style: normal; font-variant-ligatures: normal; font-variant-caps: normal; font-weight: 400; letter-spacing: normal; orphans: 2; text-align: start; text-indent: 0px; text-transform: none; widows: 2; word-spacing: 0px; -webkit-text-stroke-width: 0px; white-space: normal; background-color: rgb(255, 255, 255); text-decoration-thickness: initial; text-decoration-style: initial; text-decoration-color: initial; margin-bottom: 11px;"><span style="box-sizing: inherit; font-family: inherit !important; font-size: 16px; color: rgb(0, 0, 0); background-color: rgb(255, 255, 255);"><span style="box-sizing: inherit; font-family: Arial, Helvetica, sans-serif; font-size: inherit !important;"><span style="box-sizing: inherit; font-family: inherit !important; font-size: inherit !important; line-height: 18px;"><strong style="box-sizing: inherit; font-family: inherit !important; font-weight: 700; font-size: inherit !important;"><em style="box-sizing: inherit; font-family: inherit !important; font-size: inherit !important;">“All”</em></strong><span>&nbsp;</span>is used to talk about a whole group, with a special emphasis on the fact that nothing has been left out.</span></span></span></p><p style="box-sizing: inherit; font-family: SVN-Poppins, sans-serif; font-size: 12px; color: rgba(0, 0, 0, 0.87); font-style: normal; font-variant-ligatures: normal; font-variant-caps: normal; font-weight: 400; letter-spacing: normal; orphans: 2; text-align: start; text-indent: 0px; text-transform: none; widows: 2; word-spacing: 0px; -webkit-text-stroke-width: 0px; white-space: normal; background-color: rgb(255, 255, 255); text-decoration-thickness: initial; text-decoration-style: initial; text-decoration-color: initial; margin-bottom: 11px;"><span style="box-sizing: inherit; font-family: inherit !important; font-size: 16px; color: rgb(0, 0, 0); background-color: rgb(255, 255, 255);"><span style="box-sizing: inherit; font-family: Arial, Helvetica, sans-serif; font-size: inherit !important;"><span style="box-sizing: inherit; font-family: inherit !important; font-size: inherit !important; line-height: 18px;">- It can be used in the following ways:</span></span></span></p><table style="box-sizing: inherit; font-family: SVN-Poppins, sans-serif; font-size: 12px; color: rgba(0, 0, 0, 0.87); font-style: normal; font-variant-ligatures: normal; font-variant-caps: normal; font-weight: 400; letter-spacing: normal; orphans: 2; text-align: start; text-transform: none; widows: 2; word-spacing: 0px; -webkit-text-stroke-width: 0px; white-space: normal; background-color: rgb(255, 255, 255); text-decoration-thickness: initial; text-decoration-style: initial; text-decoration-color: initial; width: 774.5px; height: 297px;"><tbody style="box-sizing: inherit; font-family: inherit !important; font-size: inherit !important;"><tr style="box-sizing: inherit; font-family: inherit !important; font-size: inherit !important;"><td rowspan="5" style="box-sizing: inherit; font-family: inherit !important; font-size: inherit !important; width: 77.7188px;"><p style="box-sizing: inherit; font-family: inherit !important; font-size: inherit !important;">&nbsp;</p><p style="box-sizing: inherit; font-family: inherit !important; font-size: inherit !important;"><span style="box-sizing: inherit; font-family: arial, helvetica, sans-serif; font-size: 12pt; color: rgb(0, 0, 0); background-color: rgb(255, 255, 255);">All +</span></p></td><td style="box-sizing: inherit; font-family: inherit !important; font-size: inherit !important; width: 98.2812px;"><p style="box-sizing: inherit; font-family: inherit !important; font-size: inherit !important;"><span style="box-sizing: inherit; font-family: arial, helvetica, sans-serif; font-size: 12pt; color: rgb(0, 0, 0); background-color: rgb(255, 255, 255);">1</span></p></td><td style="box-sizing: inherit; font-family: inherit !important; font-size: inherit !important; width: 164.073px;"><p style="box-sizing: inherit; font-family: inherit !important; font-size: inherit !important;"><span style="box-sizing: inherit; font-family: arial, helvetica, sans-serif; font-size: 12pt; color: rgb(0, 0, 0); background-color: rgb(255, 255, 255);">-</span></p></td><td style="box-sizing: inherit; font-family: inherit !important; font-size: inherit !important; width: 424.427px;"><p style="box-sizing: inherit; font-family: inherit !important; font-size: inherit !important;"><span style="box-sizing: inherit; font-family: arial, helvetica, sans-serif; font-size: 12pt; color: rgb(0, 0, 0); background-color: rgb(255, 255, 255);">uncountable noun or countable noun in plural</span></p></td></tr><tr style="box-sizing: inherit; font-family: inherit !important; font-size: inherit !important;"><td style="box-sizing: inherit; font-family: inherit !important; font-size: inherit !important; width: 98.2812px;"><p style="box-sizing: inherit; font-family: inherit !important; font-size: inherit !important;"><span style="box-sizing: inherit; font-family: arial, helvetica, sans-serif; font-size: 12pt; color: rgb(0, 0, 0); background-color: rgb(255, 255, 255);">2</span></p></td><td style="box-sizing: inherit; font-family: inherit !important; font-size: inherit !important; width: 164.073px;"><p style="box-sizing: inherit; font-family: inherit !important; font-size: inherit !important;"><span style="box-sizing: inherit; font-family: arial, helvetica, sans-serif; font-size: 12pt; color: rgb(0, 0, 0); background-color: rgb(255, 255, 255);">the</span></p></td><td style="box-sizing: inherit; font-family: inherit !important; font-size: inherit !important; width: 424.427px;"><p style="box-sizing: inherit; font-family: inherit !important; font-size: inherit !important;"><span style="box-sizing: inherit; font-family: arial, helvetica, sans-serif; font-size: 12pt; color: rgb(0, 0, 0); background-color: rgb(255, 255, 255);">uncountable noun or countable noun in plural</span></p></td></tr><tr style="box-sizing: inherit; font-family: inherit !important; font-size: inherit !important;"><td style="box-sizing: inherit; font-family: inherit !important; font-size: inherit !important; width: 98.2812px;"><p style="box-sizing: inherit; font-family: inherit !important; font-size: inherit !important;"><span style="box-sizing: inherit; font-family: arial, helvetica, sans-serif; font-size: 12pt; color: rgb(0, 0, 0); background-color: rgb(255, 255, 255);">3</span></p></td><td style="box-sizing: inherit; font-family: inherit !important; font-size: inherit !important; width: 164.073px;"><p style="box-sizing: inherit; font-family: inherit !important; font-size: inherit !important;"><span style="box-sizing: inherit; font-family: arial, helvetica, sans-serif; font-size: 12pt; color: rgb(0, 0, 0); background-color: rgb(255, 255, 255);">my, your, etc</span></p></td><td style="box-sizing: inherit; font-family: inherit !important; font-size: inherit !important; width: 424.427px;"><p style="box-sizing: inherit; font-family: inherit !important; font-size: inherit !important;"><span style="box-sizing: inherit; font-family: arial, helvetica, sans-serif; font-size: 12pt; color: rgb(0, 0, 0); background-color: rgb(255, 255, 255);">countable noun in plural</span></p></td></tr><tr style="box-sizing: inherit; font-family: inherit !important; font-size: inherit !important;"><td style="box-sizing: inherit; font-family: inherit !important; font-size: inherit !important; width: 98.2812px;"><p style="box-sizing: inherit; font-family: inherit !important; font-size: inherit !important;"><span style="box-sizing: inherit; font-family: arial, helvetica, sans-serif; font-size: 12pt; color: rgb(0, 0, 0); background-color: rgb(255, 255, 255);">4a</span></p></td><td style="box-sizing: inherit; font-family: inherit !important; font-size: inherit !important; width: 164.073px;"><p style="box-sizing: inherit; font-family: inherit !important; font-size: inherit !important;"><span style="box-sizing: inherit; font-family: arial, helvetica, sans-serif; font-size: 12pt; color: rgb(0, 0, 0); background-color: rgb(255, 255, 255);">this, that</span></p></td><td style="box-sizing: inherit; font-family: inherit !important; font-size: inherit !important; width: 424.427px;"><p style="box-sizing: inherit; font-family: inherit !important; font-size: inherit !important;"><span style="box-sizing: inherit; font-family: arial, helvetica, sans-serif; font-size: 12pt; color: rgb(0, 0, 0); background-color: rgb(255, 255, 255);">uncountable noun</span></p></td></tr><tr style="box-sizing: inherit; font-family: inherit !important; font-size: inherit !important;"><td style="box-sizing: inherit; font-family: inherit !important; font-size: inherit !important; width: 98.2812px;"><p style="box-sizing: inherit; font-family: inherit !important; font-size: inherit !important;"><span style="box-sizing: inherit; font-family: arial, helvetica, sans-serif; font-size: 12pt; color: rgb(0, 0, 0); background-color: rgb(255, 255, 255);">4b</span></p></td><td style="box-sizing: inherit; font-family: inherit !important; font-size: inherit !important; width: 164.073px;"><p style="box-sizing: inherit; font-family: inherit !important; font-size: inherit !important;"><span style="box-sizing: inherit; font-family: arial, helvetica, sans-serif; font-size: 12pt; color: rgb(0, 0, 0); background-color: rgb(255, 255, 255);">these, those</span></p></td><td style="box-sizing: inherit; font-family: inherit !important; font-size: inherit !important; width: 424.427px;"><p style="box-sizing: inherit; font-family: inherit !important; font-size: inherit !important;"><span style="box-sizing: inherit; font-family: arial, helvetica, sans-serif; font-size: 12pt; color: rgb(0, 0, 0); background-color: rgb(255, 255, 255);">countable noun in plural</span></p></td></tr></tbody></table><p style="box-sizing: inherit; font-family: SVN-Poppins, sans-serif; font-size: 12px; color: rgba(0, 0, 0, 0.87); font-style: normal; font-variant-ligatures: normal; font-variant-caps: normal; font-weight: 400; letter-spacing: normal; orphans: 2; text-align: start; text-indent: 0px; text-transform: none; widows: 2; word-spacing: 0px; -webkit-text-stroke-width: 0px; white-space: normal; background-color: rgb(255, 255, 255); text-decoration-thickness: initial; text-decoration-style: initial; text-decoration-color: initial; margin-bottom: 11px;"><span style="box-sizing: inherit; font-family: inherit !important; font-size: inherit !important; color: rgb(0, 0, 0); background-color: rgb(255, 255, 255);"><em style="box-sizing: inherit; font-family: inherit !important; font-size: inherit !important;"><span style="box-sizing: inherit; font-family: arial, helvetica, sans-serif; font-size: 12pt; background-color: rgb(255, 255, 255);">Examples:</span></em></span></p><table style="box-sizing: inherit; font-family: SVN-Poppins, sans-serif; font-size: 12px; color: rgba(0, 0, 0, 0.87); font-style: normal; font-variant-ligatures: normal; font-variant-caps: normal; font-weight: 400; letter-spacing: normal; orphans: 2; text-align: start; text-transform: none; widows: 2; word-spacing: 0px; -webkit-text-stroke-width: 0px; white-space: normal; background-color: rgb(255, 255, 255); text-decoration-thickness: initial; text-decoration-style: initial; text-decoration-color: initial; height: 372px; width: 772.417px;"><tbody style="box-sizing: inherit; font-family: inherit !important; font-size: inherit !important;"><tr style="box-sizing: inherit; font-family: inherit !important; font-size: inherit !important;"><td style="box-sizing: inherit; font-family: inherit !important; font-size: inherit !important; width: 341.271px;"><p style="box-sizing: inherit; font-family: inherit !important; font-size: inherit !important;"><span style="box-sizing: inherit; font-family: arial, helvetica, sans-serif; font-size: 12pt; color: rgb(0, 0, 0); background-color: rgb(255, 255, 255);">1</span></p></td><td style="box-sizing: inherit; font-family: inherit !important; font-size: inherit !important; width: 425.146px;"><p style="box-sizing: inherit; font-family: inherit !important; font-size: inherit !important;"><span style="box-sizing: inherit; font-family: arial, helvetica, sans-serif; font-size: 12pt; color: rgb(0, 0, 0); background-color: rgb(255, 255, 255);"><strong style="box-sizing: inherit; font-family: inherit !important; font-weight: 700; font-size: inherit !important;">All cheese<span>&nbsp;</span></strong>contains protein</span><br style="box-sizing: inherit; font-family: inherit !important; font-size: inherit !important;"><span style="box-sizing: inherit; font-family: arial, helvetica, sans-serif; font-size: 12pt; color: rgb(0, 0, 0); background-color: rgb(255, 255, 255);"><strong style="box-sizing: inherit; font-family: inherit !important; font-weight: 700; font-size: inherit !important;">All children<span>&nbsp;</span></strong>need affection</span></p></td></tr><tr style="box-sizing: inherit; font-family: inherit !important; font-size: inherit !important;"><td style="box-sizing: inherit; font-family: inherit !important; font-size: inherit !important; width: 341.271px;"><p style="box-sizing: inherit; font-family: inherit !important; font-size: inherit !important;"><span style="box-sizing: inherit; font-family: arial, helvetica, sans-serif; font-size: 12pt; color: rgb(0, 0, 0); background-color: rgb(255, 255, 255);">2</span></p></td><td style="box-sizing: inherit; font-family: inherit !important; font-size: inherit !important; width: 425.146px;"><p style="box-sizing: inherit; font-family: inherit !important; font-size: inherit !important;"><span style="box-sizing: inherit; font-family: arial, helvetica, sans-serif; font-size: 12pt; color: rgb(0, 0, 0); background-color: rgb(255, 255, 255);"><strong style="box-sizing: inherit; font-family: inherit !important; font-weight: 700; font-size: inherit !important;">All the people<span>&nbsp;</span></strong>in the room were silent.</span><br style="box-sizing: inherit; font-family: inherit !important; font-size: inherit !important;"><span style="box-sizing: inherit; font-family: arial, helvetica, sans-serif; font-size: 12pt; color: rgb(0, 0, 0); background-color: rgb(255, 255, 255);">Have you eaten<span>&nbsp;</span><strong style="box-sizing: inherit; font-family: inherit !important; font-weight: 700; font-size: inherit !important;">all the bread</strong>?</span></p></td></tr><tr style="box-sizing: inherit; font-family: inherit !important; font-size: inherit !important;"><td style="box-sizing: inherit; font-family: inherit !important; font-size: inherit !important; width: 341.271px;"><p style="box-sizing: inherit; font-family: inherit !important; font-size: inherit !important;"><span style="box-sizing: inherit; font-family: arial, helvetica, sans-serif; font-size: 12pt; color: rgb(0, 0, 0); background-color: rgb(255, 255, 255);">3</span></p></td><td style="box-sizing: inherit; font-family: inherit !important; font-size: inherit !important; width: 425.146px;"><p style="box-sizing: inherit; font-family: inherit !important; font-size: inherit !important;"><span style="box-sizing: inherit; font-family: arial, helvetica, sans-serif; font-size: 12pt; color: rgb(0, 0, 0); background-color: rgb(255, 255, 255);">I''ve invited<span>&nbsp;</span><strong style="box-sizing: inherit; font-family: inherit !important; font-weight: 700; font-size: inherit !important;">all my friends<span>&nbsp;</span></strong>to the party.</span></p></td></tr><tr style="box-sizing: inherit; font-family: inherit !important; font-size: inherit !important;"><td style="box-sizing: inherit; font-family: inherit !important; font-size: inherit !important; width: 341.271px;"><p style="box-sizing: inherit; font-family: inherit !important; font-size: inherit !important;"><span style="box-sizing: inherit; font-family: arial, helvetica, sans-serif; font-size: 12pt; color: rgb(0, 0, 0); background-color: rgb(255, 255, 255);">4a</span></p></td><td style="box-sizing: inherit; font-family: inherit !important; font-size: inherit !important; width: 425.146px;"><p style="box-sizing: inherit; font-family: inherit !important; font-size: inherit !important;"><span style="box-sizing: inherit; font-family: arial, helvetica, sans-serif; font-size: 12pt; color: rgb(0, 0, 0); background-color: rgb(255, 255, 255);">Who''s left<span>&nbsp;</span><strong style="box-sizing: inherit; font-family: inherit !important; font-weight: 700; font-size: inherit !important;">all this paper<span>&nbsp;</span></strong>on my desk?</span></p></td></tr><tr style="box-sizing: inherit; font-family: inherit !important; font-size: inherit !important;"><td style="box-sizing: inherit; font-family: inherit !important; font-size: inherit !important; width: 341.271px;"><p style="box-sizing: inherit; font-family: inherit !important; font-size: inherit !important;"><span style="box-sizing: inherit; font-family: arial, helvetica, sans-serif; font-size: 12pt; color: rgb(0, 0, 0); background-color: rgb(255, 255, 255);">4b</span></p></td><td style="box-sizing: inherit; font-family: inherit !important; font-size: inherit !important; width: 425.146px;"><p style="box-sizing: inherit; font-family: inherit !important; font-size: inherit !important;"><span style="box-sizing: inherit; font-family: arial, helvetica, sans-serif; font-size: 12pt; color: rgb(0, 0, 0); background-color: rgb(255, 255, 255);">Look at<span>&nbsp;</span><strong style="box-sizing: inherit; font-family: inherit !important; font-weight: 700; font-size: inherit !important;">all those<span>&nbsp;</span></strong>balloons!</span></p></td></tr></tbody></table><p style="box-sizing: inherit; font-family: SVN-Poppins, sans-serif; font-size: 12px; color: rgba(0, 0, 0, 0.87); font-style: normal; font-variant-ligatures: normal; font-variant-caps: normal; font-weight: 400; letter-spacing: normal; orphans: 2; text-align: start; text-indent: 0px; text-transform: none; widows: 2; word-spacing: 0px; -webkit-text-stroke-width: 0px; white-space: normal; background-color: rgb(255, 255, 255); text-decoration-thickness: initial; text-decoration-style: initial; text-decoration-color: initial; margin-bottom: 11px;">&nbsp;</p><p style="box-sizing: inherit; font-family: SVN-Poppins, sans-serif; font-size: 12px; color: rgba(0, 0, 0, 0.87); font-style: normal; font-variant-ligatures: normal; font-variant-caps: normal; font-weight: 400; letter-spacing: normal; orphans: 2; text-align: start; text-indent: 0px; text-transform: none; widows: 2; word-spacing: 0px; -webkit-text-stroke-width: 0px; white-space: normal; background-color: rgb(255, 255, 255); text-decoration-thickness: initial; text-decoration-style: initial; text-decoration-color: initial; margin-bottom: 11px;"><span style="box-sizing: inherit; font-family: inherit !important; font-size: inherit !important; color: rgb(0, 0, 0); background-color: rgb(248, 202, 198);"><strong style="box-sizing: inherit; font-family: inherit !important; font-weight: 700; font-size: inherit !important;"><span style="box-sizing: inherit; font-family: inherit !important; font-size: 16px; background-color: rgb(248, 202, 198);">4. BOTH&nbsp;</span></strong></span></p><p style="box-sizing: inherit; font-family: SVN-Poppins, sans-serif; font-size: 12px; color: rgba(0, 0, 0, 0.87); font-style: normal; font-variant-ligatures: normal; font-variant-caps: normal; font-weight: 400; letter-spacing: normal; orphans: 2; text-align: start; text-indent: 0px; text-transform: none; widows: 2; word-spacing: 0px; -webkit-text-stroke-width: 0px; white-space: normal; background-color: rgb(255, 255, 255); text-decoration-thickness: initial; text-decoration-style: initial; text-decoration-color: initial; margin-bottom: 11px;"><span style="box-sizing: inherit; font-family: inherit !important; font-size: 16px; color: rgb(0, 0, 0); background-color: rgb(255, 255, 255);"><span style="box-sizing: inherit; font-family: Arial, Helvetica, sans-serif; font-size: inherit !important;"><span style="box-sizing: inherit; font-family: inherit !important; font-size: inherit !important; line-height: 18px;">-<span>&nbsp;</span><strong style="box-sizing: inherit; font-family: inherit !important; font-weight: 700; font-size: inherit !important;"><em style="box-sizing: inherit; font-family: inherit !important; font-size: inherit !important;">“Both”</em></strong><span>&nbsp;</span>refers to the whole pair and is equivalent to "one and the other".</span></span></span></p><p style="box-sizing: inherit; font-family: SVN-Poppins, sans-serif; font-size: 12px; color: rgba(0, 0, 0, 0.87); font-style: normal; font-variant-ligatures: normal; font-variant-caps: normal; font-weight: 400; letter-spacing: normal; orphans: 2; text-align: start; text-indent: 0px; text-transform: none; widows: 2; word-spacing: 0px; -webkit-text-stroke-width: 0px; white-space: normal; background-color: rgb(255, 255, 255); text-decoration-thickness: initial; text-decoration-style: initial; text-decoration-color: initial; margin-bottom: 11px;"><span style="box-sizing: inherit; font-family: inherit !important; font-size: 16px; color: rgb(0, 0, 0); background-color: rgb(255, 255, 255);"><span style="box-sizing: inherit; font-family: Arial, Helvetica, sans-serif; font-size: inherit !important;"><span style="box-sizing: inherit; font-family: inherit !important; font-size: inherit !important; line-height: 18px;">- It can be used in the following ways:</span></span></span></p><table style="box-sizing: inherit; font-family: SVN-Poppins, sans-serif; font-size: 12px; color: rgba(0, 0, 0, 0.87); font-style: normal; font-variant-ligatures: normal; font-variant-caps: normal; font-weight: 400; letter-spacing: normal; orphans: 2; text-align: start; text-transform: none; widows: 2; word-spacing: 0px; -webkit-text-stroke-width: 0px; white-space: normal; background-color: rgb(255, 255, 255); text-decoration-thickness: initial; text-decoration-style: initial; text-decoration-color: initial; height: 248px; width: 769.917px;"><tbody style="box-sizing: inherit; font-family: inherit !important; font-size: inherit !important;"><tr style="box-sizing: inherit; font-family: inherit !important; font-size: inherit !important;"><td rowspan="4" style="box-sizing: inherit; font-family: inherit !important; font-size: inherit !important; width: 108.906px;"><p style="box-sizing: inherit; font-family: inherit !important; font-size: inherit !important;">&nbsp;</p><p style="box-sizing: inherit; font-family: inherit !important; font-size: inherit !important;"><span style="box-sizing: inherit; font-family: arial, helvetica, sans-serif; font-size: 12pt; color: rgb(0, 0, 0); background-color: rgb(255, 255, 255);">Both +</span></p></td><td style="box-sizing: inherit; font-family: inherit !important; font-size: inherit !important; width: 61.2292px;"><p style="box-sizing: inherit; font-family: inherit !important; font-size: inherit !important;"><span style="box-sizing: inherit; font-family: arial, helvetica, sans-serif; font-size: 12pt; color: rgb(0, 0, 0); background-color: rgb(255, 255, 255);">1</span></p></td><td style="box-sizing: inherit; font-family: inherit !important; font-size: inherit !important; width: 169.323px;"><p style="box-sizing: inherit; font-family: inherit !important; font-size: inherit !important;"><span style="box-sizing: inherit; font-family: arial, helvetica, sans-serif; font-size: 12pt; color: rgb(0, 0, 0); background-color: rgb(255, 255, 255);">-</span></p></td><td rowspan="4" style="box-sizing: inherit; font-family: inherit !important; font-size: inherit !important; width: 420.458px;"><p style="box-sizing: inherit; font-family: inherit !important; font-size: inherit !important;"><span style="box-sizing: inherit; font-family: arial, helvetica, sans-serif; font-size: 12pt; color: rgb(0, 0, 0); background-color: rgb(255, 255, 255);">&nbsp; &nbsp;countable noun in the plural</span></p></td></tr><tr style="box-sizing: inherit; font-family: inherit !important; font-size: inherit !important;"><td style="box-sizing: inherit; font-family: inherit !important; font-size: inherit !important; width: 61.2292px;"><p style="box-sizing: inherit; font-family: inherit !important; font-size: inherit !important;"><span style="box-sizing: inherit; font-family: arial, helvetica, sans-serif; font-size: 12pt; color: rgb(0, 0, 0); background-color: rgb(255, 255, 255);">2</span></p></td><td style="box-sizing: inherit; font-family: inherit !important; font-size: inherit !important; width: 169.323px;"><p style="box-sizing: inherit; font-family: inherit !important; font-size: inherit !important;"><span style="box-sizing: inherit; font-family: arial, helvetica, sans-serif; font-size: 12pt; color: rgb(0, 0, 0); background-color: rgb(255, 255, 255);">the</span></p></td></tr><tr style="box-sizing: inherit; font-family: inherit !important; font-size: inherit !important;"><td style="box-sizing: inherit; font-family: inherit !important; font-size: inherit !important; width: 61.2292px;"><p style="box-sizing: inherit; font-family: inherit !important; font-size: inherit !important;"><span style="box-sizing: inherit; font-family: arial, helvetica, sans-serif; font-size: 12pt; color: rgb(0, 0, 0); background-color: rgb(255, 255, 255);">3</span></p></td><td style="box-sizing: inherit; font-family: inherit !important; font-size: inherit !important; width: 169.323px;"><p style="box-sizing: inherit; font-family: inherit !important; font-size: inherit !important;"><span style="box-sizing: inherit; font-family: arial, helvetica, sans-serif; font-size: 12pt; color: rgb(0, 0, 0); background-color: rgb(255, 255, 255);">my, your, etc.</span></p></td></tr><tr style="box-sizing: inherit; font-family: inherit !important; font-size: inherit !important;"><td style="box-sizing: inherit; font-family: inherit !important; font-size: inherit !important; width: 61.2292px;"><p style="box-sizing: inherit; font-family: inherit !important; font-size: inherit !important;"><span style="box-sizing: inherit; font-family: arial, helvetica, sans-serif; font-size: 12pt; color: rgb(0, 0, 0); background-color: rgb(255, 255, 255);">4</span></p></td><td style="box-sizing: inherit; font-family: inherit !important; font-size: inherit !important; width: 169.323px;"><p style="box-sizing: inherit; font-family: inherit !important; font-size: inherit !important;"><span style="box-sizing: inherit; font-family: arial, helvetica, sans-serif; font-size: 12pt; color: rgb(0, 0, 0); background-color: rgb(255, 255, 255);">these, those</span></p></td></tr></tbody></table><p style="box-sizing: inherit; font-family: SVN-Poppins, sans-serif; font-size: 12px; color: rgba(0, 0, 0, 0.87); font-style: normal; font-variant-ligatures: normal; font-variant-caps: normal; font-weight: 400; letter-spacing: normal; orphans: 2; text-align: start; text-indent: 0px; text-transform: none; widows: 2; word-spacing: 0px; -webkit-text-stroke-width: 0px; white-space: normal; background-color: rgb(255, 255, 255); text-decoration-thickness: initial; text-decoration-style: initial; text-decoration-color: initial;"><span style="box-sizing: inherit; font-family: arial, helvetica, sans-serif; font-size: 12pt; color: rgb(0, 0, 0); background-color: rgb(255, 255, 255);"><em style="box-sizing: inherit; font-family: inherit !important; font-size: inherit !important;">Examples:</em></span></p><table style="box-sizing: inherit; font-family: SVN-Poppins, sans-serif; font-size: 12px; color: rgba(0, 0, 0, 0.87); font-style: normal; font-variant-ligatures: normal; font-variant-caps: normal; font-weight: 400; letter-spacing: normal; orphans: 2; text-align: start; text-transform: none; widows: 2; word-spacing: 0px; -webkit-text-stroke-width: 0px; white-space: normal; background-color: rgb(255, 255, 255); text-decoration-thickness: initial; text-decoration-style: initial; text-decoration-color: initial; width: 768.26px; height: 196px;"><tbody style="box-sizing: inherit; font-family: inherit !important; font-size: inherit !important;"><tr style="box-sizing: inherit; font-family: inherit !important; font-size: inherit !important;"><td style="box-sizing: inherit; font-family: inherit !important; font-size: inherit !important; width: 171.125px;"><p style="box-sizing: inherit; font-family: inherit !important; font-size: inherit !important;"><span style="box-sizing: inherit; font-family: arial, helvetica, sans-serif; font-size: 12pt; color: rgb(0, 0, 0); background-color: rgb(255, 255, 255);">1</span></p></td><td style="box-sizing: inherit; font-family: inherit !important; font-size: inherit !important; width: 591.135px;"><p style="box-sizing: inherit; font-family: inherit !important; font-size: inherit !important;"><span style="box-sizing: inherit; font-family: arial, helvetica, sans-serif; font-size: 12pt; color: rgb(0, 0, 0); background-color: rgb(255, 255, 255);"><strong style="box-sizing: inherit; font-family: inherit !important; font-weight: 700; font-size: inherit !important;">Both children<span>&nbsp;</span></strong>were born in Italy.</span></p></td></tr><tr style="box-sizing: inherit; font-family: inherit !important; font-size: inherit !important;"><td style="box-sizing: inherit; font-family: inherit !important; font-size: inherit !important; width: 171.125px;"><p style="box-sizing: inherit; font-family: inherit !important; font-size: inherit !important;"><span style="box-sizing: inherit; font-family: arial, helvetica, sans-serif; font-size: 12pt; color: rgb(0, 0, 0); background-color: rgb(255, 255, 255);">2</span></p></td><td style="box-sizing: inherit; font-family: inherit !important; font-size: inherit !important; width: 591.135px;"><p style="box-sizing: inherit; font-family: inherit !important; font-size: inherit !important;"><span style="box-sizing: inherit; font-family: arial, helvetica, sans-serif; font-size: 12pt; color: rgb(0, 0, 0); background-color: rgb(255, 255, 255);">He has crashed<span>&nbsp;</span><strong style="box-sizing: inherit; font-family: inherit !important; font-weight: 700; font-size: inherit !important;">both (of) the cars.</strong></span></p></td></tr><tr style="box-sizing: inherit; font-family: inherit !important; font-size: inherit !important;"><td style="box-sizing: inherit; font-family: inherit !important; font-size: inherit !important; width: 171.125px;"><p style="box-sizing: inherit; font-family: inherit !important; font-size: inherit !important;"><span style="box-sizing: inherit; font-family: arial, helvetica, sans-serif; font-size: 12pt; color: rgb(0, 0, 0); background-color: rgb(255, 255, 255);">3</span></p></td><td style="box-sizing: inherit; font-family: inherit !important; font-size: inherit !important; width: 591.135px;"><p style="box-sizing: inherit; font-family: inherit !important; font-size: inherit !important;"><span style="box-sizing: inherit; font-family: arial, helvetica, sans-serif; font-size: 12pt; color: rgb(0, 0, 0); background-color: rgb(255, 255, 255);"><strong style="box-sizing: inherit; font-family: inherit !important; font-weight: 700; font-size: inherit !important;">Both (of) my parents<span>&nbsp;</span></strong>have fair hair.</span></p></td></tr><tr style="box-sizing: inherit; font-family: inherit !important; font-size: inherit !important;"><td style="box-sizing: inherit; font-family: inherit !important; font-size: inherit !important; width: 171.125px;"><p style="box-sizing: inherit; font-family: inherit !important; font-size: inherit !important;"><span style="box-sizing: inherit; font-family: arial, helvetica, sans-serif; font-size: 12pt; color: rgb(0, 0, 0); background-color: rgb(255, 255, 255);">4</span></p></td><td style="box-sizing: inherit; font-family: inherit !important; font-size: inherit !important; width: 591.135px;"><p style="box-sizing: inherit; font-family: inherit !important; font-size: inherit !important;"><span style="box-sizing: inherit; font-family: arial, helvetica, sans-serif; font-size: 12pt; color: rgb(0, 0, 0); background-color: rgb(255, 255, 255);">You can take<span>&nbsp;</span><strong style="box-sizing: inherit; font-family: inherit !important; font-weight: 700; font-size: inherit !important;">both (of) these books<span>&nbsp;</span></strong>back to the library.</span></p></td></tr></tbody></table>')
GO
INSERT [dbo].[PaymentMethods] ([idMethod], [name]) VALUES (N'497fde6e-2c13-487f-bf9b-749afe24c4fa', N'VNPAY')
INSERT [dbo].[PaymentMethods] ([idMethod], [name]) VALUES (N'4a7f956c-c7cd-4883-ac5a-e4ebe532fbb6', N'MOMO')
GO
INSERT [dbo].[Payments] ([idPayment], [idMethod], [idStudent], [idPackage], [message], [paymentDate], [paymentAmount]) VALUES (N'0b9062d8-d9a1-49a8-ab7e-2d3f07e01e4c', N'4a7f956c-c7cd-4883-ac5a-e4ebe532fbb6', N'809de52d-b38e-4ca7-87fe-61f2ddcc41df', N'c5efdd6d-a0c1-4d7a-bb83-0537cfc88a8c', N'Success', CAST(N'2023-12-23T16:21:56.6079591' AS DateTime2), 10000)
INSERT [dbo].[Payments] ([idPayment], [idMethod], [idStudent], [idPackage], [message], [paymentDate], [paymentAmount]) VALUES (N'1844adc5-d015-4748-83c5-34c5f5cf8135', N'497fde6e-2c13-487f-bf9b-749afe24c4fa', N'9e86ba70-2c80-4d57-9b1a-2251aa482442', N'c5efdd6d-a0c1-4d7a-bb83-0537cfc88a8c', N'Success', CAST(N'2023-12-17T07:44:36.4961812' AS DateTime2), 10000)
INSERT [dbo].[Payments] ([idPayment], [idMethod], [idStudent], [idPackage], [message], [paymentDate], [paymentAmount]) VALUES (N'b6f637ec-caab-4b0f-ae81-3730d800fdd3', N'497fde6e-2c13-487f-bf9b-749afe24c4fa', N'd16e24cd-55c2-40f5-96e5-24d8f6a64650', N'c5efdd6d-a0c1-4d7a-bb83-0537cfc88a8c', N'Success', CAST(N'2024-03-23T20:16:45.0742125' AS DateTime2), 10000)
INSERT [dbo].[Payments] ([idPayment], [idMethod], [idStudent], [idPackage], [message], [paymentDate], [paymentAmount]) VALUES (N'7f1f5bab-3034-4d32-9156-960eab129b99', N'497fde6e-2c13-487f-bf9b-749afe24c4fa', N'809de52d-b38e-4ca7-87fe-61f2ddcc41df', N'933bdeed-d52b-4811-b075-34ecf6b25d64', N'Success', CAST(N'2023-12-16T07:10:56.7820415' AS DateTime2), 4500000)
INSERT [dbo].[Payments] ([idPayment], [idMethod], [idStudent], [idPackage], [message], [paymentDate], [paymentAmount]) VALUES (N'8ec97338-7822-49cd-8b93-974213979032', N'497fde6e-2c13-487f-bf9b-749afe24c4fa', N'e7cb3e86-fb46-4939-bee2-df8ac03bf142', N'c5efdd6d-a0c1-4d7a-bb83-0537cfc88a8c', N'Success', CAST(N'2023-12-23T16:03:32.6096520' AS DateTime2), 10000)
INSERT [dbo].[Payments] ([idPayment], [idMethod], [idStudent], [idPackage], [message], [paymentDate], [paymentAmount]) VALUES (N'8cba280f-c737-4972-93bf-a15cd849c6c4', N'4a7f956c-c7cd-4883-ac5a-e4ebe532fbb6', N'809de52d-b38e-4ca7-87fe-61f2ddcc41df', N'933bdeed-d52b-4811-b075-34ecf6b25d64', N'Success', CAST(N'2023-12-16T07:09:31.6420340' AS DateTime2), 45000)
INSERT [dbo].[Payments] ([idPayment], [idMethod], [idStudent], [idPackage], [message], [paymentDate], [paymentAmount]) VALUES (N'f71edf95-6282-4c56-b9a5-acaebbecb24e', N'497fde6e-2c13-487f-bf9b-749afe24c4fa', N'584f0a2f-0b11-4846-8038-39fa365ff2c7', N'933bdeed-d52b-4811-b075-34ecf6b25d64', N'Success', CAST(N'2023-12-17T13:16:46.6824916' AS DateTime2), 450000)
INSERT [dbo].[Payments] ([idPayment], [idMethod], [idStudent], [idPackage], [message], [paymentDate], [paymentAmount]) VALUES (N'ae6c2691-8bbd-429b-921e-bec1f4aa7e4a', N'497fde6e-2c13-487f-bf9b-749afe24c4fa', N'85e8b325-d152-4296-a060-854176f10787', N'c5efdd6d-a0c1-4d7a-bb83-0537cfc88a8c', N'Success', CAST(N'2023-12-16T04:18:59.2571668' AS DateTime2), 1000000)
INSERT [dbo].[Payments] ([idPayment], [idMethod], [idStudent], [idPackage], [message], [paymentDate], [paymentAmount]) VALUES (N'7daee990-6e12-461b-9f12-c4b4bcea6cc7', N'497fde6e-2c13-487f-bf9b-749afe24c4fa', N'809de52d-b38e-4ca7-87fe-61f2ddcc41df', N'933bdeed-d52b-4811-b075-34ecf6b25d64', N'Success', CAST(N'2023-12-17T09:00:58.3437683' AS DateTime2), 45000)
INSERT [dbo].[Payments] ([idPayment], [idMethod], [idStudent], [idPackage], [message], [paymentDate], [paymentAmount]) VALUES (N'7cc9b94a-77e2-46fb-aa63-dcb49d68285e', N'4a7f956c-c7cd-4883-ac5a-e4ebe532fbb6', N'85e8b325-d152-4296-a060-854176f10787', N'c5efdd6d-a0c1-4d7a-bb83-0537cfc88a8c', N'Success', CAST(N'2024-01-01T02:56:36.5492372' AS DateTime2), 10000)
INSERT [dbo].[Payments] ([idPayment], [idMethod], [idStudent], [idPackage], [message], [paymentDate], [paymentAmount]) VALUES (N'91799285-3eb8-4e25-9187-e37bd76716f4', N'497fde6e-2c13-487f-bf9b-749afe24c4fa', N'809de52d-b38e-4ca7-87fe-61f2ddcc41df', N'c5efdd6d-a0c1-4d7a-bb83-0537cfc88a8c', N'Success', CAST(N'2023-12-17T09:09:07.8311380' AS DateTime2), 10000)
INSERT [dbo].[Payments] ([idPayment], [idMethod], [idStudent], [idPackage], [message], [paymentDate], [paymentAmount]) VALUES (N'37b6a79e-7bad-4ff1-884c-ecca6c6873a7', N'4a7f956c-c7cd-4883-ac5a-e4ebe532fbb6', N'85e8b325-d152-4296-a060-854176f10787', N'c5efdd6d-a0c1-4d7a-bb83-0537cfc88a8c', N'Success', CAST(N'2023-12-16T03:43:36.6001623' AS DateTime2), 10000)
INSERT [dbo].[Payments] ([idPayment], [idMethod], [idStudent], [idPackage], [message], [paymentDate], [paymentAmount]) VALUES (N'bafaf877-6ec3-4653-836d-f1c0123fb147', N'497fde6e-2c13-487f-bf9b-749afe24c4fa', N'85e8b325-d152-4296-a060-854176f10787', N'c5efdd6d-a0c1-4d7a-bb83-0537cfc88a8c', N'Success', CAST(N'2023-12-16T03:47:37.8378434' AS DateTime2), 1000000)
GO
INSERT [dbo].[Professors] ([idProfessor], [idUser]) VALUES (N'df2b3fc0-0a65-416f-aff9-073e53ffcaac', N'0eaf6926-d068-49a3-a42e-ce446d603178')
GO
INSERT [dbo].[Questions] ([idQuestion], [idQuiz], [idUnit], [idProfessor], [content], [answer], [explaination], [choice_1], [choice_2], [choice_3], [choice_4]) VALUES (N'9c822fad-8431-4b6e-a540-0312e46dd49d', N'23f20250-066f-46fa-acba-c9bf3c913de0', NULL, N'df2b3fc0-0a65-416f-aff9-073e53ffcaac', N'The air is naturally ________ by foreign matter such as plant pollens and dust.', N'3', N'The blank needs a past participle => C is the correct answer', N' contaminate', N'contamination', N'contaminated', N'contaminating')
INSERT [dbo].[Questions] ([idQuestion], [idQuiz], [idUnit], [idProfessor], [content], [answer], [explaination], [choice_1], [choice_2], [choice_3], [choice_4]) VALUES (N'd2eac385-f384-43f3-9ea8-122f3e9fc0c2', NULL, N'e8ef007c-f12e-42ce-a518-199c6dfea9e0', N'df2b3fc0-0a65-416f-aff9-073e53ffcaac', N'What did the woman do last week?', N'3', N'', N'She had a business meeting with Mr. Ransh.', N'She made changes in a blueprint design.', N'She sent an e-mail to Mr. Ransh.', N'She talked with Mr. Ransh on the phone.')
INSERT [dbo].[Questions] ([idQuestion], [idQuiz], [idUnit], [idProfessor], [content], [answer], [explaination], [choice_1], [choice_2], [choice_3], [choice_4]) VALUES (N'db0947b4-0088-44d3-875d-15240d2e8d9d', NULL, N'62ffc65b-2175-4d7a-be0a-6d50dfb234df', N'df2b3fc0-0a65-416f-aff9-073e53ffcaac', N'At 8:59 A.M., what does Ms. Randolph most likely mean when she writes, "Not at all"?', N'3', N'Lúc 8:59 sáng, cô Randolph rất có thể có ý gì khi cô viết, "Not at all"?', N'She would like to participate in an interview.', N'She does not think Mr. Erickson should be hired.', N' She feels comfortable fulfilling a request.', N'She has not read Mr. Erickson''s writing.')
INSERT [dbo].[Questions] ([idQuestion], [idQuiz], [idUnit], [idProfessor], [content], [answer], [explaination], [choice_1], [choice_2], [choice_3], [choice_4]) VALUES (N'f91d6cc2-23f1-4d71-8a2d-1733e55005e3', N'95cb6f64-c57b-4cf9-ad4c-41574aedbcf6', NULL, N'df2b3fc0-0a65-416f-aff9-073e53ffcaac', N'
Income levels are rising in the _____ and surrounding areas.', N'4', N'Dựa vào nghĩa để chọn. phía sau khoảng trống có "and" và cụm danh từ "surrounding areas" thì khoảng trống cần một danh từ tương đương', N'family', N'world', N'company', N'city')
INSERT [dbo].[Questions] ([idQuestion], [idQuiz], [idUnit], [idProfessor], [content], [answer], [explaination], [choice_1], [choice_2], [choice_3], [choice_4]) VALUES (N'e85102ad-849f-4b3c-bdb6-18ad2b2fe91f', NULL, N'c779db4d-134c-496c-88e8-cc3d9ff584e0', N'df2b3fc0-0a65-416f-aff9-073e53ffcaac', N'Because it is taking____ long for the staff to get used to the software, the office manager is planning to organize a training workshop.', N'2', N'"Unexpectedly" means "in a way that is not expected" which has the most appropriate meaning ', N'immediately', N'unexpectedly', N'exactly', N'attentively')
INSERT [dbo].[Questions] ([idQuestion], [idQuiz], [idUnit], [idProfessor], [content], [answer], [explaination], [choice_1], [choice_2], [choice_3], [choice_4]) VALUES (N'1f1128ce-b690-4280-8ee2-1c13796a042b', NULL, N'11026fa9-f772-430e-a225-eaee80daa6dd', N'df2b3fc0-0a65-416f-aff9-073e53ffcaac', N' ', N'4', N'', N'serve', N'served', N'server', N'service')
INSERT [dbo].[Questions] ([idQuestion], [idQuiz], [idUnit], [idProfessor], [content], [answer], [explaination], [choice_1], [choice_2], [choice_3], [choice_4]) VALUES (N'658977f0-67e0-409f-9ec7-2d859dee4fe2', NULL, N'c779db4d-134c-496c-88e8-cc3d9ff584e0', N'df2b3fc0-0a65-416f-aff9-073e53ffcaac', N'A special luncheon for the advertising team will be____ in the main banquet hall of the Phalya Hotel.', N'3', N'"Held" is the past participle of "hold". "Hold" means "to have something such as a meeting or an election" which has the most appropriate meaning ', N'staged', N'referred', N'held', N'went')
INSERT [dbo].[Questions] ([idQuestion], [idQuiz], [idUnit], [idProfessor], [content], [answer], [explaination], [choice_1], [choice_2], [choice_3], [choice_4]) VALUES (N'a7672eda-4afe-4a78-b03e-32358af64a20', N'23f20250-066f-46fa-acba-c9bf3c913de0', NULL, N'df2b3fc0-0a65-416f-aff9-073e53ffcaac', N'The refreshments ______ by Karen.', N'2', N'We have the structure of passive voice in near future tense "be (are) + going to + be + past participle" => B is the correct answer', N'are going to prepare', N'are going to be prepared', N'are preparing', N'are to prepare')
INSERT [dbo].[Questions] ([idQuestion], [idQuiz], [idUnit], [idProfessor], [content], [answer], [explaination], [choice_1], [choice_2], [choice_3], [choice_4]) VALUES (N'd90958ea-4fea-42de-aecc-378577839639', N'3fb7c376-4eb9-49b1-86c6-c08c30aae22a', NULL, N'df2b3fc0-0a65-416f-aff9-073e53ffcaac', N'What''s your favorite color', N'2', N'ádfa
', N'Red', N'Orange', N'Black', N'White')
INSERT [dbo].[Questions] ([idQuestion], [idQuiz], [idUnit], [idProfessor], [content], [answer], [explaination], [choice_1], [choice_2], [choice_3], [choice_4]) VALUES (N'5697dc40-1252-40e1-9e58-37ddd7b4a4de', NULL, N'313ed1d7-170a-4209-b19a-045df03ba253', N'df2b3fc0-0a65-416f-aff9-073e53ffcaac', N' ', N'1', N'', N' ', N' ', N' ', N' ')
INSERT [dbo].[Questions] ([idQuestion], [idQuiz], [idUnit], [idProfessor], [content], [answer], [explaination], [choice_1], [choice_2], [choice_3], [choice_4]) VALUES (N'45f66bbd-e6a2-41f4-8ae9-3cba4e7b9b55', NULL, N'62ffc65b-2175-4d7a-be0a-6d50dfb234df', N'df2b3fc0-0a65-416f-aff9-073e53ffcaac', N'According to the discussion, what is important to Mr. Peters about a new hire?', N'4', N'Theo cuộc thảo luận, điều gì quan trọng đối với ông Peters về việc tuyển dụng mới?', N' Prior news reporting experience', N'Ability to begin working immediately', N'Communicating well with colleagues', N'Staying with the company over the long term')
INSERT [dbo].[Questions] ([idQuestion], [idQuiz], [idUnit], [idProfessor], [content], [answer], [explaination], [choice_1], [choice_2], [choice_3], [choice_4]) VALUES (N'c36533c1-de88-4d56-8c66-3d7c5bfd6f85', NULL, N'e8ef007c-f12e-42ce-a518-199c6dfea9e0', N'df2b3fc0-0a65-416f-aff9-073e53ffcaac', N'What will the woman most likely do next?
', N'2', N'', N'Call Mr. Ransh', N'Send a document', N'Visit Mr. Ransh', N' Redesign the blueprints')
INSERT [dbo].[Questions] ([idQuestion], [idQuiz], [idUnit], [idProfessor], [content], [answer], [explaination], [choice_1], [choice_2], [choice_3], [choice_4]) VALUES (N'8832a138-650a-4c03-b532-4065f306d81a', NULL, N'2e9a8c14-83de-4954-b470-5e1ded39e4a7', N'df2b3fc0-0a65-416f-aff9-073e53ffcaac', N'Why is the man impressed?', N'1', N'', N' The equipment is of high quality.', N'The factory is selling expensive devices.', N'The robots are working instead of people.', N'The machines are very clean.')
INSERT [dbo].[Questions] ([idQuestion], [idQuiz], [idUnit], [idProfessor], [content], [answer], [explaination], [choice_1], [choice_2], [choice_3], [choice_4]) VALUES (N'de2bb0e5-9350-4819-bb31-444066307b1f', NULL, N'11026fa9-f772-430e-a225-eaee80daa6dd', N'df2b3fc0-0a65-416f-aff9-073e53ffcaac', N' ', N'1', N'', N'apologize', N'organize', N'realize', N'recognize')
INSERT [dbo].[Questions] ([idQuestion], [idQuiz], [idUnit], [idProfessor], [content], [answer], [explaination], [choice_1], [choice_2], [choice_3], [choice_4]) VALUES (N'7b129c34-bd0d-431d-aaf2-44bc6debc8b9', NULL, N'11026fa9-f772-430e-a225-eaee80daa6dd', N'df2b3fc0-0a65-416f-aff9-073e53ffcaac', N' ', N'2', N'', N'Along', N'During', N'Without', N'Between')
INSERT [dbo].[Questions] ([idQuestion], [idQuiz], [idUnit], [idProfessor], [content], [answer], [explaination], [choice_1], [choice_2], [choice_3], [choice_4]) VALUES (N'1537b61c-6101-4777-9bf9-4a8855907e20', NULL, N'dadbf0ea-ede1-4d08-95a6-f204014cf7fa', N'df2b3fc0-0a65-416f-aff9-073e53ffcaac', N' ', N'2', N'B is correct since it can connect to the previous sentence "This includes when the issue began" ', N'Turning your computer off and back on won’t address the issue.', N'Also tell us what you were doing immediately prior to it.', N'Moreover, improper connections could be responsible for the error.', N'We will try to answer any questions you have about your device.')
INSERT [dbo].[Questions] ([idQuestion], [idQuiz], [idUnit], [idProfessor], [content], [answer], [explaination], [choice_1], [choice_2], [choice_3], [choice_4]) VALUES (N'b3b10cd4-090d-4bab-877c-503c4794430f', NULL, N'c779db4d-134c-496c-88e8-cc3d9ff584e0', N'df2b3fc0-0a65-416f-aff9-073e53ffcaac', N'The botanical garden____ on the south side of the island and can easily be found on any map.', N'1', N'Be located on => A is correct ', N'is located', N'locates', N'locating', N'was locating')
INSERT [dbo].[Questions] ([idQuestion], [idQuiz], [idUnit], [idProfessor], [content], [answer], [explaination], [choice_1], [choice_2], [choice_3], [choice_4]) VALUES (N'62fa145e-fd5e-451c-b51b-50de0a3228f7', NULL, N'95703af1-8ca0-4fce-95b7-81387f0f30f6', N'df2b3fc0-0a65-416f-aff9-073e53ffcaac', N'What will happen on August 4?', N'1', N'', N'Dr. Alfson’s new book will be available.', N' A new research project will be launched.', N'The radio will broadcast an interview.', N' The results of a study will be announced.')
INSERT [dbo].[Questions] ([idQuestion], [idQuiz], [idUnit], [idProfessor], [content], [answer], [explaination], [choice_1], [choice_2], [choice_3], [choice_4]) VALUES (N'b6cb4b12-46b9-401f-ae0d-54fa1b3e1862', NULL, N'2e9a8c14-83de-4954-b470-5e1ded39e4a7', N'df2b3fc0-0a65-416f-aff9-073e53ffcaac', N'Where is this conversation most likely taking place?', N'4', N'', N' At a robot exhibition', N'At a computer system convention', N'At a machinery shop', N' In a manufacturing plant')
INSERT [dbo].[Questions] ([idQuestion], [idQuiz], [idUnit], [idProfessor], [content], [answer], [explaination], [choice_1], [choice_2], [choice_3], [choice_4]) VALUES (N'612c93e7-c842-465b-bab9-5d841c07d310', NULL, N'ad570d7b-6349-49ee-b2d8-a6bb027a7415', N'df2b3fc0-0a65-416f-aff9-073e53ffcaac', N'What will the listeners probably do next?', N'1', N'', N'Read a brochure', N'Watch a presentation', N'Reserve a booth', N'Register for activities')
INSERT [dbo].[Questions] ([idQuestion], [idQuiz], [idUnit], [idProfessor], [content], [answer], [explaination], [choice_1], [choice_2], [choice_3], [choice_4]) VALUES (N'a663619c-1889-49e5-ab04-6817e6908c25', NULL, N'95703af1-8ca0-4fce-95b7-81387f0f30f6', N'df2b3fc0-0a65-416f-aff9-073e53ffcaac', N'Who most likely is Ted Costello?', N'3', N'', N'A newspaper reporter', N'A computer scientist', N'A radio host', N'A research assistant')
INSERT [dbo].[Questions] ([idQuestion], [idQuiz], [idUnit], [idProfessor], [content], [answer], [explaination], [choice_1], [choice_2], [choice_3], [choice_4]) VALUES (N'784b09fc-16fe-4bc6-aa3e-685f3b5ff282', NULL, N'c779db4d-134c-496c-88e8-cc3d9ff584e0', N'df2b3fc0-0a65-416f-aff9-073e53ffcaac', N'____ newly-hired employees on the management level should attend the training workshop about the company values.', N'4', N'All + plural noun (employees) ', N'Neither', N'Every', N'Each', N'All')
INSERT [dbo].[Questions] ([idQuestion], [idQuiz], [idUnit], [idProfessor], [content], [answer], [explaination], [choice_1], [choice_2], [choice_3], [choice_4]) VALUES (N'58375f17-e8a1-4dd9-89df-68f9f4402d29', NULL, N'ad570d7b-6349-49ee-b2d8-a6bb027a7415', N'df2b3fc0-0a65-416f-aff9-073e53ffcaac', N'What is the speaker talking about?', N'1', N'', N'A medical conference', N'A technology exhibition', N'A political convention', N'A career fair')
INSERT [dbo].[Questions] ([idQuestion], [idQuiz], [idUnit], [idProfessor], [content], [answer], [explaination], [choice_1], [choice_2], [choice_3], [choice_4]) VALUES (N'67a2b626-66c9-4ef3-b0d4-7129c42eb628', N'23f20250-066f-46fa-acba-c9bf3c913de0', NULL, N'df2b3fc0-0a65-416f-aff9-073e53ffcaac', N'There is no limit to the diversity to be _______ in the cultures of people throughout the world .', N'3', N'The blank needs a past participle => C is the correct answer', N'A. finding', N'find', N'found', N'to find')
INSERT [dbo].[Questions] ([idQuestion], [idQuiz], [idUnit], [idProfessor], [content], [answer], [explaination], [choice_1], [choice_2], [choice_3], [choice_4]) VALUES (N'c8b27f89-b1a8-49d2-9c56-8717fefff6a8', NULL, N'c102addf-436b-4081-9eb7-6888dff05602', N'df2b3fc0-0a65-416f-aff9-073e53ffcaac', N' ', N'3', N'', N' ', N' ', N' ', N' ')
INSERT [dbo].[Questions] ([idQuestion], [idQuiz], [idUnit], [idProfessor], [content], [answer], [explaination], [choice_1], [choice_2], [choice_3], [choice_4]) VALUES (N'4abaee29-6544-445c-af03-87d72d2a9f97', NULL, N'e8ef007c-f12e-42ce-a518-199c6dfea9e0', N'df2b3fc0-0a65-416f-aff9-073e53ffcaac', N'Why is Mr. Ransh upset?', N'1', N'', N'He did not receive a document.', N'The woman canceled an appointment.', N'He doesn’t like the woman’s design.', N'The construction of a building has cancelled.')
INSERT [dbo].[Questions] ([idQuestion], [idQuiz], [idUnit], [idProfessor], [content], [answer], [explaination], [choice_1], [choice_2], [choice_3], [choice_4]) VALUES (N'54df5f08-837d-400d-aa63-88eecc002d6a', NULL, N'62ffc65b-2175-4d7a-be0a-6d50dfb234df', N'df2b3fc0-0a65-416f-aff9-073e53ffcaac', N'What is indicated about Mr. Erickson?', N'2', N'Điều gì được chỉ ra về anh Erickson?', N'He has never been on a job interview before.', N'He has held many different types of jobs.', N'He is taking over Mr. Peters'' position.', N'He is a former colleague of Ms. Montaine.')
INSERT [dbo].[Questions] ([idQuestion], [idQuiz], [idUnit], [idProfessor], [content], [answer], [explaination], [choice_1], [choice_2], [choice_3], [choice_4]) VALUES (N'f25a690b-0157-4060-9fda-955073a90d3d', NULL, N'348e21d5-8d34-490d-ac10-11e60d0d4e52', N'df2b3fc0-0a65-416f-aff9-073e53ffcaac', N' ', N'1', N'', N' ', N' ', N' ', N' ')
INSERT [dbo].[Questions] ([idQuestion], [idQuiz], [idUnit], [idProfessor], [content], [answer], [explaination], [choice_1], [choice_2], [choice_3], [choice_4]) VALUES (N'b11aaab3-6de1-48a6-a2ca-9612dc872a5a', NULL, N'98fc1d04-8ee3-42b1-9074-e47c521837c7', N'df2b3fc0-0a65-416f-aff9-073e53ffcaac', N' ', N'2', N'', N' ', N' ', N' ', N' ')
INSERT [dbo].[Questions] ([idQuestion], [idQuiz], [idUnit], [idProfessor], [content], [answer], [explaination], [choice_1], [choice_2], [choice_3], [choice_4]) VALUES (N'e2f91d97-be37-4b9d-84e7-a3b16db1485c', NULL, N'95703af1-8ca0-4fce-95b7-81387f0f30f6', N'df2b3fc0-0a65-416f-aff9-073e53ffcaac', N'What does Dr. Alfson specialize in?', N'4', N'', N' Music education', N'Market research', N'Mergers and acquisitions', N'The study of language')
INSERT [dbo].[Questions] ([idQuestion], [idQuiz], [idUnit], [idProfessor], [content], [answer], [explaination], [choice_1], [choice_2], [choice_3], [choice_4]) VALUES (N'c4f80da8-d990-4af7-a0ba-a56b432bd2ea', NULL, N'c779db4d-134c-496c-88e8-cc3d9ff584e0', N'df2b3fc0-0a65-416f-aff9-073e53ffcaac', N'Masara Bankole, an award-winning____ at the Toronto Star, has agreed to host radio show for charity fundraising.', N'2', N'The blank needs a noun. "Journalist" means "a person who writes news stories or articles for a newspaper or magazine or broadcasts them on radio or television" which has the most appropriate meaning ', N'journal', N'journalist', N'journalism', N'journalistic')
INSERT [dbo].[Questions] ([idQuestion], [idQuiz], [idUnit], [idProfessor], [content], [answer], [explaination], [choice_1], [choice_2], [choice_3], [choice_4]) VALUES (N'180cc4cb-662c-4339-9b2f-ae4894ffe93c', NULL, N'e30fd4bc-2264-4838-be33-7dd428fb5a28', N'df2b3fc0-0a65-416f-aff9-073e53ffcaac', N' ', N'1', N'"Problem" means "a situation, person, or thing that needs attention and needs to be dealt with or solved" which has the most appropriate meaning ', N'problem', N'charge', N'meeting', N'decision')
INSERT [dbo].[Questions] ([idQuestion], [idQuiz], [idUnit], [idProfessor], [content], [answer], [explaination], [choice_1], [choice_2], [choice_3], [choice_4]) VALUES (N'7749550b-df52-4771-bccb-af4af6492e5c', NULL, N'c779db4d-134c-496c-88e8-cc3d9ff584e0', N'df2b3fc0-0a65-416f-aff9-073e53ffcaac', N'Relative housing values have dropped more than 10 percent from ____ peak in the first half of the year.', N'2', N'We need a possessive adjective before the noun "peak" => B is correct ', N'they', N'their', N'them', N'theirs')
INSERT [dbo].[Questions] ([idQuestion], [idQuiz], [idUnit], [idProfessor], [content], [answer], [explaination], [choice_1], [choice_2], [choice_3], [choice_4]) VALUES (N'fd695a05-1311-4a02-ba54-b2d24c0fd113', NULL, N'49b8292c-6a0d-4f8d-bc13-cffcf81da701', N'df2b3fc0-0a65-416f-aff9-073e53ffcaac', N'Where most likely is Patrick?', N'4', N'', N'At his home', N'In his office', N'At a restaurant', N'On a business trip')
INSERT [dbo].[Questions] ([idQuestion], [idQuiz], [idUnit], [idProfessor], [content], [answer], [explaination], [choice_1], [choice_2], [choice_3], [choice_4]) VALUES (N'11fa3506-96a3-4ec2-b719-c55ad1dab013', NULL, N'e30fd4bc-2264-4838-be33-7dd428fb5a28', N'df2b3fc0-0a65-416f-aff9-073e53ffcaac', N' ', N'1', N'The blank needs a verb => D is correct ', N'functionally', N'functional', N'function', N'functioning')
INSERT [dbo].[Questions] ([idQuestion], [idQuiz], [idUnit], [idProfessor], [content], [answer], [explaination], [choice_1], [choice_2], [choice_3], [choice_4]) VALUES (N'1ad2f2f9-1067-4509-83ce-c58fefac844c', NULL, N'5b611b88-9fe4-485f-bf62-ca2f513aaac5', N'df2b3fc0-0a65-416f-aff9-073e53ffcaac', N'What is included as part of the Exploring the Ocean tour?', N'3', N'In the website, there is the information "Date: August 1". Meanwhile, in the flyer, there is the information "From the King''s Castle (July-September)" => C is correct ', N'Video footage', N'Photographs', N'Live creatures', N'Ancient Ancestors')
INSERT [dbo].[Questions] ([idQuestion], [idQuiz], [idUnit], [idProfessor], [content], [answer], [explaination], [choice_1], [choice_2], [choice_3], [choice_4]) VALUES (N'f2f87be2-54d6-4542-aadb-cef2517b3c74', N'95cb6f64-c57b-4cf9-ad4c-41574aedbcf6', NULL, N'df2b3fc0-0a65-416f-aff9-073e53ffcaac', N'Hotel guests have a lovely view of the ocean _____ the south-facing windows.', N'4', N'Dựa trên nghĩa để chọn một giới từ phù hợp.', N'up', N'except', N'onto', N'through')
INSERT [dbo].[Questions] ([idQuestion], [idQuiz], [idUnit], [idProfessor], [content], [answer], [explaination], [choice_1], [choice_2], [choice_3], [choice_4]) VALUES (N'3ab45e88-d9dc-4264-81b6-d3bc7284a098', NULL, N'ba5a2bda-44ac-42e2-8f8b-6799cd1aba43', N'df2b3fc0-0a65-416f-aff9-073e53ffcaac', N' ', N'4', N'', N' ', N' ', N' ', N' ')
INSERT [dbo].[Questions] ([idQuestion], [idQuiz], [idUnit], [idProfessor], [content], [answer], [explaination], [choice_1], [choice_2], [choice_3], [choice_4]) VALUES (N'08836b5d-14cb-43c1-8c18-d587311bd2fe', N'95cb6f64-c57b-4cf9-ad4c-41574aedbcf6', NULL, N'df2b3fc0-0a65-416f-aff9-073e53ffcaac', N'Mougey Fine Gifts is known for its large range of _______ goods.', N'1', N'Cần 1 tính từ để bổ sung cho danh từ goods. Đáp án đúng là A.', N'regional', N'regionally', N'region', N'regions')
INSERT [dbo].[Questions] ([idQuestion], [idQuiz], [idUnit], [idProfessor], [content], [answer], [explaination], [choice_1], [choice_2], [choice_3], [choice_4]) VALUES (N'369c1d34-fd99-4079-b63d-d92e28453c7a', N'23f20250-066f-46fa-acba-c9bf3c913de0', NULL, N'df2b3fc0-0a65-416f-aff9-073e53ffcaac', N'In football, only the goalkeeper ________ the ball with his hands.', N'4', N'We have the structure of passive voice in present simple tense "be (is)+ past participle"=> D is the correct answer ', N'is let touch', N'is allowed touching', N'lets to touch', N'is allowed to touch')
INSERT [dbo].[Questions] ([idQuestion], [idQuiz], [idUnit], [idProfessor], [content], [answer], [explaination], [choice_1], [choice_2], [choice_3], [choice_4]) VALUES (N'bcb3cfc9-9ce5-4ba1-8fa9-dce508632032', NULL, N'b3066233-2ab8-43b7-bf72-7880fc6b2cc1', N'df2b3fc0-0a65-416f-aff9-073e53ffcaac', N' ', N'1', N'', N' ', N' ', N' ', N' ')
INSERT [dbo].[Questions] ([idQuestion], [idQuiz], [idUnit], [idProfessor], [content], [answer], [explaination], [choice_1], [choice_2], [choice_3], [choice_4]) VALUES (N'e16edb18-7b2c-4505-9c36-ddfa5dfa9bc6', N'95cb6f64-c57b-4cf9-ad4c-41574aedbcf6', NULL, N'df2b3fc0-0a65-416f-aff9-073e53ffcaac', N'Since we had a recent rate change, expect _____ next electricity bill to be slightly lower.', N'4', N'Đây là câu hỏi về từ loại. Cần có 1 tính từ sở hữu bổ nghĩa cho cụm danh từ "next electricity bill". ', N'you', N'yours', N'yourself', N'your')
INSERT [dbo].[Questions] ([idQuestion], [idQuiz], [idUnit], [idProfessor], [content], [answer], [explaination], [choice_1], [choice_2], [choice_3], [choice_4]) VALUES (N'4991fe6a-8c39-4676-82bd-e48cc64e158c', NULL, N'2e9a8c14-83de-4954-b470-5e1ded39e4a7', N'df2b3fc0-0a65-416f-aff9-073e53ffcaac', N'What is the woman wondering?', N'1', N'', N'The cost of a system upgrade', N'The location of a factory', N'A time for installation', N'A report on company’s performance')
INSERT [dbo].[Questions] ([idQuestion], [idQuiz], [idUnit], [idProfessor], [content], [answer], [explaination], [choice_1], [choice_2], [choice_3], [choice_4]) VALUES (N'5e720519-f838-4851-b8c7-e5e1493adb1f', N'23f20250-066f-46fa-acba-c9bf3c913de0', NULL, N'df2b3fc0-0a65-416f-aff9-073e53ffcaac', N'Our group ______ older people.', N'4', N'We have the structure of passive voice in present simple tense "be (is) + past participle" => D is the correct answer ', N'composes', N'is compose of', N' is composing in', N'is composed of')
INSERT [dbo].[Questions] ([idQuestion], [idQuiz], [idUnit], [idProfessor], [content], [answer], [explaination], [choice_1], [choice_2], [choice_3], [choice_4]) VALUES (N'e6b039a3-fa2a-485b-a0d3-f10d091a1386', NULL, N'49b8292c-6a0d-4f8d-bc13-cffcf81da701', N'df2b3fc0-0a65-416f-aff9-073e53ffcaac', N'What does the woman want to find?', N'2', N'', N'Some money', N'A file', N'An office key', N' A check')
INSERT [dbo].[Questions] ([idQuestion], [idQuiz], [idUnit], [idProfessor], [content], [answer], [explaination], [choice_1], [choice_2], [choice_3], [choice_4]) VALUES (N'4d1661bc-6ce3-4fb9-87d7-f834c79250bf', NULL, N'e30fd4bc-2264-4838-be33-7dd428fb5a28', N'df2b3fc0-0a65-416f-aff9-073e53ffcaac', N' ', N'4', N'"Promptly" means "quickly, without delay, or at the arranged time" which has the most appropriate meaning ', N'casually', N'collectively', N'frequently', N'promptly')
INSERT [dbo].[Questions] ([idQuestion], [idQuiz], [idUnit], [idProfessor], [content], [answer], [explaination], [choice_1], [choice_2], [choice_3], [choice_4]) VALUES (N'8114b622-fb30-4261-8537-fb65b9fed72f', NULL, N'ad570d7b-6349-49ee-b2d8-a6bb027a7415', N'df2b3fc0-0a65-416f-aff9-073e53ffcaac', N'What will the listeners probably do next?', N'1', N'', N'Read a brochure', N'Watch a presentation', N'Reserve a booth', N'Register for activities')
INSERT [dbo].[Questions] ([idQuestion], [idQuiz], [idUnit], [idProfessor], [content], [answer], [explaination], [choice_1], [choice_2], [choice_3], [choice_4]) VALUES (N'e53884cd-0bd8-44cf-ac86-fbee26970dae', NULL, N'49b8292c-6a0d-4f8d-bc13-cffcf81da701', N'df2b3fc0-0a65-416f-aff9-073e53ffcaac', N'What will John most likely do next?', N'1', N'', N'Check his office', N' Bring Patrick', N'Postpone a meeting', N'Reply to a letter')
INSERT [dbo].[Questions] ([idQuestion], [idQuiz], [idUnit], [idProfessor], [content], [answer], [explaination], [choice_1], [choice_2], [choice_3], [choice_4]) VALUES (N'20ab8f50-79eb-48ff-b784-fd1d98de1ce4', NULL, N'bcda8089-e15a-45a6-bed4-f5bd1132e3e4', N'df2b3fc0-0a65-416f-aff9-073e53ffcaac', N' ', N'2', N'A boat is floating on the water.', N' ', N' ', N' ', N' ')
GO
INSERT [dbo].[Quizs] ([idQuiz], [idLesson], [title]) VALUES (N'b6eeeb97-fa7f-4b89-a60f-014f0dcd8f20', N'55106086-1d88-4865-b4fc-dc7044612c8c', N'Quiz 4')
INSERT [dbo].[Quizs] ([idQuiz], [idLesson], [title]) VALUES (N'5079b0de-e86a-444b-97e0-2739598550f6', N'13505456-be1a-4a07-94f9-87e96b6ed2e2', N'Quiz 5')
INSERT [dbo].[Quizs] ([idQuiz], [idLesson], [title]) VALUES (N'55494a30-3fec-46da-9617-3fb851d49610', N'13505456-be1a-4a07-94f9-87e96b6ed2e2', N'Quiz 4')
INSERT [dbo].[Quizs] ([idQuiz], [idLesson], [title]) VALUES (N'95cb6f64-c57b-4cf9-ad4c-41574aedbcf6', N'13505456-be1a-4a07-94f9-87e96b6ed2e2', N'Quiz 1 Update')
INSERT [dbo].[Quizs] ([idQuiz], [idLesson], [title]) VALUES (N'9078250f-40f1-4ce5-b63b-49b8a231e6f2', N'55106086-1d88-4865-b4fc-dc7044612c8c', N'Quiz 3')
INSERT [dbo].[Quizs] ([idQuiz], [idLesson], [title]) VALUES (N'0da91813-232b-448b-9ebe-9316e9c0a24a', N'55106086-1d88-4865-b4fc-dc7044612c8c', N'Quiz 2')
INSERT [dbo].[Quizs] ([idQuiz], [idLesson], [title]) VALUES (N'910dd86f-d8ac-4f4e-b1e0-ba868d229fc9', N'13505456-be1a-4a07-94f9-87e96b6ed2e2', N'Quiz 3')
INSERT [dbo].[Quizs] ([idQuiz], [idLesson], [title]) VALUES (N'3fb7c376-4eb9-49b1-86c6-c08c30aae22a', N'13505456-be1a-4a07-94f9-87e96b6ed2e2', N'Quiz 6')
INSERT [dbo].[Quizs] ([idQuiz], [idLesson], [title]) VALUES (N'23f20250-066f-46fa-acba-c9bf3c913de0', N'13505456-be1a-4a07-94f9-87e96b6ed2e2', N'Quiz 2')
INSERT [dbo].[Quizs] ([idQuiz], [idLesson], [title]) VALUES (N'492234cc-ec4d-4247-83a7-cfff491a1cea', N'fbb34767-d4d2-48ec-887a-1c0ccf8e5b98', N'Quiz 1')
INSERT [dbo].[Quizs] ([idQuiz], [idLesson], [title]) VALUES (N'757355c1-73f5-4158-8e0e-d5d665ab7efd', N'11248ec5-10e5-4a33-b3d1-2743c6b927a2', N'Quiz 1 Numberic')
GO
SET IDENTITY_INSERT [dbo].[ResetPasswords] ON 

INSERT [dbo].[ResetPasswords] ([Id], [UserId], [OTP], [InsertDateTimeUTC]) VALUES (1, N'aa461c41-a60b-4cc7-b646-275cd9d5a052', N'741323', CAST(N'2023-12-02T16:05:01.8875937' AS DateTime2))
INSERT [dbo].[ResetPasswords] ([Id], [UserId], [OTP], [InsertDateTimeUTC]) VALUES (2, N'aa461c41-a60b-4cc7-b646-275cd9d5a052', N'163431', CAST(N'2023-12-02T16:38:37.6398358' AS DateTime2))
INSERT [dbo].[ResetPasswords] ([Id], [UserId], [OTP], [InsertDateTimeUTC]) VALUES (3, N'aa461c41-a60b-4cc7-b646-275cd9d5a052', N'524933', CAST(N'2023-12-02T16:40:31.2680565' AS DateTime2))
INSERT [dbo].[ResetPasswords] ([Id], [UserId], [OTP], [InsertDateTimeUTC]) VALUES (4, N'aa461c41-a60b-4cc7-b646-275cd9d5a052', N'215222', CAST(N'2023-12-03T03:03:23.6301153' AS DateTime2))
INSERT [dbo].[ResetPasswords] ([Id], [UserId], [OTP], [InsertDateTimeUTC]) VALUES (5, N'aa461c41-a60b-4cc7-b646-275cd9d5a052', N'529164', CAST(N'2023-12-03T03:04:36.1670884' AS DateTime2))
INSERT [dbo].[ResetPasswords] ([Id], [UserId], [OTP], [InsertDateTimeUTC]) VALUES (6, N'aa461c41-a60b-4cc7-b646-275cd9d5a052', N'488210', CAST(N'2023-12-03T03:05:25.9369374' AS DateTime2))
INSERT [dbo].[ResetPasswords] ([Id], [UserId], [OTP], [InsertDateTimeUTC]) VALUES (7, N'aa461c41-a60b-4cc7-b646-275cd9d5a052', N'107886', CAST(N'2023-12-03T03:09:52.4228065' AS DateTime2))
INSERT [dbo].[ResetPasswords] ([Id], [UserId], [OTP], [InsertDateTimeUTC]) VALUES (8, N'aa461c41-a60b-4cc7-b646-275cd9d5a052', N'427277', CAST(N'2023-12-03T03:16:20.2245129' AS DateTime2))
INSERT [dbo].[ResetPasswords] ([Id], [UserId], [OTP], [InsertDateTimeUTC]) VALUES (9, N'aa461c41-a60b-4cc7-b646-275cd9d5a052', N'582614', CAST(N'2023-12-03T03:17:49.2420130' AS DateTime2))
INSERT [dbo].[ResetPasswords] ([Id], [UserId], [OTP], [InsertDateTimeUTC]) VALUES (10, N'aa461c41-a60b-4cc7-b646-275cd9d5a052', N'318915', CAST(N'2023-12-03T07:33:11.5827431' AS DateTime2))
INSERT [dbo].[ResetPasswords] ([Id], [UserId], [OTP], [InsertDateTimeUTC]) VALUES (11, N'aa461c41-a60b-4cc7-b646-275cd9d5a052', N'386538', CAST(N'2023-12-03T12:47:37.3440449' AS DateTime2))
INSERT [dbo].[ResetPasswords] ([Id], [UserId], [OTP], [InsertDateTimeUTC]) VALUES (12, N'aa461c41-a60b-4cc7-b646-275cd9d5a052', N'984452', CAST(N'2023-12-04T02:35:47.3968471' AS DateTime2))
INSERT [dbo].[ResetPasswords] ([Id], [UserId], [OTP], [InsertDateTimeUTC]) VALUES (13, N'aa461c41-a60b-4cc7-b646-275cd9d5a052', N'848102', CAST(N'2023-12-04T10:31:47.4359071' AS DateTime2))
INSERT [dbo].[ResetPasswords] ([Id], [UserId], [OTP], [InsertDateTimeUTC]) VALUES (14, N'aa461c41-a60b-4cc7-b646-275cd9d5a052', N'982171', CAST(N'2023-12-04T12:24:43.8124230' AS DateTime2))
INSERT [dbo].[ResetPasswords] ([Id], [UserId], [OTP], [InsertDateTimeUTC]) VALUES (15, N'f9f8da23-d5d4-491a-9f23-0ff20bbfa274', N'404651', CAST(N'2023-12-08T04:19:02.4985470' AS DateTime2))
INSERT [dbo].[ResetPasswords] ([Id], [UserId], [OTP], [InsertDateTimeUTC]) VALUES (16, N'02605646-f2c3-4ece-9b52-99a0914861de', N'810850', CAST(N'2023-12-17T07:12:53.6308406' AS DateTime2))
INSERT [dbo].[ResetPasswords] ([Id], [UserId], [OTP], [InsertDateTimeUTC]) VALUES (17, N'20966528-2d60-46f9-b5e8-0a71fa2eaf64', N'261122', CAST(N'2023-12-17T08:29:50.3673580' AS DateTime2))
INSERT [dbo].[ResetPasswords] ([Id], [UserId], [OTP], [InsertDateTimeUTC]) VALUES (18, N'd864c1ae-0c07-4e25-b12e-a1a11e70846a', N'104948', CAST(N'2023-12-17T10:02:56.4372281' AS DateTime2))
INSERT [dbo].[ResetPasswords] ([Id], [UserId], [OTP], [InsertDateTimeUTC]) VALUES (1016, N'd8e8141d-844e-4000-ba4a-b94caeae66ee', N'390410', CAST(N'2023-12-18T09:44:44.9442565' AS DateTime2))
INSERT [dbo].[ResetPasswords] ([Id], [UserId], [OTP], [InsertDateTimeUTC]) VALUES (2016, N'3bd8684e-2afa-4cd3-8926-ec54d20a6375', N'865919', CAST(N'2023-12-23T10:35:28.6530974' AS DateTime2))
INSERT [dbo].[ResetPasswords] ([Id], [UserId], [OTP], [InsertDateTimeUTC]) VALUES (3016, N'02605646-f2c3-4ece-9b52-99a0914861de', N'305187', CAST(N'2023-12-24T15:09:21.3252730' AS DateTime2))
INSERT [dbo].[ResetPasswords] ([Id], [UserId], [OTP], [InsertDateTimeUTC]) VALUES (3017, N'baa07045-d1e0-4b3d-8dde-3eda71aeace3', N'173522', CAST(N'2023-12-24T15:09:48.4732194' AS DateTime2))
INSERT [dbo].[ResetPasswords] ([Id], [UserId], [OTP], [InsertDateTimeUTC]) VALUES (3018, N'1d0f2800-ac77-4ca3-998d-ff654010211c', N'430636', CAST(N'2024-03-09T03:02:01.6514162' AS DateTime2))
SET IDENTITY_INSERT [dbo].[ResetPasswords] OFF
GO
SET IDENTITY_INSERT [dbo].[ScoreParams] ON 

INSERT [dbo].[ScoreParams] ([correctAnswers], [listenningScore], [readingScore]) VALUES (1, 5, 5)
INSERT [dbo].[ScoreParams] ([correctAnswers], [listenningScore], [readingScore]) VALUES (2, 5, 5)
INSERT [dbo].[ScoreParams] ([correctAnswers], [listenningScore], [readingScore]) VALUES (3, 5, 5)
INSERT [dbo].[ScoreParams] ([correctAnswers], [listenningScore], [readingScore]) VALUES (4, 5, 5)
INSERT [dbo].[ScoreParams] ([correctAnswers], [listenningScore], [readingScore]) VALUES (5, 5, 5)
INSERT [dbo].[ScoreParams] ([correctAnswers], [listenningScore], [readingScore]) VALUES (6, 5, 5)
INSERT [dbo].[ScoreParams] ([correctAnswers], [listenningScore], [readingScore]) VALUES (7, 10, 5)
INSERT [dbo].[ScoreParams] ([correctAnswers], [listenningScore], [readingScore]) VALUES (8, 15, 5)
INSERT [dbo].[ScoreParams] ([correctAnswers], [listenningScore], [readingScore]) VALUES (9, 20, 5)
INSERT [dbo].[ScoreParams] ([correctAnswers], [listenningScore], [readingScore]) VALUES (10, 25, 10)
INSERT [dbo].[ScoreParams] ([correctAnswers], [listenningScore], [readingScore]) VALUES (11, 30, 15)
INSERT [dbo].[ScoreParams] ([correctAnswers], [listenningScore], [readingScore]) VALUES (12, 35, 20)
INSERT [dbo].[ScoreParams] ([correctAnswers], [listenningScore], [readingScore]) VALUES (13, 40, 25)
INSERT [dbo].[ScoreParams] ([correctAnswers], [listenningScore], [readingScore]) VALUES (14, 45, 30)
INSERT [dbo].[ScoreParams] ([correctAnswers], [listenningScore], [readingScore]) VALUES (15, 50, 35)
INSERT [dbo].[ScoreParams] ([correctAnswers], [listenningScore], [readingScore]) VALUES (16, 55, 40)
INSERT [dbo].[ScoreParams] ([correctAnswers], [listenningScore], [readingScore]) VALUES (17, 60, 45)
INSERT [dbo].[ScoreParams] ([correctAnswers], [listenningScore], [readingScore]) VALUES (18, 65, 50)
INSERT [dbo].[ScoreParams] ([correctAnswers], [listenningScore], [readingScore]) VALUES (19, 70, 55)
INSERT [dbo].[ScoreParams] ([correctAnswers], [listenningScore], [readingScore]) VALUES (20, 75, 60)
INSERT [dbo].[ScoreParams] ([correctAnswers], [listenningScore], [readingScore]) VALUES (21, 80, 65)
INSERT [dbo].[ScoreParams] ([correctAnswers], [listenningScore], [readingScore]) VALUES (22, 85, 70)
INSERT [dbo].[ScoreParams] ([correctAnswers], [listenningScore], [readingScore]) VALUES (23, 90, 75)
INSERT [dbo].[ScoreParams] ([correctAnswers], [listenningScore], [readingScore]) VALUES (24, 95, 80)
INSERT [dbo].[ScoreParams] ([correctAnswers], [listenningScore], [readingScore]) VALUES (25, 100, 90)
INSERT [dbo].[ScoreParams] ([correctAnswers], [listenningScore], [readingScore]) VALUES (26, 105, 95)
INSERT [dbo].[ScoreParams] ([correctAnswers], [listenningScore], [readingScore]) VALUES (27, 110, 100)
INSERT [dbo].[ScoreParams] ([correctAnswers], [listenningScore], [readingScore]) VALUES (28, 115, 110)
INSERT [dbo].[ScoreParams] ([correctAnswers], [listenningScore], [readingScore]) VALUES (29, 120, 115)
INSERT [dbo].[ScoreParams] ([correctAnswers], [listenningScore], [readingScore]) VALUES (30, 125, 120)
INSERT [dbo].[ScoreParams] ([correctAnswers], [listenningScore], [readingScore]) VALUES (31, 135, 125)
INSERT [dbo].[ScoreParams] ([correctAnswers], [listenningScore], [readingScore]) VALUES (32, 140, 130)
INSERT [dbo].[ScoreParams] ([correctAnswers], [listenningScore], [readingScore]) VALUES (33, 145, 135)
INSERT [dbo].[ScoreParams] ([correctAnswers], [listenningScore], [readingScore]) VALUES (34, 150, 140)
INSERT [dbo].[ScoreParams] ([correctAnswers], [listenningScore], [readingScore]) VALUES (35, 155, 145)
INSERT [dbo].[ScoreParams] ([correctAnswers], [listenningScore], [readingScore]) VALUES (36, 160, 150)
INSERT [dbo].[ScoreParams] ([correctAnswers], [listenningScore], [readingScore]) VALUES (37, 165, 155)
INSERT [dbo].[ScoreParams] ([correctAnswers], [listenningScore], [readingScore]) VALUES (38, 170, 160)
INSERT [dbo].[ScoreParams] ([correctAnswers], [listenningScore], [readingScore]) VALUES (39, 180, 170)
INSERT [dbo].[ScoreParams] ([correctAnswers], [listenningScore], [readingScore]) VALUES (40, 185, 175)
INSERT [dbo].[ScoreParams] ([correctAnswers], [listenningScore], [readingScore]) VALUES (41, 190, 180)
INSERT [dbo].[ScoreParams] ([correctAnswers], [listenningScore], [readingScore]) VALUES (42, 195, 185)
INSERT [dbo].[ScoreParams] ([correctAnswers], [listenningScore], [readingScore]) VALUES (43, 200, 195)
INSERT [dbo].[ScoreParams] ([correctAnswers], [listenningScore], [readingScore]) VALUES (44, 210, 200)
INSERT [dbo].[ScoreParams] ([correctAnswers], [listenningScore], [readingScore]) VALUES (45, 220, 205)
INSERT [dbo].[ScoreParams] ([correctAnswers], [listenningScore], [readingScore]) VALUES (46, 225, 210)
INSERT [dbo].[ScoreParams] ([correctAnswers], [listenningScore], [readingScore]) VALUES (47, 230, 220)
INSERT [dbo].[ScoreParams] ([correctAnswers], [listenningScore], [readingScore]) VALUES (48, 235, 225)
INSERT [dbo].[ScoreParams] ([correctAnswers], [listenningScore], [readingScore]) VALUES (49, 240, 230)
INSERT [dbo].[ScoreParams] ([correctAnswers], [listenningScore], [readingScore]) VALUES (50, 245, 235)
INSERT [dbo].[ScoreParams] ([correctAnswers], [listenningScore], [readingScore]) VALUES (51, 250, 240)
INSERT [dbo].[ScoreParams] ([correctAnswers], [listenningScore], [readingScore]) VALUES (52, 255, 250)
INSERT [dbo].[ScoreParams] ([correctAnswers], [listenningScore], [readingScore]) VALUES (53, 260, 255)
INSERT [dbo].[ScoreParams] ([correctAnswers], [listenningScore], [readingScore]) VALUES (54, 270, 260)
INSERT [dbo].[ScoreParams] ([correctAnswers], [listenningScore], [readingScore]) VALUES (55, 275, 270)
INSERT [dbo].[ScoreParams] ([correctAnswers], [listenningScore], [readingScore]) VALUES (56, 280, 275)
INSERT [dbo].[ScoreParams] ([correctAnswers], [listenningScore], [readingScore]) VALUES (57, 285, 280)
INSERT [dbo].[ScoreParams] ([correctAnswers], [listenningScore], [readingScore]) VALUES (58, 295, 285)
INSERT [dbo].[ScoreParams] ([correctAnswers], [listenningScore], [readingScore]) VALUES (59, 300, 290)
INSERT [dbo].[ScoreParams] ([correctAnswers], [listenningScore], [readingScore]) VALUES (60, 305, 295)
INSERT [dbo].[ScoreParams] ([correctAnswers], [listenningScore], [readingScore]) VALUES (61, 310, 300)
INSERT [dbo].[ScoreParams] ([correctAnswers], [listenningScore], [readingScore]) VALUES (62, 315, 305)
INSERT [dbo].[ScoreParams] ([correctAnswers], [listenningScore], [readingScore]) VALUES (63, 320, 310)
INSERT [dbo].[ScoreParams] ([correctAnswers], [listenningScore], [readingScore]) VALUES (64, 325, 320)
INSERT [dbo].[ScoreParams] ([correctAnswers], [listenningScore], [readingScore]) VALUES (65, 330, 325)
INSERT [dbo].[ScoreParams] ([correctAnswers], [listenningScore], [readingScore]) VALUES (66, 335, 330)
INSERT [dbo].[ScoreParams] ([correctAnswers], [listenningScore], [readingScore]) VALUES (67, 340, 335)
INSERT [dbo].[ScoreParams] ([correctAnswers], [listenningScore], [readingScore]) VALUES (68, 345, 340)
INSERT [dbo].[ScoreParams] ([correctAnswers], [listenningScore], [readingScore]) VALUES (69, 350, 345)
INSERT [dbo].[ScoreParams] ([correctAnswers], [listenningScore], [readingScore]) VALUES (70, 360, 350)
INSERT [dbo].[ScoreParams] ([correctAnswers], [listenningScore], [readingScore]) VALUES (71, 365, 355)
INSERT [dbo].[ScoreParams] ([correctAnswers], [listenningScore], [readingScore]) VALUES (72, 370, 360)
INSERT [dbo].[ScoreParams] ([correctAnswers], [listenningScore], [readingScore]) VALUES (73, 375, 365)
INSERT [dbo].[ScoreParams] ([correctAnswers], [listenningScore], [readingScore]) VALUES (74, 380, 370)
INSERT [dbo].[ScoreParams] ([correctAnswers], [listenningScore], [readingScore]) VALUES (75, 390, 375)
INSERT [dbo].[ScoreParams] ([correctAnswers], [listenningScore], [readingScore]) VALUES (76, 395, 380)
INSERT [dbo].[ScoreParams] ([correctAnswers], [listenningScore], [readingScore]) VALUES (77, 400, 385)
INSERT [dbo].[ScoreParams] ([correctAnswers], [listenningScore], [readingScore]) VALUES (78, 405, 390)
INSERT [dbo].[ScoreParams] ([correctAnswers], [listenningScore], [readingScore]) VALUES (79, 410, 395)
INSERT [dbo].[ScoreParams] ([correctAnswers], [listenningScore], [readingScore]) VALUES (80, 420, 400)
INSERT [dbo].[ScoreParams] ([correctAnswers], [listenningScore], [readingScore]) VALUES (81, 425, 405)
INSERT [dbo].[ScoreParams] ([correctAnswers], [listenningScore], [readingScore]) VALUES (82, 430, 405)
INSERT [dbo].[ScoreParams] ([correctAnswers], [listenningScore], [readingScore]) VALUES (83, 435, 410)
INSERT [dbo].[ScoreParams] ([correctAnswers], [listenningScore], [readingScore]) VALUES (84, 440, 415)
INSERT [dbo].[ScoreParams] ([correctAnswers], [listenningScore], [readingScore]) VALUES (85, 450, 420)
INSERT [dbo].[ScoreParams] ([correctAnswers], [listenningScore], [readingScore]) VALUES (86, 455, 425)
INSERT [dbo].[ScoreParams] ([correctAnswers], [listenningScore], [readingScore]) VALUES (87, 460, 430)
INSERT [dbo].[ScoreParams] ([correctAnswers], [listenningScore], [readingScore]) VALUES (88, 470, 435)
INSERT [dbo].[ScoreParams] ([correctAnswers], [listenningScore], [readingScore]) VALUES (89, 475, 445)
INSERT [dbo].[ScoreParams] ([correctAnswers], [listenningScore], [readingScore]) VALUES (90, 480, 450)
INSERT [dbo].[ScoreParams] ([correctAnswers], [listenningScore], [readingScore]) VALUES (91, 485, 455)
INSERT [dbo].[ScoreParams] ([correctAnswers], [listenningScore], [readingScore]) VALUES (92, 490, 465)
INSERT [dbo].[ScoreParams] ([correctAnswers], [listenningScore], [readingScore]) VALUES (93, 495, 470)
INSERT [dbo].[ScoreParams] ([correctAnswers], [listenningScore], [readingScore]) VALUES (94, 495, 480)
INSERT [dbo].[ScoreParams] ([correctAnswers], [listenningScore], [readingScore]) VALUES (95, 495, 485)
INSERT [dbo].[ScoreParams] ([correctAnswers], [listenningScore], [readingScore]) VALUES (96, 495, 490)
INSERT [dbo].[ScoreParams] ([correctAnswers], [listenningScore], [readingScore]) VALUES (97, 495, 495)
INSERT [dbo].[ScoreParams] ([correctAnswers], [listenningScore], [readingScore]) VALUES (98, 495, 495)
INSERT [dbo].[ScoreParams] ([correctAnswers], [listenningScore], [readingScore]) VALUES (99, 495, 495)
GO
INSERT [dbo].[ScoreParams] ([correctAnswers], [listenningScore], [readingScore]) VALUES (100, 495, 495)
SET IDENTITY_INSERT [dbo].[ScoreParams] OFF
GO
INSERT [dbo].[Students] ([idStudent], [idUser], [freeTest]) VALUES (N'70c0d1fb-9560-4c7b-bf48-00a2e20090a8', N'ee7696f1-510e-4524-a6e9-729c645c8d7f', 1)
INSERT [dbo].[Students] ([idStudent], [idUser], [freeTest]) VALUES (N'9e86ba70-2c80-4d57-9b1a-2251aa482442', N'02605646-f2c3-4ece-9b52-99a0914861de', 0)
INSERT [dbo].[Students] ([idStudent], [idUser], [freeTest]) VALUES (N'd16e24cd-55c2-40f5-96e5-24d8f6a64650', N'a751f260-9e0c-4af0-9df2-ff763f7bd68f', 0)
INSERT [dbo].[Students] ([idStudent], [idUser], [freeTest]) VALUES (N'a8a48b84-9582-4188-b734-2fe263931c31', N'14fb1aac-2dbd-47bf-bdc6-a155b49d44ec', 0)
INSERT [dbo].[Students] ([idStudent], [idUser], [freeTest]) VALUES (N'131e19dd-5701-4f20-89ff-31abfa8eda7d', N'cecd5dc8-f0cc-420d-b5da-ca97587a3c0d', 1)
INSERT [dbo].[Students] ([idStudent], [idUser], [freeTest]) VALUES (N'584f0a2f-0b11-4846-8038-39fa365ff2c7', N'60c3c9b1-52e4-4a25-af37-e6ae8cc79e0d', 1)
INSERT [dbo].[Students] ([idStudent], [idUser], [freeTest]) VALUES (N'1701a5f1-205a-49b1-8fd3-582191b59111', N'800d6ba4-b6cf-4ca2-958a-139269cb7ee6', 1)
INSERT [dbo].[Students] ([idStudent], [idUser], [freeTest]) VALUES (N'f81e016f-3b17-45a4-bbe2-61423474891f', N'072692d4-1c61-445b-a7e8-01672a0232ff', 1)
INSERT [dbo].[Students] ([idStudent], [idUser], [freeTest]) VALUES (N'809de52d-b38e-4ca7-87fe-61f2ddcc41df', N'93baafda-a67a-42c1-96f5-138f0af0cb5c', 0)
INSERT [dbo].[Students] ([idStudent], [idUser], [freeTest]) VALUES (N'85e8b325-d152-4296-a060-854176f10787', N'd8e8141d-844e-4000-ba4a-b94caeae66ee', 0)
INSERT [dbo].[Students] ([idStudent], [idUser], [freeTest]) VALUES (N'dee402d4-ae90-4849-aa88-9a0929a948a2', N'8c363548-940b-4a4d-8d11-88eedcacd9f3', 1)
INSERT [dbo].[Students] ([idStudent], [idUser], [freeTest]) VALUES (N'742beeb6-ee0d-4aef-bed4-c51959fdab57', N'51449878-5a22-4ed4-9d6d-cd477d2a2d92', 1)
INSERT [dbo].[Students] ([idStudent], [idUser], [freeTest]) VALUES (N'7f2fe79b-332a-4c62-ae98-c773a4143f0b', N'35c35401-ce6c-4568-a19a-f8b4fffbf05b', 1)
INSERT [dbo].[Students] ([idStudent], [idUser], [freeTest]) VALUES (N'ab7c49e5-83a3-4a60-8c9f-d338ea253fb0', N'18da0d58-07aa-40d1-8c5b-ae18449ce329', 1)
INSERT [dbo].[Students] ([idStudent], [idUser], [freeTest]) VALUES (N'e7cb3e86-fb46-4939-bee2-df8ac03bf142', N'afe3d1ee-bbdb-48da-8559-49902648fc3b', 0)
INSERT [dbo].[Students] ([idStudent], [idUser], [freeTest]) VALUES (N'4fc74c3a-afae-4a88-b3b9-ebde46e07d62', N'20966528-2d60-46f9-b5e8-0a71fa2eaf64', 0)
INSERT [dbo].[Students] ([idStudent], [idUser], [freeTest]) VALUES (N'9e5f7936-0882-441a-885e-f76aa5e831cf', N'8b42ddeb-1f7a-4907-a67a-04033ed516d4', 1)
INSERT [dbo].[Students] ([idStudent], [idUser], [freeTest]) VALUES (N'bfb7fc94-a3ca-4aa7-a439-fc1afa45d572', N'c2627f0b-dc5a-4479-afcf-82ed326fd035', 1)
INSERT [dbo].[Students] ([idStudent], [idUser], [freeTest]) VALUES (N'34f66a47-e71e-4ff7-837b-feee18d9e37b', N'baf4e2a1-7cc6-4995-94a2-159df307faf1', 0)
GO
INSERT [dbo].[TestParts] ([partId], [partName]) VALUES (N'8bd8ddc1-8e0b-4839-98b6-48419ed575a1', N'Part 7')
INSERT [dbo].[TestParts] ([partId], [partName]) VALUES (N'cd946869-8b95-44ef-a4c5-93bc490c844a', N'Part 3')
INSERT [dbo].[TestParts] ([partId], [partName]) VALUES (N'128f202b-94e7-4c8c-a70f-cdc0426e0e13', N'Part 6')
INSERT [dbo].[TestParts] ([partId], [partName]) VALUES (N'fd59d12e-5f96-4b05-a727-cf0eaf096255', N'Part 2')
INSERT [dbo].[TestParts] ([partId], [partName]) VALUES (N'fd79dfe1-2b02-4223-a838-d69cb4b8ca5e', N'Part 5')
INSERT [dbo].[TestParts] ([partId], [partName]) VALUES (N'6109a25d-bc56-4007-8071-da3fc87fb2b3', N'Part 4')
INSERT [dbo].[TestParts] ([partId], [partName]) VALUES (N'1baa42ee-9ad8-4cf3-b8d9-dd1d848d4ca6', N'Part 1')
GO
INSERT [dbo].[TestQuestionUnits] ([idQuestionUnit], [idTest], [idTestPart], [paragraph], [audio], [image], [script], [translation]) VALUES (N'313ed1d7-170a-4209-b19a-045df03ba253', N'e109ad2c-6eda-4395-8638-74ebf489b1c6', N'fd59d12e-5f96-4b05-a727-cf0eaf096255', NULL, N'http://res.cloudinary.com/dru8wcmtb/video/upload/v1702360129/tkfisoihmbq1gcvzmvxd.mp3', NULL, N'Has the plumber stopped the leak in the upstairs restroom?
(A) Yes, it’s working fine now.
(B) No, I live downstairs.
(C) Try calling a professional.', NULL)
INSERT [dbo].[TestQuestionUnits] ([idQuestionUnit], [idTest], [idTestPart], [paragraph], [audio], [image], [script], [translation]) VALUES (N'348e21d5-8d34-490d-ac10-11e60d0d4e52', N'e109ad2c-6eda-4395-8638-74ebf489b1c6', N'fd59d12e-5f96-4b05-a727-cf0eaf096255', NULL, N'http://res.cloudinary.com/dru8wcmtb/video/upload/v1702360490/vhc4t8lphlk3ntu8wcjx.mp3', NULL, N'When do you want to leave for the concert hall?
(A) How about an hour from now?
(B) At the Montgomery Theater.
(C) My favorite band is playing.', NULL)
INSERT [dbo].[TestQuestionUnits] ([idQuestionUnit], [idTest], [idTestPart], [paragraph], [audio], [image], [script], [translation]) VALUES (N'e8ef007c-f12e-42ce-a518-199c6dfea9e0', N'e109ad2c-6eda-4395-8638-74ebf489b1c6', N'cd946869-8b95-44ef-a4c5-93bc490c844a', NULL, N'http://res.cloudinary.com/dru8wcmtb/video/upload/v1702362250/wpqjipykj2i1979fuifk.mp3', NULL, N'M: Mandy, Mr. Ransh just called me. He sounded pretty upset about not receiving any design blueprints yet. You''d better send him something soon.
W: Really? That''s weird. I sent him a blueprint by e-mail last week!
M: Hmm. Are you sure? Maybe you sent it to the wrong e-mail address.
W: No. I have his correct address saved in my computer directory. Well, I should send him a blueprint again right away anyway.', NULL)
INSERT [dbo].[TestQuestionUnits] ([idQuestionUnit], [idTest], [idTestPart], [paragraph], [audio], [image], [script], [translation]) VALUES (N'2e9a8c14-83de-4954-b470-5e1ded39e4a7', N'e109ad2c-6eda-4395-8638-74ebf489b1c6', N'cd946869-8b95-44ef-a4c5-93bc490c844a', NULL, N'http://res.cloudinary.com/dru8wcmtb/video/upload/v1702361498/uaxxovvnp2p3dmjtpryb.mp3', NULL, N'W: Look at all the robotics we are using on the manufacturing assembly line. They are all automatically operated.
M: I can see. It’s really impressive. You know, factories rarely use such high-quality devices these days.
W: Yes. So I need to find the right system to handle all the equipment we’ve installed. The system we’re currently using needs to be upgraded. How much would it cost to do business with your company?', NULL)
INSERT [dbo].[TestQuestionUnits] ([idQuestionUnit], [idTest], [idTestPart], [paragraph], [audio], [image], [script], [translation]) VALUES (N'ba5a2bda-44ac-42e2-8f8b-6799cd1aba43', N'e109ad2c-6eda-4395-8638-74ebf489b1c6', N'1baa42ee-9ad8-4cf3-b8d9-dd1d848d4ca6', NULL, N'http://res.cloudinary.com/dru8wcmtb/video/upload/v1702354220/n2r5wy38je7e7ufvuuuf.mp3', N'http://res.cloudinary.com/dru8wcmtb/image/upload/v1702354221/t5wn0knfqtczxlifxbcy.png', N'(A) They’re greeting each other.
(B)They’re walking beside the lake.
(C)They’re suntanning on the grass.
(D)They’re carrying backpacks on their shoulders.', NULL)
INSERT [dbo].[TestQuestionUnits] ([idQuestionUnit], [idTest], [idTestPart], [paragraph], [audio], [image], [script], [translation]) VALUES (N'c102addf-436b-4081-9eb7-6888dff05602', N'e109ad2c-6eda-4395-8638-74ebf489b1c6', N'1baa42ee-9ad8-4cf3-b8d9-dd1d848d4ca6', NULL, N'http://res.cloudinary.com/dru8wcmtb/video/upload/v1702355610/tgewvabdilpuhpzgy2w9.mp3', N'http://res.cloudinary.com/dru8wcmtb/image/upload/v1702355611/nhzjcovyin8vdupa771s.png', N'(A) The passengers are boarding the aircraft.
(B)The flight is departing for the destination.
(C)The plane has landed at the airport for a time.
(D)The surface of the plane is damaged.', NULL)
INSERT [dbo].[TestQuestionUnits] ([idQuestionUnit], [idTest], [idTestPart], [paragraph], [audio], [image], [script], [translation]) VALUES (N'62ffc65b-2175-4d7a-be0a-6d50dfb234df', N'e109ad2c-6eda-4395-8638-74ebf489b1c6', N'8bd8ddc1-8e0b-4839-98b6-48419ed575a1', N'<div style="box-sizing: border-box; color: rgb(26, 26, 26); font-family: Roboto, Arial, sans-serif; font-size: 16px; font-style: normal; font-variant-ligatures: normal; font-variant-caps: normal; font-weight: 400; letter-spacing: normal; orphans: 2; text-align: left; text-indent: 0px; text-transform: none; widows: 2; word-spacing: 0px; -webkit-text-stroke-width: 0px; white-space: normal; text-decoration-thickness: initial; text-decoration-style: initial; text-decoration-color: initial;"><b style="box-sizing: border-box; font-weight: bolder;">Ashley Montaine 8:54 A.M.:</b><span>&nbsp;</span>How did the interview with Mr. Erickson go?</div><div style="box-sizing: border-box; color: rgb(26, 26, 26); font-family: Roboto, Arial, sans-serif; font-size: 16px; font-style: normal; font-variant-ligatures: normal; font-variant-caps: normal; font-weight: 400; letter-spacing: normal; orphans: 2; text-align: left; text-indent: 0px; text-transform: none; widows: 2; word-spacing: 0px; -webkit-text-stroke-width: 0px; white-space: normal; text-decoration-thickness: initial; text-decoration-style: initial; text-decoration-color: initial;"><b style="box-sizing: border-box; font-weight: bolder;">Dan Campbell 8:55 A.M.:</b><span>&nbsp;</span>I really enjoyed meeting him. I think he''d be a great reporter here. He seems smart and organized, and his samples show that he''s a great writer.</div><div style="box-sizing: border-box; color: rgb(26, 26, 26); font-family: Roboto, Arial, sans-serif; font-size: 16px; font-style: normal; font-variant-ligatures: normal; font-variant-caps: normal; font-weight: 400; letter-spacing: normal; orphans: 2; text-align: left; text-indent: 0px; text-transform: none; widows: 2; word-spacing: 0px; -webkit-text-stroke-width: 0px; white-space: normal; text-decoration-thickness: initial; text-decoration-style: initial; text-decoration-color: initial;"><b style="box-sizing: border-box; font-weight: bolder;">Ashley Montaine 8:57 A.M.:</b><span>&nbsp;</span>Brooke, can you contact Mr. Erickson to set up the next interview? Is that a problem?<br style="box-sizing: border-box;"></div><div style="box-sizing: border-box; color: rgb(26, 26, 26); font-family: Roboto, Arial, sans-serif; font-size: 16px; font-style: normal; font-variant-ligatures: normal; font-variant-caps: normal; font-weight: 400; letter-spacing: normal; orphans: 2; text-align: left; text-indent: 0px; text-transform: none; widows: 2; word-spacing: 0px; -webkit-text-stroke-width: 0px; white-space: normal; text-decoration-thickness: initial; text-decoration-style: initial; text-decoration-color: initial;"><b style="box-sizing: border-box; font-weight: bolder;">Dan Campbell 8:58 A.M.:</b><span>&nbsp;</span>I''d really like to work with him. It is very important that he impress Mr. Peters.<br style="box-sizing: border-box;"></div><div style="box-sizing: border-box; color: rgb(26, 26, 26); font-family: Roboto, Arial, sans-serif; font-size: 16px; font-style: normal; font-variant-ligatures: normal; font-variant-caps: normal; font-weight: 400; letter-spacing: normal; orphans: 2; text-align: left; text-indent: 0px; text-transform: none; widows: 2; word-spacing: 0px; -webkit-text-stroke-width: 0px; white-space: normal; text-decoration-thickness: initial; text-decoration-style: initial; text-decoration-color: initial;"><b style="box-sizing: border-box; font-weight: bolder;">Brooke Randolph 8:59 A.M.:<span>&nbsp;</span></b>Not at all.<br style="box-sizing: border-box;"></div><div style="box-sizing: border-box; color: rgb(26, 26, 26); font-family: Roboto, Arial, sans-serif; font-size: 16px; font-style: normal; font-variant-ligatures: normal; font-variant-caps: normal; font-weight: 400; letter-spacing: normal; orphans: 2; text-align: left; text-indent: 0px; text-transform: none; widows: 2; word-spacing: 0px; -webkit-text-stroke-width: 0px; white-space: normal; text-decoration-thickness: initial; text-decoration-style: initial; text-decoration-color: initial;"><b style="box-sizing: border-box; font-weight: bolder;">Ashley Montaine 9:00 A.M.:<span>&nbsp;</span></b>Thanks. I also see that he has a varied work history. That will make him a well-rounded reporter.<br style="box-sizing: border-box;"></div><div style="box-sizing: border-box; color: rgb(26, 26, 26); font-family: Roboto, Arial, sans-serif; font-size: 16px; font-style: normal; font-variant-ligatures: normal; font-variant-caps: normal; font-weight: 400; letter-spacing: normal; orphans: 2; text-align: left; text-indent: 0px; text-transform: none; widows: 2; word-spacing: 0px; -webkit-text-stroke-width: 0px; white-space: normal; text-decoration-thickness: initial; text-decoration-style: initial; text-decoration-color: initial;"><b style="box-sizing: border-box; font-weight: bolder;">Brooke Randolph 9:02 A.M.:</b><span>&nbsp;</span>When would you like to meet with him again?<br style="box-sizing: border-box;"></div><div style="box-sizing: border-box; color: rgb(26, 26, 26); font-family: Roboto, Arial, sans-serif; font-size: 16px; font-style: normal; font-variant-ligatures: normal; font-variant-caps: normal; font-weight: 400; letter-spacing: normal; orphans: 2; text-align: left; text-indent: 0px; text-transform: none; widows: 2; word-spacing: 0px; -webkit-text-stroke-width: 0px; white-space: normal; text-decoration-thickness: initial; text-decoration-style: initial; text-decoration-color: initial;"><b style="box-sizing: border-box; font-weight: bolder;">Dan Campbell 9:03 A.M.:</b><span>&nbsp;</span>Ashley, I believe you will participate in the next interview. Note that Mr. Peters is probably going to ask why Mr. Erickson wants to transition from freelance writing to in-house news reporting. Also, Mr. Peters will want assurances that he''s committed and will stick around for several years.</div><div style="box-sizing: border-box; color: rgb(26, 26, 26); font-family: Roboto, Arial, sans-serif; font-size: 16px; font-style: normal; font-variant-ligatures: normal; font-variant-caps: normal; font-weight: 400; letter-spacing: normal; orphans: 2; text-align: left; text-indent: 0px; text-transform: none; widows: 2; word-spacing: 0px; -webkit-text-stroke-width: 0px; white-space: normal; text-decoration-thickness: initial; text-decoration-style: initial; text-decoration-color: initial;"><b style="box-sizing: border-box; font-weight: bolder;">Ashley Montaine 9:04 A.M.:</b><span>&nbsp;</span>Brooke, Mr. Peters and I are both free Friday morning.<br style="box-sizing: border-box;"></div><div style="box-sizing: border-box; color: rgb(26, 26, 26); font-family: Roboto, Arial, sans-serif; font-size: 16px; font-style: normal; font-variant-ligatures: normal; font-variant-caps: normal; font-weight: 400; letter-spacing: normal; orphans: 2; text-align: left; text-indent: 0px; text-transform: none; widows: 2; word-spacing: 0px; -webkit-text-stroke-width: 0px; white-space: normal; text-decoration-thickness: initial; text-decoration-style: initial; text-decoration-color: initial;"><b style="box-sizing: border-box; font-weight: bolder;">Brooke Randolph 9:06 A.M.:</b><span>&nbsp;</span>Great. I''ll write an e-mail shortly.</div>', NULL, NULL, N'null', N'Ashley Montaine 8:54 A.M.: Cuộc phỏng vấn với anh Erickson diễn ra như thế nào?

Dan Campbell 8:55 A.M.: Tôi thực sự rất thích được gặp anh ấy. Tôi nghĩ rằng anh ấy sẽ là một phóng viên giỏi ở đây. Anh ấy có vẻ thông minh và có tổ chức, và các mẫu viết thử của anh ấy cho thấy anh ấy là một cây viết tuyệt vời.

Ashley Montaine 8:57 A.M.: Brooke, bạn có thể liên hệ với ông Erickson để sắp xếp cuộc phỏng vấn tiếp theo không? Đó có phải là vấn đề không?

Dan Campbell 8:58 A.M.: Tôi thực sự muốn làm việc với anh ấy. Điều rất quan trọng là anh ấy phải gây ấn tượng với ông Peters.

Brooke Randolph 8:59 A.M.: Không có vấn đề gì.

Ashley Montaine 9:00 A.M.:  Cảm ơn nhiều. Tôi cũng thấy rằng anh ấy có một quá trình làm việc đa dạng. Điều đó sẽ khiến anh ấy trở thành một phóng viên toàn diện.

Brooke Randolph 9:02 A.M.: Khi nào bạn muốn gặp lại anh ấy?

Dan Campbell 9:03 A.M.: Ashley, tôi tin rằng bạn sẽ tham gia vào cuộc phỏng vấn tiếp theo. Lưu ý rằng ông Peters có thể sẽ hỏi tại sao anh Erickson muốn chuyển từ viết báo tự do sang báo cáo tin tức nội bộ. Ngoài ra, ông Peters sẽ muốn một đảm bảo rằng anh ấy cam kết và sẽ gắn bó trong vài năm.

Ashley Montaine 9:04 A.M.: Brooke, ông Peters và tôi đều rảnh vào sáng thứ Sáu.

Brooke Randolph 9:06 A.M.: Tuyệt vời. Tôi sẽ viết một e-mail ngay.')
INSERT [dbo].[TestQuestionUnits] ([idQuestionUnit], [idTest], [idTestPart], [paragraph], [audio], [image], [script], [translation]) VALUES (N'b3066233-2ab8-43b7-bf72-7880fc6b2cc1', N'e109ad2c-6eda-4395-8638-74ebf489b1c6', N'1baa42ee-9ad8-4cf3-b8d9-dd1d848d4ca6', NULL, N'http://res.cloudinary.com/dru8wcmtb/video/upload/v1702356285/diukocsvuj8en6pdnkmb.mp3', N'http://res.cloudinary.com/dru8wcmtb/image/upload/v1702356287/bi4anweyzgplaj4u266m.png', N'(A) Several ships are docked at a pier.
(B)The liner is passing under the bridge.
(C) The sailors are lowering the sails.
(D) The motorboat is cruising through the harbor.', NULL)
INSERT [dbo].[TestQuestionUnits] ([idQuestionUnit], [idTest], [idTestPart], [paragraph], [audio], [image], [script], [translation]) VALUES (N'e30fd4bc-2264-4838-be33-7dd428fb5a28', N'e109ad2c-6eda-4395-8638-74ebf489b1c6', N'128f202b-94e7-4c8c-a70f-cdc0426e0e13', N'<p style="box-sizing: inherit; font-family: SVN-Poppins, sans-serif; margin-block: auto; font-weight: 400; color: rgb(29, 29, 29); font-size: 16px; font-style: normal; font-variant-ligatures: normal; font-variant-caps: normal; letter-spacing: normal; orphans: 2; text-align: justify; text-indent: 0px; text-transform: none; widows: 2; word-spacing: 0px; -webkit-text-stroke-width: 0px; white-space: normal; background-color: rgba(242, 243, 247, 0.3); text-decoration-thickness: initial; text-decoration-style: initial; text-decoration-color: initial;">The IT department maintains the proper working order of all on-site computer hardware. We also ensure that the accompanying software (131) ___ at its top level of performance.<br style="box-sizing: inherit; font-family: SVN-Poppins, sans-serif; font-weight: 400;">If you are having trouble with your office computer, please contact the IT department on extension 233 and leave a message explaining the (132) ___<br style="box-sizing: inherit; font-family: SVN-Poppins, sans-serif; font-weight: 400;">To best serve you, we ask you to include as many details as possible. This includes when the issue began. (133)___.The more information we have, the faster we can find a solution.<br style="box-sizing: inherit; font-family: SVN-Poppins, sans-serif; font-weight: 400;">We will (134) ____ contact you to set up a time for a visit from one of our technicians.<br style="box-sizing: inherit; font-family: SVN-Poppins, sans-serif; font-weight: 400;">Thank you for your cooperation.</p>', NULL, NULL, NULL, N'Bộ phận CNTT duy trì trật tự hoạt động thích hợp của tất cả phần cứng máy tính tại chỗ. Chúng tôi cũng đảm bảo rằng phần mềm đi kèm đang hoạt động ở mức hiệu suất cao nhất.
Nếu máy tính văn phòng của bạn gặp sự cố, vui lòng liên hệ bộ phận IT theo số máy nhánh 233 và để lại tin nhắn giải thích sự cố
Để phục vụ bạn tốt nhất, chúng tôi yêu cầu bạn cung cấp càng nhiều chi tiết càng tốt. Điều này bao gồm thời điểm vấn đề bắt đầu. Đồng thời, hãy cho chúng tôi biết bạn đang làm gì ngay trước đó. Càng có nhiều thông tin, chúng tôi càng có thể tìm ra giải pháp nhanh hơn.
Chúng tôi sẽ nhanh chóng liên hệ với bạn để sắp xếp thời gian cho một trong các kỹ thuật viên của chúng tôi đến thăm.
Cảm ơn bạn đã hợp tác của bạn.')
INSERT [dbo].[TestQuestionUnits] ([idQuestionUnit], [idTest], [idTestPart], [paragraph], [audio], [image], [script], [translation]) VALUES (N'95703af1-8ca0-4fce-95b7-81387f0f30f6', N'e109ad2c-6eda-4395-8638-74ebf489b1c6', N'6109a25d-bc56-4007-8071-da3fc87fb2b3', NULL, N'http://res.cloudinary.com/dru8wcmtb/video/upload/v1702362685/m3us2sy9qpdwlcp1tosi.mp3', NULL, N'M: Welcome to Language Today on KXRP Radio. (71) I’m Ted Costello, and I’ll be your host this hour. For today’s show, I’m thrilled to be interviewing (72) language specialist Dr. Eric Alfson right here in the studio. (72) Dr. Alfson has recently completed groundbreaking research into child language acquisition in bilingual homes. He has agreed to tell us about the surprising results even before (73) his new book hits stores on August 4. Dr. Alfson, it’s a pleasure to welcome you to this program.', NULL)
INSERT [dbo].[TestQuestionUnits] ([idQuestionUnit], [idTest], [idTestPart], [paragraph], [audio], [image], [script], [translation]) VALUES (N'ad570d7b-6349-49ee-b2d8-a6bb027a7415', N'e109ad2c-6eda-4395-8638-74ebf489b1c6', N'6109a25d-bc56-4007-8071-da3fc87fb2b3', NULL, N'http://res.cloudinary.com/dru8wcmtb/video/upload/v1702362985/y2cq9fedny4faecuuedf.mp3', N'http://res.cloudinary.com/dru8wcmtb/image/upload/v1702362989/cpg88biyc4hqrsuxndyt.png', N'M: Good afternoon. (98) I’d like to take a moment to talk about the upcoming Annual Conference for Healthcare Professionals. The attendance of this event is one of the highest in the industry, and it will be a great chance to show off our products to these professionals. (99) I’ve given you each a pamphlet that highlights the event’s activities and speakers. I hope it will encourage you to attend. (100)And I’m planning to reserve a booth for both weekend days. I think this is the best value considering our budget.', NULL)
INSERT [dbo].[TestQuestionUnits] ([idQuestionUnit], [idTest], [idTestPart], [paragraph], [audio], [image], [script], [translation]) VALUES (N'5b611b88-9fe4-485f-bf62-ca2f513aaac5', N'e109ad2c-6eda-4395-8638-74ebf489b1c6', N'8bd8ddc1-8e0b-4839-98b6-48419ed575a1', N'<p style="box-sizing: inherit; font-family: SVN-Poppins, sans-serif; margin-block: auto; font-weight: 400; color: rgb(29, 29, 29); font-style: normal; font-variant-ligatures: normal; font-variant-caps: normal; letter-spacing: normal; orphans: 2; text-align: justify; text-indent: 0px; text-transform: none; widows: 2; word-spacing: 0px; -webkit-text-stroke-width: 0px; white-space: normal; background-color: rgba(242, 243, 247, 0.3); text-decoration-thickness: initial; text-decoration-style: initial; text-decoration-color: initial; font-size: 16px;"><strong><em style="font-family: impact, charcoal, sans-serif; font-size: 30px;">refer to the following flyer, Web site and e-mail.</em></strong><br style="box-sizing: inherit; font-family: SVN-Poppins, sans-serif; font-weight: 400;"><br style="box-sizing: inherit; font-family: SVN-Poppins, sans-serif; font-weight: 400;"><strong style="box-sizing: inherit; font-family: SVN-Poppins, sans-serif; font-weight: 700;">Come to the Bates Museum!</strong><br style="box-sizing: inherit; font-family: SVN-Poppins, sans-serif; font-weight: 400;"><br style="box-sizing: inherit; font-family: SVN-Poppins, sans-serif; font-weight: 400;">We will help you make the most of your experience by giving you a guided tour of our fascinating exhibits. These displays change every few months, so check our schedule below before you reserve a spot.<br style="box-sizing: inherit; font-family: SVN-Poppins, sans-serif; font-weight: 400;"><br style="box-sizing: inherit; font-family: SVN-Poppins, sans-serif; font-weight: 400;"><strong style="box-sizing: inherit; font-family: SVN-Poppins, sans-serif; font-weight: 700;">Who Were the Vikings?</strong>(January-March)<br style="box-sizing: inherit; font-family: SVN-Poppins, sans-serif; font-weight: 400;">Despite popular legend, the majority of people who lived across Scandinavia during the Viking Age were actually not warriors at all. So, what were they?<br style="box-sizing: inherit; font-family: SVN-Poppins, sans-serif; font-weight: 400;"><br style="box-sizing: inherit; font-family: SVN-Poppins, sans-serif; font-weight: 400;"><strong style="box-sizing: inherit; font-family: SVN-Poppins, sans-serif; font-weight: 700;">The History of the Railways</strong><span>&nbsp;</span>(April-May)<br style="box-sizing: inherit; font-family: SVN-Poppins, sans-serif; font-weight: 400;">We often think of the railway as part of the Industrial Revolution, but the history of rail transport actually dates back as far as the ancient Greeks!<br style="box-sizing: inherit; font-family: SVN-Poppins, sans-serif; font-weight: 400;"><br style="box-sizing: inherit; font-family: SVN-Poppins, sans-serif; font-weight: 400;"><strong style="box-sizing: inherit; font-family: SVN-Poppins, sans-serif; font-weight: 700;">Exploring the Ocean<span>&nbsp;</span></strong>(June only)<br style="box-sizing: inherit; font-family: SVN-Poppins, sans-serif; font-weight: 400;">Intended for the brave and curious, this tour takes participants into the depths of the ocean. Separated only by some glass walls, you will see live deep-sea animals up close and personal.<br style="box-sizing: inherit; font-family: SVN-Poppins, sans-serif; font-weight: 400;"><br style="box-sizing: inherit; font-family: SVN-Poppins, sans-serif; font-weight: 400;"><strong style="box-sizing: inherit; font-family: SVN-Poppins, sans-serif; font-weight: 700;">From the King''s Castle</strong><span>&nbsp;</span>(July-September)<br style="box-sizing: inherit; font-family: SVN-Poppins, sans-serif; font-weight: 400;">This tour contains many of the works of art formerly collected and displayed by King Castle XIV in the French Palace of Versailles during the 17th century.<br style="box-sizing: inherit; font-family: SVN-Poppins, sans-serif; font-weight: 400;"><br style="box-sizing: inherit; font-family: SVN-Poppins, sans-serif; font-weight: 400;"><strong style="box-sizing: inherit; font-family: SVN-Poppins, sans-serif; font-weight: 700;">Ancient Ancestors</strong><span>&nbsp;</span>(October-December)<br style="box-sizing: inherit; font-family: SVN-Poppins, sans-serif; font-weight: 400;">This tour takes you into the world of the First Nations, who were the first<span>&nbsp;</span><strong style="box-sizing: inherit; font-family: SVN-Poppins, sans-serif; font-weight: 700;">figures<span>&nbsp;</span></strong>to live in North America.<br style="box-sizing: inherit; font-family: SVN-Poppins, sans-serif; font-weight: 400;"><br style="box-sizing: inherit; font-family: SVN-Poppins, sans-serif; font-weight: 400;">_____________________________<br style="box-sizing: inherit; font-family: SVN-Poppins, sans-serif; font-weight: 400;"><br style="box-sizing: inherit; font-family: SVN-Poppins, sans-serif; font-weight: 400;">www.batesmuseum.com/registration<br style="box-sizing: inherit; font-family: SVN-Poppins, sans-serif; font-weight: 400;"></p><h4 align="center" style="box-sizing: inherit; font-family: SVN-Poppins, sans-serif; font-weight: 400; color: rgb(29, 29, 29); font-style: normal; font-variant-ligatures: normal; font-variant-caps: normal; letter-spacing: normal; orphans: 2; text-indent: 0px; text-transform: none; widows: 2; word-spacing: 0px; -webkit-text-stroke-width: 0px; white-space: normal; background-color: rgba(242, 243, 247, 0.3); text-decoration-thickness: initial; text-decoration-style: initial; text-decoration-color: initial; font-size: 16px;"><strong style="box-sizing: inherit; font-family: SVN-Poppins, sans-serif; font-weight: 700;">TOUR REGISTRATION</strong></h4><p style="box-sizing: inherit; font-family: SVN-Poppins, sans-serif; margin-block: auto; font-weight: 400; color: rgb(29, 29, 29); font-style: normal; font-variant-ligatures: normal; font-variant-caps: normal; letter-spacing: normal; orphans: 2; text-align: justify; text-indent: 0px; text-transform: none; widows: 2; word-spacing: 0px; -webkit-text-stroke-width: 0px; white-space: normal; background-color: rgba(242, 243, 247, 0.3); text-decoration-thickness: initial; text-decoration-style: initial; text-decoration-color: initial; font-size: 16px;">&nbsp;<br></p><p style="box-sizing: inherit; font-family: SVN-Poppins, sans-serif; margin-block: auto; font-weight: 400; color: rgb(29, 29, 29); font-style: normal; font-variant-ligatures: normal; font-variant-caps: normal; letter-spacing: normal; orphans: 2; text-align: justify; text-indent: 0px; text-transform: none; widows: 2; word-spacing: 0px; -webkit-text-stroke-width: 0px; white-space: normal; background-color: rgba(242, 243, 247, 0.3); text-decoration-thickness: initial; text-decoration-style: initial; text-decoration-color: initial; font-size: 16px;"><br style="box-sizing: inherit; font-family: SVN-Poppins, sans-serif; font-weight: 400;">Please fill out every line of this form and then click “SUBMIT” at the bottom of this screen. If you have questions about your chosen tour, please contact the museum at 555-293-8237 or e-mail<u style="box-sizing: inherit; font-family: SVN-Poppins, sans-serif; font-weight: 400;">tours@batesmuseum.com</u>.<br style="box-sizing: inherit; font-family: SVN-Poppins, sans-serif; font-weight: 400;"><br style="box-sizing: inherit; font-family: SVN-Poppins, sans-serif; font-weight: 400;">Name: Terry Turner<br style="box-sizing: inherit; font-family: SVN-Poppins, sans-serif; font-weight: 400;">Phone number: 555-828-7089<br style="box-sizing: inherit; font-family: SVN-Poppins, sans-serif; font-weight: 400;">E-mail address: tturner@funmail.org<br style="box-sizing: inherit; font-family: SVN-Poppins, sans-serif; font-weight: 400;">Date: August 1<br style="box-sizing: inherit; font-family: SVN-Poppins, sans-serif; font-weight: 400;">Number of participants: five<br style="box-sizing: inherit; font-family: SVN-Poppins, sans-serif; font-weight: 400;"><br style="box-sizing: inherit; font-family: SVN-Poppins, sans-serif; font-weight: 400;">Tour Time:<br style="box-sizing: inherit; font-family: SVN-Poppins, sans-serif; font-weight: 400;">□ 10:00 A.M.<br style="box-sizing: inherit; font-family: SVN-Poppins, sans-serif; font-weight: 400;">□ 2:00 P.M.<br style="box-sizing: inherit; font-family: SVN-Poppins, sans-serif; font-weight: 400;">□ 12:00 P.M.<br style="box-sizing: inherit; font-family: SVN-Poppins, sans-serif; font-weight: 400;">□ 4:00 P.M.<br style="box-sizing: inherit; font-family: SVN-Poppins, sans-serif; font-weight: 400;"><br style="box-sizing: inherit; font-family: SVN-Poppins, sans-serif; font-weight: 400;"><strong style="box-sizing: inherit; font-family: SVN-Poppins, sans-serif; font-weight: 700;">SUBMIT</strong><br style="box-sizing: inherit; font-family: SVN-Poppins, sans-serif; font-weight: 400;"><br style="box-sizing: inherit; font-family: SVN-Poppins, sans-serif; font-weight: 400;">________________________<br style="box-sizing: inherit; font-family: SVN-Poppins, sans-serif; font-weight: 400;"><br style="box-sizing: inherit; font-family: SVN-Poppins, sans-serif; font-weight: 400;"><strong style="box-sizing: inherit; font-family: SVN-Poppins, sans-serif; font-weight: 700;">To:</strong>Terry Turner (tturner@funmail.org)<br style="box-sizing: inherit; font-family: SVN-Poppins, sans-serif; font-weight: 400;"><strong style="box-sizing: inherit; font-family: SVN-Poppins, sans-serif; font-weight: 700;">From:</strong>Bates Museum (donotreply@batesmuseum.com)<br style="box-sizing: inherit; font-family: SVN-Poppins, sans-serif; font-weight: 400;"><strong style="box-sizing: inherit; font-family: SVN-Poppins, sans-serif; font-weight: 700;">Date:</strong>July 29<br style="box-sizing: inherit; font-family: SVN-Poppins, sans-serif; font-weight: 400;"><strong style="box-sizing: inherit; font-family: SVN-Poppins, sans-serif; font-weight: 700;">Subject:</strong>Your tour booking<br style="box-sizing: inherit; font-family: SVN-Poppins, sans-serif; font-weight: 400;"><br style="box-sizing: inherit; font-family: SVN-Poppins, sans-serif; font-weight: 400;">Dear Patron,<br style="box-sizing: inherit; font-family: SVN-Poppins, sans-serif; font-weight: 400;"><br style="box-sizing: inherit; font-family: SVN-Poppins, sans-serif; font-weight: 400;">Thank you for your booking. Please note the following about your upcoming tour:<br style="box-sizing: inherit; font-family: SVN-Poppins, sans-serif; font-weight: 400;"><br style="box-sizing: inherit; font-family: SVN-Poppins, sans-serif; font-weight: 400;">1)Guests should arrive 10 minutes prior to the scheduled tour time.<br style="box-sizing: inherit; font-family: SVN-Poppins, sans-serif; font-weight: 400;">2)The museum can accommodate groups between 6 and 15 people. We will split all groups with more than 15 people into two in order to pass through the exhibits easily. Likewise, groups with fewer than 6 participants will be grouped together with another party, so we use our tour guides as efficiently as possible.<br style="box-sizing: inherit; font-family: SVN-Poppins, sans-serif; font-weight: 400;">3)No outside food or drink is allowed in the museum.<br style="box-sizing: inherit; font-family: SVN-Poppins, sans-serif; font-weight: 400;">4) Children under the age of 10 must be accompanied by an adult at all times.<br style="box-sizing: inherit; font-family: SVN-Poppins, sans-serif; font-weight: 400;"><br style="box-sizing: inherit; font-family: SVN-Poppins, sans-serif; font-weight: 400;">We appreciate your interest in the Bates Museum!<br style="box-sizing: inherit; font-family: SVN-Poppins, sans-serif; font-weight: 400;"><br style="box-sizing: inherit; font-family: SVN-Poppins, sans-serif; font-weight: 400;">** This is an automated message. Do not reply directly to this message. **</p>', N'null', N'null', N'null', N'tham khảo tờ rơi, trang web và e-mail sau đây.

Hãy đến Bảo tàng Bates!

Chúng tôi sẽ giúp bạn tận dụng tối đa trải nghiệm của mình bằng cách cung cấp cho bạn chuyến tham quan có hướng dẫn đến các triển lãm hấp dẫn của chúng tôi. Những màn hình này thay đổi vài tháng một lần, vì vậy hãy kiểm tra lịch trình của chúng tôi bên dưới trước khi bạn đặt chỗ.')
INSERT [dbo].[TestQuestionUnits] ([idQuestionUnit], [idTest], [idTestPart], [paragraph], [audio], [image], [script], [translation]) VALUES (N'c779db4d-134c-496c-88e8-cc3d9ff584e0', N'e109ad2c-6eda-4395-8638-74ebf489b1c6', N'fd79dfe1-2b02-4223-a838-d69cb4b8ca5e', NULL, NULL, NULL, NULL, NULL)
INSERT [dbo].[TestQuestionUnits] ([idQuestionUnit], [idTest], [idTestPart], [paragraph], [audio], [image], [script], [translation]) VALUES (N'49b8292c-6a0d-4f8d-bc13-cffcf81da701', N'e109ad2c-6eda-4395-8638-74ebf489b1c6', N'cd946869-8b95-44ef-a4c5-93bc490c844a', NULL, N'http://res.cloudinary.com/dru8wcmtb/video/upload/v1702361116/k6mord3rtp8rsttwfizj.mp3', NULL, N'W: Hey, John. Do you know where the budget file is? I can’t find it.
M: No, Jean, I have no idea. Why don’t you ask Patrick?
W: Patrick’s out of town right now, and I am sure he doesn’t have it. Hmm, are you sure it’s not in your office?
M: Well, I’ll check once more, but I’ll probably be giving you the same answer.', NULL)
INSERT [dbo].[TestQuestionUnits] ([idQuestionUnit], [idTest], [idTestPart], [paragraph], [audio], [image], [script], [translation]) VALUES (N'98fc1d04-8ee3-42b1-9074-e47c521837c7', N'e109ad2c-6eda-4395-8638-74ebf489b1c6', N'fd59d12e-5f96-4b05-a727-cf0eaf096255', NULL, N'http://res.cloudinary.com/dru8wcmtb/video/upload/v1702359163/zxeulbahc30f5trixruo.mp3', NULL, N'Can you pack the shipment to Toronto now?
(A) Fragile dishes.
(B) Of course, just a minute.
(C) I need it back soon.', NULL)
INSERT [dbo].[TestQuestionUnits] ([idQuestionUnit], [idTest], [idTestPart], [paragraph], [audio], [image], [script], [translation]) VALUES (N'11026fa9-f772-430e-a225-eaee80daa6dd', N'e109ad2c-6eda-4395-8638-74ebf489b1c6', N'128f202b-94e7-4c8c-a70f-cdc0426e0e13', N'<div style="box-sizing: border-box; color: rgb(26, 26, 26); font-family: Roboto, Arial, sans-serif; font-size: 16px; font-style: normal; font-variant-ligatures: normal; font-variant-caps: normal; font-weight: 400; letter-spacing: normal; orphans: 2; text-align: left; text-indent: 0px; text-transform: none; widows: 2; word-spacing: 0px; -webkit-text-stroke-width: 0px; white-space: normal; text-decoration-thickness: initial; text-decoration-style: initial; text-decoration-color: initial;">To continue providing the highest level of ----- (131) to our corporate tenants, we have scheduled the south lobby restrooms for maintenance this weekend, May 13 and May 14. ----- (132) this time, the restrooms will be out of order, so tenants and their guests should instead use the facilities in the north lobby.</div><div style="box-sizing: border-box; color: rgb(26, 26, 26); font-family: Roboto, Arial, sans-serif; font-size: 16px; font-style: normal; font-variant-ligatures: normal; font-variant-caps: normal; font-weight: 400; letter-spacing: normal; orphans: 2; text-align: left; text-indent: 0px; text-transform: none; widows: 2; word-spacing: 0px; -webkit-text-stroke-width: 0px; white-space: normal; text-decoration-thickness: initial; text-decoration-style: initial; text-decoration-color: initial;">We ----- (133) for any inconvenience this might cause. -----(134).</div><div style="box-sizing: border-box; color: rgb(26, 26, 26); font-family: Roboto, Arial, sans-serif; font-size: 16px; font-style: normal; font-variant-ligatures: normal; font-variant-caps: normal; font-weight: 400; letter-spacing: normal; orphans: 2; text-align: left; text-indent: 0px; text-transform: none; widows: 2; word-spacing: 0px; -webkit-text-stroke-width: 0px; white-space: normal; text-decoration-thickness: initial; text-decoration-style: initial; text-decoration-color: initial;">Denville Property Management Partners</div>', NULL, NULL, NULL, N'Để tiếp tục cung cấp dịch vụ (131) ở mức cao nhất cho người thuê công ty của chúng ta, chúng ta đã lên lịch bảo trì các phòng vệ sinh ở sảnh phía nam vào cuối tuần này, ngày 13 tháng 5 và ngày 14 tháng 5. Trong suốt (132) thời gian này, các phòng vệ sinh sẽ không hoạt động, vì vậy người thuê và khách của họ nên sử dụng các tiện nghi ở sảnh phía bắc để thay thế.

Chúng tôi xin lỗi (133) vì bất kỳ sự bất tiện nào mà điều này có thể gây ra. Các câu hỏi hoặc nhận xét có thể được chuyển đến văn phòng Quản lý (134).

Đối tác Quản lý Tài sản Denville')
INSERT [dbo].[TestQuestionUnits] ([idQuestionUnit], [idTest], [idTestPart], [paragraph], [audio], [image], [script], [translation]) VALUES (N'dadbf0ea-ede1-4d08-95a6-f204014cf7fa', N'f321156b-8a5d-4134-862e-c22dbf3f0448', N'128f202b-94e7-4c8c-a70f-cdc0426e0e13', N'<h4 align="center" style="box-sizing: inherit; font-family: SVN-Poppins, sans-serif; font-weight: 400; color: rgb(29, 29, 29); font-style: normal; font-variant-ligatures: normal; font-variant-caps: normal; letter-spacing: normal; orphans: 2; text-indent: 0px; text-transform: none; widows: 2; word-spacing: 0px; -webkit-text-stroke-width: 0px; white-space: normal; background-color: rgba(242, 243, 247, 0.3); text-decoration-thickness: initial; text-decoration-style: initial; text-decoration-color: initial; font-size: 16px;"><strong style="box-sizing: inherit; font-family: SVN-Poppins, sans-serif; font-weight: 700;">NOTICE TO EMPLOYEES</strong></h4><p style="box-sizing: inherit; font-family: SVN-Poppins, sans-serif; margin-block: auto; font-weight: 400; color: rgb(29, 29, 29); font-style: normal; font-variant-ligatures: normal; font-variant-caps: normal; letter-spacing: normal; orphans: 2; text-align: justify; text-indent: 0px; text-transform: none; widows: 2; word-spacing: 0px; -webkit-text-stroke-width: 0px; white-space: normal; background-color: rgba(242, 243, 247, 0.3); text-decoration-thickness: initial; text-decoration-style: initial; text-decoration-color: initial; font-size: 16px;">The IT department maintains the proper working order of all on-site computer hardware. We also ensure that the accompanying software<em><strong> (131) ___ </strong></em>at its top level of performance.<br style="box-sizing: inherit; font-family: SVN-Poppins, sans-serif; font-weight: 400;">If you are having trouble with your office computer, please contact the IT department on extension 233 and leave a message explaining the (132) ___<br style="box-sizing: inherit; font-family: SVN-Poppins, sans-serif; font-weight: 400;">To best serve you, we ask you to include as many details as possible. This includes when the issue began. (133)___.The more information we have, the faster we can find a solution.<br style="box-sizing: inherit; font-family: SVN-Poppins, sans-serif; font-weight: 400;">We will (134) ____ contact you to set up a time for a visit from one of our technicians.<br style="box-sizing: inherit; font-family: SVN-Poppins, sans-serif; font-weight: 400;">Thank you for your cooperation.</p>', NULL, NULL, NULL, N'THÔNG BÁO DÀNH CHO NHÂN VIÊN
Bộ phận CNTT duy trì trật tự hoạt động thích hợp của tất cả phần cứng máy tính tại chỗ. Chúng tôi cũng đảm bảo rằng phần mềm đi kèm (131) ___ ở mức hiệu suất cao nhất.
Nếu bạn gặp sự cố với máy tính văn phòng của mình, vui lòng liên hệ với bộ phận CNTT theo số máy nhánh 233 và để lại tin nhắn giải thích (132) ___
Để phục vụ bạn tốt nhất, chúng tôi yêu cầu bạn cung cấp càng nhiều chi tiết càng tốt. Điều này bao gồm thời điểm vấn đề bắt đầu. (133)___.Càng có nhiều thông tin, chúng ta càng có thể tìm ra giải pháp nhanh hơn.
Chúng tôi sẽ (134) ____ liên hệ với bạn để sắp xếp thời gian cho một trong những kỹ thuật viên của chúng tôi đến thăm.
Cảm ơn bạn đã hợp tác của bạn.')
INSERT [dbo].[TestQuestionUnits] ([idQuestionUnit], [idTest], [idTestPart], [paragraph], [audio], [image], [script], [translation]) VALUES (N'bcda8089-e15a-45a6-bed4-f5bd1132e3e4', N'e109ad2c-6eda-4395-8638-74ebf489b1c6', N'1baa42ee-9ad8-4cf3-b8d9-dd1d848d4ca6', N'<p><br></p>', N'http://res.cloudinary.com/dru8wcmtb/video/upload/v1703603606/vex3nvebpsrygdpygdtc.mp3', N'http://res.cloudinary.com/dru8wcmtb/image/upload/v1703603608/i8fmvgn3dcl1llapyjvq.png', N'(A) Some products are stacked on the rack.
(B)A boat is floating on the water.
(C)Some people are rowing a boat.
(D)A man is putting on a cap.', NULL)
GO
INSERT [dbo].[TestRecords] ([idRecord], [idTest], [idStudent], [createDate], [correctAns], [listenCorrect], [listenScore], [readScore], [readingCorrect], [totalScore], [wrongAns]) VALUES (N'bfbb0eb7-7a8e-4aa4-8e3b-017725e6d171', N'eaff9bcd-d736-4697-a9e8-1d48b05c41bf', N'34f66a47-e71e-4ff7-837b-feee18d9e37b', CAST(N'2023-12-17T06:00:32.4319719' AS DateTime2), 0, 0, 0, 0, 0, 0, 0)
INSERT [dbo].[TestRecords] ([idRecord], [idTest], [idStudent], [createDate], [correctAns], [listenCorrect], [listenScore], [readScore], [readingCorrect], [totalScore], [wrongAns]) VALUES (N'6f25aaa3-f12e-4395-bd48-0fbfd1a9090f', N'e109ad2c-6eda-4395-8638-74ebf489b1c6', N'809de52d-b38e-4ca7-87fe-61f2ddcc41df', CAST(N'2023-12-17T09:28:52.1828435' AS DateTime2), 0, 0, 0, 0, 0, 0, 0)
INSERT [dbo].[TestRecords] ([idRecord], [idTest], [idStudent], [createDate], [correctAns], [listenCorrect], [listenScore], [readScore], [readingCorrect], [totalScore], [wrongAns]) VALUES (N'64226519-2c48-4445-be06-2624cadee9b5', N'eaff9bcd-d736-4697-a9e8-1d48b05c41bf', N'34f66a47-e71e-4ff7-837b-feee18d9e37b', CAST(N'2023-12-17T06:00:32.3149839' AS DateTime2), 0, 0, 0, 0, 0, 0, 0)
INSERT [dbo].[TestRecords] ([idRecord], [idTest], [idStudent], [createDate], [correctAns], [listenCorrect], [listenScore], [readScore], [readingCorrect], [totalScore], [wrongAns]) VALUES (N'cb505be8-7f98-4581-a06c-2932f04f847e', N'd6f4bc74-798c-46e8-bf80-bc8bd65b9432', N'9e86ba70-2c80-4d57-9b1a-2251aa482442', CAST(N'2023-12-17T07:29:06.8421239' AS DateTime2), 0, 0, 0, 0, 0, 0, 0)
INSERT [dbo].[TestRecords] ([idRecord], [idTest], [idStudent], [createDate], [correctAns], [listenCorrect], [listenScore], [readScore], [readingCorrect], [totalScore], [wrongAns]) VALUES (N'27248f42-3630-404f-afec-2c94370618da', N'e109ad2c-6eda-4395-8638-74ebf489b1c6', N'809de52d-b38e-4ca7-87fe-61f2ddcc41df', CAST(N'2023-12-17T09:16:47.0198488' AS DateTime2), 3, 3, 5, 0, 0, 5, 2)
INSERT [dbo].[TestRecords] ([idRecord], [idTest], [idStudent], [createDate], [correctAns], [listenCorrect], [listenScore], [readScore], [readingCorrect], [totalScore], [wrongAns]) VALUES (N'6a370f5e-db9f-493e-ac73-31755093dfe9', N'e109ad2c-6eda-4395-8638-74ebf489b1c6', N'85e8b325-d152-4296-a060-854176f10787', CAST(N'2024-03-23T03:27:26.8224838' AS DateTime2), 13, 9, 20, 5, 4, 25, 25)
INSERT [dbo].[TestRecords] ([idRecord], [idTest], [idStudent], [createDate], [correctAns], [listenCorrect], [listenScore], [readScore], [readingCorrect], [totalScore], [wrongAns]) VALUES (N'c4ec0998-d8aa-4774-9374-37dbad135b85', N'e109ad2c-6eda-4395-8638-74ebf489b1c6', N'a8a48b84-9582-4188-b734-2fe263931c31', CAST(N'2024-04-06T04:19:50.5220059' AS DateTime2), 1, 1, 5, 0, 0, 5, 3)
INSERT [dbo].[TestRecords] ([idRecord], [idTest], [idStudent], [createDate], [correctAns], [listenCorrect], [listenScore], [readScore], [readingCorrect], [totalScore], [wrongAns]) VALUES (N'5703db2f-458f-41cc-9de7-39b5a4122ce6', N'eaff9bcd-d736-4697-a9e8-1d48b05c41bf', N'34f66a47-e71e-4ff7-837b-feee18d9e37b', CAST(N'2023-12-17T06:00:32.2898710' AS DateTime2), 0, 0, 0, 0, 0, 0, 0)
INSERT [dbo].[TestRecords] ([idRecord], [idTest], [idStudent], [createDate], [correctAns], [listenCorrect], [listenScore], [readScore], [readingCorrect], [totalScore], [wrongAns]) VALUES (N'5f20f401-bcda-4715-b2de-39e01b346a42', N'e109ad2c-6eda-4395-8638-74ebf489b1c6', N'9e86ba70-2c80-4d57-9b1a-2251aa482442', CAST(N'2023-12-18T06:31:01.9194843' AS DateTime2), 14, 7, 10, 5, 7, 15, 16)
INSERT [dbo].[TestRecords] ([idRecord], [idTest], [idStudent], [createDate], [correctAns], [listenCorrect], [listenScore], [readScore], [readingCorrect], [totalScore], [wrongAns]) VALUES (N'957256ec-b727-47d2-8ee7-3d8969ecca93', N'e109ad2c-6eda-4395-8638-74ebf489b1c6', N'85e8b325-d152-4296-a060-854176f10787', CAST(N'2023-12-24T21:26:02.3083355' AS DateTime2), 0, 0, 0, 0, 0, 0, 0)
INSERT [dbo].[TestRecords] ([idRecord], [idTest], [idStudent], [createDate], [correctAns], [listenCorrect], [listenScore], [readScore], [readingCorrect], [totalScore], [wrongAns]) VALUES (N'54cbdd06-8d9b-40f9-bf3c-41939b123792', N'e109ad2c-6eda-4395-8638-74ebf489b1c6', N'd16e24cd-55c2-40f5-96e5-24d8f6a64650', CAST(N'2024-03-23T20:11:29.1805459' AS DateTime2), 15, 11, 30, 5, 4, 35, 23)
INSERT [dbo].[TestRecords] ([idRecord], [idTest], [idStudent], [createDate], [correctAns], [listenCorrect], [listenScore], [readScore], [readingCorrect], [totalScore], [wrongAns]) VALUES (N'32200b35-05a9-47cc-98c5-4694355516d0', N'eaff9bcd-d736-4697-a9e8-1d48b05c41bf', N'34f66a47-e71e-4ff7-837b-feee18d9e37b', CAST(N'2023-12-17T06:00:32.5136317' AS DateTime2), 0, 0, 0, 0, 0, 0, 0)
INSERT [dbo].[TestRecords] ([idRecord], [idTest], [idStudent], [createDate], [correctAns], [listenCorrect], [listenScore], [readScore], [readingCorrect], [totalScore], [wrongAns]) VALUES (N'5dcddab2-6506-4e3b-8020-58b9a078cdeb', N'd6f4bc74-798c-46e8-bf80-bc8bd65b9432', N'9e86ba70-2c80-4d57-9b1a-2251aa482442', CAST(N'2023-12-17T07:29:06.8752227' AS DateTime2), 0, 0, 0, 0, 0, 0, 0)
INSERT [dbo].[TestRecords] ([idRecord], [idTest], [idStudent], [createDate], [correctAns], [listenCorrect], [listenScore], [readScore], [readingCorrect], [totalScore], [wrongAns]) VALUES (N'0dcd085c-4a3d-4dd8-be0d-6e949c71c4c3', N'e109ad2c-6eda-4395-8638-74ebf489b1c6', N'e7cb3e86-fb46-4939-bee2-df8ac03bf142', CAST(N'2023-12-17T07:24:48.0218901' AS DateTime2), 1, 1, 5, 0, 0, 5, 11)
INSERT [dbo].[TestRecords] ([idRecord], [idTest], [idStudent], [createDate], [correctAns], [listenCorrect], [listenScore], [readScore], [readingCorrect], [totalScore], [wrongAns]) VALUES (N'ce047788-76ae-449b-8802-7382b1be2f91', N'e109ad2c-6eda-4395-8638-74ebf489b1c6', N'4fc74c3a-afae-4a88-b3b9-ebde46e07d62', CAST(N'2023-12-17T06:03:11.6889568' AS DateTime2), 5, 5, 5, 0, 0, 5, 6)
INSERT [dbo].[TestRecords] ([idRecord], [idTest], [idStudent], [createDate], [correctAns], [listenCorrect], [listenScore], [readScore], [readingCorrect], [totalScore], [wrongAns]) VALUES (N'cc706cd3-5c22-4b43-a9cd-7436aacaa32d', N'e109ad2c-6eda-4395-8638-74ebf489b1c6', N'85e8b325-d152-4296-a060-854176f10787', CAST(N'2023-12-24T21:28:17.7960962' AS DateTime2), 0, 0, 0, 0, 0, 0, 0)
INSERT [dbo].[TestRecords] ([idRecord], [idTest], [idStudent], [createDate], [correctAns], [listenCorrect], [listenScore], [readScore], [readingCorrect], [totalScore], [wrongAns]) VALUES (N'1c5c650f-8d73-4767-8a38-7a58714bc4f2', N'b620e770-e42b-4b3b-b57c-361fdef1a8c1', N'809de52d-b38e-4ca7-87fe-61f2ddcc41df', CAST(N'2023-12-17T09:14:05.9206108' AS DateTime2), 0, 0, 0, 0, 0, 0, 0)
INSERT [dbo].[TestRecords] ([idRecord], [idTest], [idStudent], [createDate], [correctAns], [listenCorrect], [listenScore], [readScore], [readingCorrect], [totalScore], [wrongAns]) VALUES (N'a15a6df3-2c6b-46bc-a8d8-7ded00085e92', N'e109ad2c-6eda-4395-8638-74ebf489b1c6', N'85e8b325-d152-4296-a060-854176f10787', CAST(N'2023-12-29T14:44:25.6979099' AS DateTime2), 6, 1, 5, 5, 5, 10, 32)
INSERT [dbo].[TestRecords] ([idRecord], [idTest], [idStudent], [createDate], [correctAns], [listenCorrect], [listenScore], [readScore], [readingCorrect], [totalScore], [wrongAns]) VALUES (N'3fd107a7-a6af-43a1-b09c-87d1aae60d9c', N'eaff9bcd-d736-4697-a9e8-1d48b05c41bf', N'9e86ba70-2c80-4d57-9b1a-2251aa482442', CAST(N'2023-12-17T07:14:44.5826255' AS DateTime2), 0, 0, 0, 0, 0, 0, 0)
INSERT [dbo].[TestRecords] ([idRecord], [idTest], [idStudent], [createDate], [correctAns], [listenCorrect], [listenScore], [readScore], [readingCorrect], [totalScore], [wrongAns]) VALUES (N'ea212b7e-b710-452c-83d2-9312056038d8', N'd6f4bc74-798c-46e8-bf80-bc8bd65b9432', N'9e86ba70-2c80-4d57-9b1a-2251aa482442', CAST(N'2023-12-17T07:29:06.9062361' AS DateTime2), 0, 0, 0, 0, 0, 0, 0)
INSERT [dbo].[TestRecords] ([idRecord], [idTest], [idStudent], [createDate], [correctAns], [listenCorrect], [listenScore], [readScore], [readingCorrect], [totalScore], [wrongAns]) VALUES (N'd5f6a137-ba19-4277-9494-9a4f645700c5', N'e109ad2c-6eda-4395-8638-74ebf489b1c6', N'809de52d-b38e-4ca7-87fe-61f2ddcc41df', CAST(N'2023-12-24T10:41:47.5695226' AS DateTime2), 0, 0, 0, 0, 0, 0, 0)
INSERT [dbo].[TestRecords] ([idRecord], [idTest], [idStudent], [createDate], [correctAns], [listenCorrect], [listenScore], [readScore], [readingCorrect], [totalScore], [wrongAns]) VALUES (N'ad271984-f3fe-44dc-8c41-a665c1631ace', N'e109ad2c-6eda-4395-8638-74ebf489b1c6', N'809de52d-b38e-4ca7-87fe-61f2ddcc41df', CAST(N'2023-12-17T09:16:47.3327116' AS DateTime2), 3, 3, 5, 0, 0, 5, 2)
INSERT [dbo].[TestRecords] ([idRecord], [idTest], [idStudent], [createDate], [correctAns], [listenCorrect], [listenScore], [readScore], [readingCorrect], [totalScore], [wrongAns]) VALUES (N'88b011e6-a3f7-438c-82a8-bdfd18f9bd26', N'e109ad2c-6eda-4395-8638-74ebf489b1c6', N'85e8b325-d152-4296-a060-854176f10787', CAST(N'2024-01-02T04:14:41.2520273' AS DateTime2), 2, 2, 5, 0, 0, 5, 5)
INSERT [dbo].[TestRecords] ([idRecord], [idTest], [idStudent], [createDate], [correctAns], [listenCorrect], [listenScore], [readScore], [readingCorrect], [totalScore], [wrongAns]) VALUES (N'1b949ac9-1168-450b-aa4d-c0116d800ea8', N'e109ad2c-6eda-4395-8638-74ebf489b1c6', N'85e8b325-d152-4296-a060-854176f10787', CAST(N'2023-12-24T03:30:59.0663355' AS DateTime2), 0, 0, 0, 0, 0, 0, 6)
INSERT [dbo].[TestRecords] ([idRecord], [idTest], [idStudent], [createDate], [correctAns], [listenCorrect], [listenScore], [readScore], [readingCorrect], [totalScore], [wrongAns]) VALUES (N'207aae3f-9821-429c-a7d5-cd5807bfb00a', N'e109ad2c-6eda-4395-8638-74ebf489b1c6', N'809de52d-b38e-4ca7-87fe-61f2ddcc41df', CAST(N'2023-12-17T09:28:52.2319878' AS DateTime2), 0, 0, 0, 0, 0, 0, 0)
INSERT [dbo].[TestRecords] ([idRecord], [idTest], [idStudent], [createDate], [correctAns], [listenCorrect], [listenScore], [readScore], [readingCorrect], [totalScore], [wrongAns]) VALUES (N'3ccdff16-b789-413a-b616-d225edd24369', N'e109ad2c-6eda-4395-8638-74ebf489b1c6', N'809de52d-b38e-4ca7-87fe-61f2ddcc41df', CAST(N'2023-12-17T09:16:46.8956426' AS DateTime2), 3, 3, 5, 0, 0, 5, 2)
INSERT [dbo].[TestRecords] ([idRecord], [idTest], [idStudent], [createDate], [correctAns], [listenCorrect], [listenScore], [readScore], [readingCorrect], [totalScore], [wrongAns]) VALUES (N'1e91049c-d881-4b6e-96b7-d7c231cf6b60', N'eaff9bcd-d736-4697-a9e8-1d48b05c41bf', N'809de52d-b38e-4ca7-87fe-61f2ddcc41df', CAST(N'2023-12-17T09:13:11.5220471' AS DateTime2), 0, 0, 0, 0, 0, 0, 0)
INSERT [dbo].[TestRecords] ([idRecord], [idTest], [idStudent], [createDate], [correctAns], [listenCorrect], [listenScore], [readScore], [readingCorrect], [totalScore], [wrongAns]) VALUES (N'd29307b4-c77d-46a8-8507-daeb6e928e37', N'e109ad2c-6eda-4395-8638-74ebf489b1c6', N'9e86ba70-2c80-4d57-9b1a-2251aa482442', CAST(N'2023-12-17T07:46:41.0290159' AS DateTime2), 11, 7, 10, 5, 4, 15, 25)
INSERT [dbo].[TestRecords] ([idRecord], [idTest], [idStudent], [createDate], [correctAns], [listenCorrect], [listenScore], [readScore], [readingCorrect], [totalScore], [wrongAns]) VALUES (N'9764de5e-6302-4c0c-be44-e7a4df1e5480', N'fa2ae6c6-7081-4527-83f9-d96aba65c1f2', N'809de52d-b38e-4ca7-87fe-61f2ddcc41df', CAST(N'2023-12-17T09:13:22.3344011' AS DateTime2), 0, 0, 0, 0, 0, 0, 0)
INSERT [dbo].[TestRecords] ([idRecord], [idTest], [idStudent], [createDate], [correctAns], [listenCorrect], [listenScore], [readScore], [readingCorrect], [totalScore], [wrongAns]) VALUES (N'52d6e6eb-cdde-4c3f-a5e1-ea2c12a3ec54', N'd6f4bc74-798c-46e8-bf80-bc8bd65b9432', N'809de52d-b38e-4ca7-87fe-61f2ddcc41df', CAST(N'2023-12-17T09:10:17.9269214' AS DateTime2), 0, 0, 0, 0, 0, 0, 0)
INSERT [dbo].[TestRecords] ([idRecord], [idTest], [idStudent], [createDate], [correctAns], [listenCorrect], [listenScore], [readScore], [readingCorrect], [totalScore], [wrongAns]) VALUES (N'de0a61ea-fd9f-457f-b0b8-ef9a0137c9d9', N'e109ad2c-6eda-4395-8638-74ebf489b1c6', N'809de52d-b38e-4ca7-87fe-61f2ddcc41df', CAST(N'2023-12-17T09:16:47.7945745' AS DateTime2), 3, 3, 5, 0, 0, 5, 2)
INSERT [dbo].[TestRecords] ([idRecord], [idTest], [idStudent], [createDate], [correctAns], [listenCorrect], [listenScore], [readScore], [readingCorrect], [totalScore], [wrongAns]) VALUES (N'9f76e940-68f5-45a1-91ab-f8f2704b6076', N'e109ad2c-6eda-4395-8638-74ebf489b1c6', N'85e8b325-d152-4296-a060-854176f10787', CAST(N'2023-12-26T09:53:43.8925208' AS DateTime2), 1, 1, 5, 0, 0, 5, 2)
GO
INSERT [dbo].[Tests] ([idTest], [idType], [idProfessor], [name], [createDate], [useDate]) VALUES (N'eaff9bcd-d736-4697-a9e8-1d48b05c41bf', N'bd687156-3499-4bb6-a345-fc3e120612d0', N'df2b3fc0-0a65-416f-aff9-073e53ffcaac', N'EST 2022 Test 3 MiniTest', CAST(N'0001-01-01T00:00:00.0000000' AS DateTime2), CAST(N'0001-01-01T00:00:00.0000000' AS DateTime2))
INSERT [dbo].[Tests] ([idTest], [idType], [idProfessor], [name], [createDate], [useDate]) VALUES (N'b620e770-e42b-4b3b-b57c-361fdef1a8c1', N'9c2cdc56-6774-4304-ad5e-c88403cc0e18', N'df2b3fc0-0a65-416f-aff9-073e53ffcaac', N'EST 2022 Test 3 FullTest', CAST(N'0001-01-01T00:00:00.0000000' AS DateTime2), CAST(N'0001-01-01T00:00:00.0000000' AS DateTime2))
INSERT [dbo].[Tests] ([idTest], [idType], [idProfessor], [name], [createDate], [useDate]) VALUES (N'e109ad2c-6eda-4395-8638-74ebf489b1c6', N'9c2cdc56-6774-4304-ad5e-c88403cc0e18', N'df2b3fc0-0a65-416f-aff9-073e53ffcaac', N'EST 2022 Test 1 FullTest', CAST(N'0001-01-01T00:00:00.0000000' AS DateTime2), CAST(N'0001-01-01T00:00:00.0000000' AS DateTime2))
INSERT [dbo].[Tests] ([idTest], [idType], [idProfessor], [name], [createDate], [useDate]) VALUES (N'd6f4bc74-798c-46e8-bf80-bc8bd65b9432', N'9c2cdc56-6774-4304-ad5e-c88403cc0e18', N'df2b3fc0-0a65-416f-aff9-073e53ffcaac', N'EST 2022 Test 2 FullTest', CAST(N'0001-01-01T00:00:00.0000000' AS DateTime2), CAST(N'0001-01-01T00:00:00.0000000' AS DateTime2))
INSERT [dbo].[Tests] ([idTest], [idType], [idProfessor], [name], [createDate], [useDate]) VALUES (N'f321156b-8a5d-4134-862e-c22dbf3f0448', N'bd687156-3499-4bb6-a345-fc3e120612d0', N'df2b3fc0-0a65-416f-aff9-073e53ffcaac', N'EST 2022 Test 1 MiniTest Update', CAST(N'0001-01-01T00:00:00.0000000' AS DateTime2), CAST(N'0001-01-01T00:00:00.0000000' AS DateTime2))
INSERT [dbo].[Tests] ([idTest], [idType], [idProfessor], [name], [createDate], [useDate]) VALUES (N'fa2ae6c6-7081-4527-83f9-d96aba65c1f2', N'bd687156-3499-4bb6-a345-fc3e120612d0', N'df2b3fc0-0a65-416f-aff9-073e53ffcaac', N'EST 2022 Test 2 MiniTest', CAST(N'0001-01-01T00:00:00.0000000' AS DateTime2), CAST(N'0001-01-01T00:00:00.0000000' AS DateTime2))
GO
INSERT [dbo].[TestTypes] ([idTestType], [typeName]) VALUES (N'9c2cdc56-6774-4304-ad5e-c88403cc0e18', N'FullTest')
INSERT [dbo].[TestTypes] ([idTestType], [typeName]) VALUES (N'bd687156-3499-4bb6-a345-fc3e120612d0', N'MiniTest')
GO
INSERT [dbo].[UserAnswers] ([idUAnswer], [idQuestion], [idRecord], [idStudent], [userChoice], [state]) VALUES (N'1bf60016-98c8-46c0-98fd-00fb2c2beeab', N'a663619c-1889-49e5-ab04-6817e6908c25', N'6a370f5e-db9f-493e-ac73-31755093dfe9', N'85e8b325-d152-4296-a060-854176f10787', N'2', 0)
INSERT [dbo].[UserAnswers] ([idUAnswer], [idQuestion], [idRecord], [idStudent], [userChoice], [state]) VALUES (N'9f854c21-9359-4ebb-879a-01a7e1f17256', N'4abaee29-6544-445c-af03-87d72d2a9f97', N'6a370f5e-db9f-493e-ac73-31755093dfe9', N'85e8b325-d152-4296-a060-854176f10787', N'3', 0)
INSERT [dbo].[UserAnswers] ([idUAnswer], [idQuestion], [idRecord], [idStudent], [userChoice], [state]) VALUES (N'05a122fe-1bf3-452e-b0f6-01e10793acdc', N'fd695a05-1311-4a02-ba54-b2d24c0fd113', N'a15a6df3-2c6b-46bc-a8d8-7ded00085e92', N'85e8b325-d152-4296-a060-854176f10787', N'3', 0)
INSERT [dbo].[UserAnswers] ([idUAnswer], [idQuestion], [idRecord], [idStudent], [userChoice], [state]) VALUES (N'fc2b82ea-7fc5-413b-a0ea-037ca36dc2a2', N'f25a690b-0157-4060-9fda-955073a90d3d', N'88b011e6-a3f7-438c-82a8-bdfd18f9bd26', N'85e8b325-d152-4296-a060-854176f10787', N'2', 0)
INSERT [dbo].[UserAnswers] ([idUAnswer], [idQuestion], [idRecord], [idStudent], [userChoice], [state]) VALUES (N'7dcf828e-abe4-40db-a201-03c203125a7c', N'658977f0-67e0-409f-9ec7-2d859dee4fe2', N'a15a6df3-2c6b-46bc-a8d8-7ded00085e92', N'85e8b325-d152-4296-a060-854176f10787', N'1', 0)
INSERT [dbo].[UserAnswers] ([idUAnswer], [idQuestion], [idRecord], [idStudent], [userChoice], [state]) VALUES (N'07a734c0-39f8-4d66-99e9-04b6ff8829f0', N'b11aaab3-6de1-48a6-a2ca-9612dc872a5a', N'ce047788-76ae-449b-8802-7382b1be2f91', N'4fc74c3a-afae-4a88-b3b9-ebde46e07d62', N'1', 0)
INSERT [dbo].[UserAnswers] ([idUAnswer], [idQuestion], [idRecord], [idStudent], [userChoice], [state]) VALUES (N'5bc32c47-8797-4969-999e-0503569d119a', N'e85102ad-849f-4b3c-bdb6-18ad2b2fe91f', N'a15a6df3-2c6b-46bc-a8d8-7ded00085e92', N'85e8b325-d152-4296-a060-854176f10787', N'1', 0)
INSERT [dbo].[UserAnswers] ([idUAnswer], [idQuestion], [idRecord], [idStudent], [userChoice], [state]) VALUES (N'bf53b69e-259f-4058-bf49-07c3306bb880', N'7749550b-df52-4771-bccb-af4af6492e5c', N'54cbdd06-8d9b-40f9-bf3c-41939b123792', N'd16e24cd-55c2-40f5-96e5-24d8f6a64650', N'1', 0)
INSERT [dbo].[UserAnswers] ([idUAnswer], [idQuestion], [idRecord], [idStudent], [userChoice], [state]) VALUES (N'4021dc7e-16e2-4491-92a1-08d3a8181791', N'b3b10cd4-090d-4bab-877c-503c4794430f', N'5f20f401-bcda-4715-b2de-39e01b346a42', N'9e86ba70-2c80-4d57-9b1a-2251aa482442', N'3', 0)
INSERT [dbo].[UserAnswers] ([idUAnswer], [idQuestion], [idRecord], [idStudent], [userChoice], [state]) VALUES (N'3da45449-863e-423b-abf7-08faaabf5cab', N'3ab45e88-d9dc-4264-81b6-d3bc7284a098', N'54cbdd06-8d9b-40f9-bf3c-41939b123792', N'd16e24cd-55c2-40f5-96e5-24d8f6a64650', N'1', 0)
INSERT [dbo].[UserAnswers] ([idUAnswer], [idQuestion], [idRecord], [idStudent], [userChoice], [state]) VALUES (N'2c85f99c-8718-4234-89bc-09853aa23ce6', N'1f1128ce-b690-4280-8ee2-1c13796a042b', N'54cbdd06-8d9b-40f9-bf3c-41939b123792', N'd16e24cd-55c2-40f5-96e5-24d8f6a64650', N'1', 0)
INSERT [dbo].[UserAnswers] ([idUAnswer], [idQuestion], [idRecord], [idStudent], [userChoice], [state]) VALUES (N'8130a01c-3f61-48c2-9da1-09f76cd516d7', N'7b129c34-bd0d-431d-aaf2-44bc6debc8b9', N'6a370f5e-db9f-493e-ac73-31755093dfe9', N'85e8b325-d152-4296-a060-854176f10787', N'1', 0)
INSERT [dbo].[UserAnswers] ([idUAnswer], [idQuestion], [idRecord], [idStudent], [userChoice], [state]) VALUES (N'282f7d66-865f-4060-b139-0afc01a043a8', N'612c93e7-c842-465b-bab9-5d841c07d310', N'ce047788-76ae-449b-8802-7382b1be2f91', N'4fc74c3a-afae-4a88-b3b9-ebde46e07d62', N'1', 1)
INSERT [dbo].[UserAnswers] ([idUAnswer], [idQuestion], [idRecord], [idStudent], [userChoice], [state]) VALUES (N'b5cb2648-1a37-4433-b11a-0c319bc1bde8', N'b3b10cd4-090d-4bab-877c-503c4794430f', N'54cbdd06-8d9b-40f9-bf3c-41939b123792', N'd16e24cd-55c2-40f5-96e5-24d8f6a64650', N'1', 1)
INSERT [dbo].[UserAnswers] ([idUAnswer], [idQuestion], [idRecord], [idStudent], [userChoice], [state]) VALUES (N'e25872fd-eab9-4e34-b6ad-0c667686c628', N'e2f91d97-be37-4b9d-84e7-a3b16db1485c', N'6a370f5e-db9f-493e-ac73-31755093dfe9', N'85e8b325-d152-4296-a060-854176f10787', N'1', 0)
INSERT [dbo].[UserAnswers] ([idUAnswer], [idQuestion], [idRecord], [idStudent], [userChoice], [state]) VALUES (N'7ab09196-ff3f-4628-a36b-0dbea395c114', N'4991fe6a-8c39-4676-82bd-e48cc64e158c', N'54cbdd06-8d9b-40f9-bf3c-41939b123792', N'd16e24cd-55c2-40f5-96e5-24d8f6a64650', N'1', 1)
INSERT [dbo].[UserAnswers] ([idUAnswer], [idQuestion], [idRecord], [idStudent], [userChoice], [state]) VALUES (N'8da83e82-eff0-4e66-908f-0e1091a535b6', N'11fa3506-96a3-4ec2-b719-c55ad1dab013', N'6a370f5e-db9f-493e-ac73-31755093dfe9', N'85e8b325-d152-4296-a060-854176f10787', N'1', 1)
INSERT [dbo].[UserAnswers] ([idUAnswer], [idQuestion], [idRecord], [idStudent], [userChoice], [state]) VALUES (N'db2ffb75-d139-4926-8a94-0e81b2cd3bc3', N'e85102ad-849f-4b3c-bdb6-18ad2b2fe91f', N'd29307b4-c77d-46a8-8507-daeb6e928e37', N'9e86ba70-2c80-4d57-9b1a-2251aa482442', N'1', 0)
INSERT [dbo].[UserAnswers] ([idUAnswer], [idQuestion], [idRecord], [idStudent], [userChoice], [state]) VALUES (N'f797748e-a8f0-4db4-b56b-0e89d7ff60a1', N'45f66bbd-e6a2-41f4-8ae9-3cba4e7b9b55', N'6a370f5e-db9f-493e-ac73-31755093dfe9', N'85e8b325-d152-4296-a060-854176f10787', N'1', 0)
INSERT [dbo].[UserAnswers] ([idUAnswer], [idQuestion], [idRecord], [idStudent], [userChoice], [state]) VALUES (N'b238834a-47c3-4a8d-8f5b-10974071153c', N'5697dc40-1252-40e1-9e58-37ddd7b4a4de', N'ce047788-76ae-449b-8802-7382b1be2f91', N'4fc74c3a-afae-4a88-b3b9-ebde46e07d62', N'1', 1)
INSERT [dbo].[UserAnswers] ([idUAnswer], [idQuestion], [idRecord], [idStudent], [userChoice], [state]) VALUES (N'6c7a2acf-da8e-43d7-b093-11fa13880515', N'20ab8f50-79eb-48ff-b784-fd1d98de1ce4', N'88b011e6-a3f7-438c-82a8-bdfd18f9bd26', N'85e8b325-d152-4296-a060-854176f10787', N'2', 1)
INSERT [dbo].[UserAnswers] ([idUAnswer], [idQuestion], [idRecord], [idStudent], [userChoice], [state]) VALUES (N'89373aae-0b86-42b4-96d6-13cdff5518fc', N'1f1128ce-b690-4280-8ee2-1c13796a042b', N'd29307b4-c77d-46a8-8507-daeb6e928e37', N'9e86ba70-2c80-4d57-9b1a-2251aa482442', N'1', 0)
INSERT [dbo].[UserAnswers] ([idUAnswer], [idQuestion], [idRecord], [idStudent], [userChoice], [state]) VALUES (N'8ee916b3-45d5-46fd-a719-154fb38abb5c', N'8114b622-fb30-4261-8537-fb65b9fed72f', N'5f20f401-bcda-4715-b2de-39e01b346a42', N'9e86ba70-2c80-4d57-9b1a-2251aa482442', N'2', 0)
INSERT [dbo].[UserAnswers] ([idUAnswer], [idQuestion], [idRecord], [idStudent], [userChoice], [state]) VALUES (N'1e35c22c-27f9-43f3-bd6b-16068f332555', N'58375f17-e8a1-4dd9-89df-68f9f4402d29', N'd29307b4-c77d-46a8-8507-daeb6e928e37', N'9e86ba70-2c80-4d57-9b1a-2251aa482442', N'1', 1)
INSERT [dbo].[UserAnswers] ([idUAnswer], [idQuestion], [idRecord], [idStudent], [userChoice], [state]) VALUES (N'e91cbd00-442d-4fb6-96f1-199d0fde1a91', N'd2eac385-f384-43f3-9ea8-122f3e9fc0c2', N'6a370f5e-db9f-493e-ac73-31755093dfe9', N'85e8b325-d152-4296-a060-854176f10787', N'3', 1)
INSERT [dbo].[UserAnswers] ([idUAnswer], [idQuestion], [idRecord], [idStudent], [userChoice], [state]) VALUES (N'd19e3833-4b2d-4865-b452-19a6f3bedde7', N'8832a138-650a-4c03-b532-4065f306d81a', N'6a370f5e-db9f-493e-ac73-31755093dfe9', N'85e8b325-d152-4296-a060-854176f10787', N'1', 1)
INSERT [dbo].[UserAnswers] ([idUAnswer], [idQuestion], [idRecord], [idStudent], [userChoice], [state]) VALUES (N'af115421-7a2c-40d9-9c7d-1a39dba0f4cf', N'f25a690b-0157-4060-9fda-955073a90d3d', N'5f20f401-bcda-4715-b2de-39e01b346a42', N'9e86ba70-2c80-4d57-9b1a-2251aa482442', N'1', 1)
INSERT [dbo].[UserAnswers] ([idUAnswer], [idQuestion], [idRecord], [idStudent], [userChoice], [state]) VALUES (N'09bc649a-0693-4cff-9b9d-1afac7a031d7', N'1f1128ce-b690-4280-8ee2-1c13796a042b', N'6a370f5e-db9f-493e-ac73-31755093dfe9', N'85e8b325-d152-4296-a060-854176f10787', N'1', 0)
INSERT [dbo].[UserAnswers] ([idUAnswer], [idQuestion], [idRecord], [idStudent], [userChoice], [state]) VALUES (N'62e3f4fc-3274-4b85-95e7-1b27745b7d55', N'c8b27f89-b1a8-49d2-9c56-8717fefff6a8', N'88b011e6-a3f7-438c-82a8-bdfd18f9bd26', N'85e8b325-d152-4296-a060-854176f10787', N'3', 1)
INSERT [dbo].[UserAnswers] ([idUAnswer], [idQuestion], [idRecord], [idStudent], [userChoice], [state]) VALUES (N'fbed1d92-ab8a-406f-852f-1b8656b280db', N'de2bb0e5-9350-4819-bb31-444066307b1f', N'5f20f401-bcda-4715-b2de-39e01b346a42', N'9e86ba70-2c80-4d57-9b1a-2251aa482442', N'1', 1)
INSERT [dbo].[UserAnswers] ([idUAnswer], [idQuestion], [idRecord], [idStudent], [userChoice], [state]) VALUES (N'9e500dc5-ebad-4041-a08d-1c5937b4857f', N'45f66bbd-e6a2-41f4-8ae9-3cba4e7b9b55', N'a15a6df3-2c6b-46bc-a8d8-7ded00085e92', N'85e8b325-d152-4296-a060-854176f10787', N'1', 0)
INSERT [dbo].[UserAnswers] ([idUAnswer], [idQuestion], [idRecord], [idStudent], [userChoice], [state]) VALUES (N'c2c9f314-94e2-4f23-8da9-1e719401e0fd', N'180cc4cb-662c-4339-9b2f-ae4894ffe93c', N'a15a6df3-2c6b-46bc-a8d8-7ded00085e92', N'85e8b325-d152-4296-a060-854176f10787', N'1', 1)
INSERT [dbo].[UserAnswers] ([idUAnswer], [idQuestion], [idRecord], [idStudent], [userChoice], [state]) VALUES (N'fe22dfe2-2a2f-4205-9970-1fc3767e5512', N'a663619c-1889-49e5-ab04-6817e6908c25', N'5f20f401-bcda-4715-b2de-39e01b346a42', N'9e86ba70-2c80-4d57-9b1a-2251aa482442', N'3', 1)
INSERT [dbo].[UserAnswers] ([idUAnswer], [idQuestion], [idRecord], [idStudent], [userChoice], [state]) VALUES (N'795b782b-4757-4afd-81c9-20ce48ea7f55', N'bcb3cfc9-9ce5-4ba1-8fa9-dce508632032', N'ad271984-f3fe-44dc-8c41-a665c1631ace', N'809de52d-b38e-4ca7-87fe-61f2ddcc41df', N'1', 1)
INSERT [dbo].[UserAnswers] ([idUAnswer], [idQuestion], [idRecord], [idStudent], [userChoice], [state]) VALUES (N'198ee1e9-1442-4ccd-bb20-21d27804c418', N'58375f17-e8a1-4dd9-89df-68f9f4402d29', N'6a370f5e-db9f-493e-ac73-31755093dfe9', N'85e8b325-d152-4296-a060-854176f10787', N'3', 0)
INSERT [dbo].[UserAnswers] ([idUAnswer], [idQuestion], [idRecord], [idStudent], [userChoice], [state]) VALUES (N'193949b4-7efc-4249-8f5b-22c822b6eeb2', N'c8b27f89-b1a8-49d2-9c56-8717fefff6a8', N'd29307b4-c77d-46a8-8507-daeb6e928e37', N'9e86ba70-2c80-4d57-9b1a-2251aa482442', N'1', 0)
INSERT [dbo].[UserAnswers] ([idUAnswer], [idQuestion], [idRecord], [idStudent], [userChoice], [state]) VALUES (N'5b56bf09-65ca-47c5-8290-232a32286abc', N'e6b039a3-fa2a-485b-a0d3-f10d091a1386', N'd29307b4-c77d-46a8-8507-daeb6e928e37', N'9e86ba70-2c80-4d57-9b1a-2251aa482442', N'3', 0)
INSERT [dbo].[UserAnswers] ([idUAnswer], [idQuestion], [idRecord], [idStudent], [userChoice], [state]) VALUES (N'd4394752-4990-4432-8cd6-23bf614d8555', N'b11aaab3-6de1-48a6-a2ca-9612dc872a5a', N'88b011e6-a3f7-438c-82a8-bdfd18f9bd26', N'85e8b325-d152-4296-a060-854176f10787', N'1', 0)
INSERT [dbo].[UserAnswers] ([idUAnswer], [idQuestion], [idRecord], [idStudent], [userChoice], [state]) VALUES (N'f43a5670-7dd0-4cb0-8bcd-24664e8dc9c7', N'b3b10cd4-090d-4bab-877c-503c4794430f', N'6a370f5e-db9f-493e-ac73-31755093dfe9', N'85e8b325-d152-4296-a060-854176f10787', N'1', 1)
INSERT [dbo].[UserAnswers] ([idUAnswer], [idQuestion], [idRecord], [idStudent], [userChoice], [state]) VALUES (N'f112cc78-8acc-455e-b5e1-2496745daee6', N'db0947b4-0088-44d3-875d-15240d2e8d9d', N'a15a6df3-2c6b-46bc-a8d8-7ded00085e92', N'85e8b325-d152-4296-a060-854176f10787', N'1', 0)
INSERT [dbo].[UserAnswers] ([idUAnswer], [idQuestion], [idRecord], [idStudent], [userChoice], [state]) VALUES (N'3f8c571f-da7f-4c04-87b3-251d00c229bd', N'3ab45e88-d9dc-4264-81b6-d3bc7284a098', N'ce047788-76ae-449b-8802-7382b1be2f91', N'4fc74c3a-afae-4a88-b3b9-ebde46e07d62', N'1', 0)
INSERT [dbo].[UserAnswers] ([idUAnswer], [idQuestion], [idRecord], [idStudent], [userChoice], [state]) VALUES (N'07eecf70-dcc4-4749-9f6d-25fac2e73d7b', N'4abaee29-6544-445c-af03-87d72d2a9f97', N'ce047788-76ae-449b-8802-7382b1be2f91', N'4fc74c3a-afae-4a88-b3b9-ebde46e07d62', N'1', 1)
INSERT [dbo].[UserAnswers] ([idUAnswer], [idQuestion], [idRecord], [idStudent], [userChoice], [state]) VALUES (N'd17a1a9f-84b3-4b7f-b9c1-2693cb62ff9b', N'f25a690b-0157-4060-9fda-955073a90d3d', N'1b949ac9-1168-450b-aa4d-c0116d800ea8', N'85e8b325-d152-4296-a060-854176f10787', N'2', 0)
INSERT [dbo].[UserAnswers] ([idUAnswer], [idQuestion], [idRecord], [idStudent], [userChoice], [state]) VALUES (N'0294e619-e9ec-433b-a38e-2ace58c64904', N'658977f0-67e0-409f-9ec7-2d859dee4fe2', N'd29307b4-c77d-46a8-8507-daeb6e928e37', N'9e86ba70-2c80-4d57-9b1a-2251aa482442', N'2', 0)
INSERT [dbo].[UserAnswers] ([idUAnswer], [idQuestion], [idRecord], [idStudent], [userChoice], [state]) VALUES (N'b4b3c976-ab95-4d50-949a-2bd8cae2612a', N'11fa3506-96a3-4ec2-b719-c55ad1dab013', N'a15a6df3-2c6b-46bc-a8d8-7ded00085e92', N'85e8b325-d152-4296-a060-854176f10787', N'2', 0)
INSERT [dbo].[UserAnswers] ([idUAnswer], [idQuestion], [idRecord], [idStudent], [userChoice], [state]) VALUES (N'2987604b-ae0c-4a19-a14b-2bda86856334', N'7749550b-df52-4771-bccb-af4af6492e5c', N'5f20f401-bcda-4715-b2de-39e01b346a42', N'9e86ba70-2c80-4d57-9b1a-2251aa482442', N'3', 0)
INSERT [dbo].[UserAnswers] ([idUAnswer], [idQuestion], [idRecord], [idStudent], [userChoice], [state]) VALUES (N'5bffbfee-1a33-4a07-ae1a-2cc64e1c4e0f', N'f25a690b-0157-4060-9fda-955073a90d3d', N'3ccdff16-b789-413a-b616-d225edd24369', N'809de52d-b38e-4ca7-87fe-61f2ddcc41df', N'1', 1)
INSERT [dbo].[UserAnswers] ([idUAnswer], [idQuestion], [idRecord], [idStudent], [userChoice], [state]) VALUES (N'6eef2ce8-d7f6-4a94-b3ff-2d3d1f137ccd', N'c8b27f89-b1a8-49d2-9c56-8717fefff6a8', N'0dcd085c-4a3d-4dd8-be0d-6e949c71c4c3', N'e7cb3e86-fb46-4939-bee2-df8ac03bf142', N'2', 0)
INSERT [dbo].[UserAnswers] ([idUAnswer], [idQuestion], [idRecord], [idStudent], [userChoice], [state]) VALUES (N'b9bfc7f1-0b71-4e49-9ece-2da935b782bd', N'58375f17-e8a1-4dd9-89df-68f9f4402d29', N'54cbdd06-8d9b-40f9-bf3c-41939b123792', N'd16e24cd-55c2-40f5-96e5-24d8f6a64650', N'1', 1)
INSERT [dbo].[UserAnswers] ([idUAnswer], [idQuestion], [idRecord], [idStudent], [userChoice], [state]) VALUES (N'dbb215ea-7505-4eaa-b28a-2dd098105d8b', N'e85102ad-849f-4b3c-bdb6-18ad2b2fe91f', N'6a370f5e-db9f-493e-ac73-31755093dfe9', N'85e8b325-d152-4296-a060-854176f10787', N'1', 0)
INSERT [dbo].[UserAnswers] ([idUAnswer], [idQuestion], [idRecord], [idStudent], [userChoice], [state]) VALUES (N'74b52ae4-ee6a-4747-9bfc-2e20d747c154', N'784b09fc-16fe-4bc6-aa3e-685f3b5ff282', N'd29307b4-c77d-46a8-8507-daeb6e928e37', N'9e86ba70-2c80-4d57-9b1a-2251aa482442', N'3', 0)
INSERT [dbo].[UserAnswers] ([idUAnswer], [idQuestion], [idRecord], [idStudent], [userChoice], [state]) VALUES (N'90bdfa52-dc71-456a-9bca-2e37b82c1fd1', N'c8b27f89-b1a8-49d2-9c56-8717fefff6a8', N'ce047788-76ae-449b-8802-7382b1be2f91', N'4fc74c3a-afae-4a88-b3b9-ebde46e07d62', N'1', 0)
INSERT [dbo].[UserAnswers] ([idUAnswer], [idQuestion], [idRecord], [idStudent], [userChoice], [state]) VALUES (N'b20db3dd-f51c-49e7-8d7c-2e4ffab4595c', N'c8b27f89-b1a8-49d2-9c56-8717fefff6a8', N'27248f42-3630-404f-afec-2c94370618da', N'809de52d-b38e-4ca7-87fe-61f2ddcc41df', N'1', 0)
INSERT [dbo].[UserAnswers] ([idUAnswer], [idQuestion], [idRecord], [idStudent], [userChoice], [state]) VALUES (N'30a30b97-6afb-4425-8a49-2ef2fb01f7fd', N'fd695a05-1311-4a02-ba54-b2d24c0fd113', N'5f20f401-bcda-4715-b2de-39e01b346a42', N'9e86ba70-2c80-4d57-9b1a-2251aa482442', N'1', 0)
INSERT [dbo].[UserAnswers] ([idUAnswer], [idQuestion], [idRecord], [idStudent], [userChoice], [state]) VALUES (N'584cb2aa-61ae-4c96-b3b0-3087af9c23ae', N'b11aaab3-6de1-48a6-a2ca-9612dc872a5a', N'0dcd085c-4a3d-4dd8-be0d-6e949c71c4c3', N'e7cb3e86-fb46-4939-bee2-df8ac03bf142', N'1', 0)
INSERT [dbo].[UserAnswers] ([idUAnswer], [idQuestion], [idRecord], [idStudent], [userChoice], [state]) VALUES (N'3254a2d6-f1c7-45e9-a260-32407a3ca4c4', N'c36533c1-de88-4d56-8c66-3d7c5bfd6f85', N'6a370f5e-db9f-493e-ac73-31755093dfe9', N'85e8b325-d152-4296-a060-854176f10787', N'1', 0)
INSERT [dbo].[UserAnswers] ([idUAnswer], [idQuestion], [idRecord], [idStudent], [userChoice], [state]) VALUES (N'2053574a-6fb3-48c3-89f9-3329afbe95c3', N'f25a690b-0157-4060-9fda-955073a90d3d', N'54cbdd06-8d9b-40f9-bf3c-41939b123792', N'd16e24cd-55c2-40f5-96e5-24d8f6a64650', N'1', 1)
INSERT [dbo].[UserAnswers] ([idUAnswer], [idQuestion], [idRecord], [idStudent], [userChoice], [state]) VALUES (N'b4db3b5d-3154-49f0-b1ae-36e3090dc393', N'54df5f08-837d-400d-aa63-88eecc002d6a', N'd29307b4-c77d-46a8-8507-daeb6e928e37', N'9e86ba70-2c80-4d57-9b1a-2251aa482442', N'4', 0)
INSERT [dbo].[UserAnswers] ([idUAnswer], [idQuestion], [idRecord], [idStudent], [userChoice], [state]) VALUES (N'2c0c8a5a-71a5-421b-a04e-384b0f26cdba', N'11fa3506-96a3-4ec2-b719-c55ad1dab013', N'5f20f401-bcda-4715-b2de-39e01b346a42', N'9e86ba70-2c80-4d57-9b1a-2251aa482442', N'4', 0)
INSERT [dbo].[UserAnswers] ([idUAnswer], [idQuestion], [idRecord], [idStudent], [userChoice], [state]) VALUES (N'cad12b7d-38dd-4b58-94a0-38dfe654d40f', N'1ad2f2f9-1067-4509-83ce-c58fefac844c', N'a15a6df3-2c6b-46bc-a8d8-7ded00085e92', N'85e8b325-d152-4296-a060-854176f10787', N'2', 0)
INSERT [dbo].[UserAnswers] ([idUAnswer], [idQuestion], [idRecord], [idStudent], [userChoice], [state]) VALUES (N'870ad0ca-4f0e-42f6-935d-38f5b891b6db', N'e85102ad-849f-4b3c-bdb6-18ad2b2fe91f', N'54cbdd06-8d9b-40f9-bf3c-41939b123792', N'd16e24cd-55c2-40f5-96e5-24d8f6a64650', N'1', 0)
INSERT [dbo].[UserAnswers] ([idUAnswer], [idQuestion], [idRecord], [idStudent], [userChoice], [state]) VALUES (N'9663ef2c-0481-4de0-b754-39bb36d27132', N'4abaee29-6544-445c-af03-87d72d2a9f97', N'a15a6df3-2c6b-46bc-a8d8-7ded00085e92', N'85e8b325-d152-4296-a060-854176f10787', N'2', 0)
INSERT [dbo].[UserAnswers] ([idUAnswer], [idQuestion], [idRecord], [idStudent], [userChoice], [state]) VALUES (N'5260bca7-c6d2-491e-bc54-3a7acb550849', N'bcb3cfc9-9ce5-4ba1-8fa9-dce508632032', N'c4ec0998-d8aa-4774-9374-37dbad135b85', N'a8a48b84-9582-4188-b734-2fe263931c31', N'1', 1)
INSERT [dbo].[UserAnswers] ([idUAnswer], [idQuestion], [idRecord], [idStudent], [userChoice], [state]) VALUES (N'96f3d218-c41f-4421-969c-3b880edf8cca', N'c8b27f89-b1a8-49d2-9c56-8717fefff6a8', N'ad271984-f3fe-44dc-8c41-a665c1631ace', N'809de52d-b38e-4ca7-87fe-61f2ddcc41df', N'1', 0)
INSERT [dbo].[UserAnswers] ([idUAnswer], [idQuestion], [idRecord], [idStudent], [userChoice], [state]) VALUES (N'74a18c94-cfb7-4747-a3eb-3e144154f202', N'20ab8f50-79eb-48ff-b784-fd1d98de1ce4', N'6a370f5e-db9f-493e-ac73-31755093dfe9', N'85e8b325-d152-4296-a060-854176f10787', N'4', 0)
INSERT [dbo].[UserAnswers] ([idUAnswer], [idQuestion], [idRecord], [idStudent], [userChoice], [state]) VALUES (N'b52a23fb-659d-45fe-93f0-3ec8f620e79b', N'658977f0-67e0-409f-9ec7-2d859dee4fe2', N'54cbdd06-8d9b-40f9-bf3c-41939b123792', N'd16e24cd-55c2-40f5-96e5-24d8f6a64650', N'1', 0)
INSERT [dbo].[UserAnswers] ([idUAnswer], [idQuestion], [idRecord], [idStudent], [userChoice], [state]) VALUES (N'd93583c1-7c5f-43ac-abac-3ed0e698f2ef', N'a663619c-1889-49e5-ab04-6817e6908c25', N'd29307b4-c77d-46a8-8507-daeb6e928e37', N'9e86ba70-2c80-4d57-9b1a-2251aa482442', N'1', 0)
INSERT [dbo].[UserAnswers] ([idUAnswer], [idQuestion], [idRecord], [idStudent], [userChoice], [state]) VALUES (N'4732ea2f-8728-4c34-8bc5-40a0ff7b85d9', N'de2bb0e5-9350-4819-bb31-444066307b1f', N'6a370f5e-db9f-493e-ac73-31755093dfe9', N'85e8b325-d152-4296-a060-854176f10787', N'1', 1)
INSERT [dbo].[UserAnswers] ([idUAnswer], [idQuestion], [idRecord], [idStudent], [userChoice], [state]) VALUES (N'2d6c4bcf-b6b1-4ad4-b9a3-4114bcc3279f', N'd2eac385-f384-43f3-9ea8-122f3e9fc0c2', N'a15a6df3-2c6b-46bc-a8d8-7ded00085e92', N'85e8b325-d152-4296-a060-854176f10787', N'3', 1)
INSERT [dbo].[UserAnswers] ([idUAnswer], [idQuestion], [idRecord], [idStudent], [userChoice], [state]) VALUES (N'9f28adb8-ae4c-4dd9-addd-412a4a83fa4a', N'e53884cd-0bd8-44cf-ac86-fbee26970dae', N'a15a6df3-2c6b-46bc-a8d8-7ded00085e92', N'85e8b325-d152-4296-a060-854176f10787', N'4', 0)
INSERT [dbo].[UserAnswers] ([idUAnswer], [idQuestion], [idRecord], [idStudent], [userChoice], [state]) VALUES (N'd463f271-8079-4071-a7ab-44277270cd71', N'c8b27f89-b1a8-49d2-9c56-8717fefff6a8', N'a15a6df3-2c6b-46bc-a8d8-7ded00085e92', N'85e8b325-d152-4296-a060-854176f10787', N'2', 0)
INSERT [dbo].[UserAnswers] ([idUAnswer], [idQuestion], [idRecord], [idStudent], [userChoice], [state]) VALUES (N'2ac691f5-95ef-4df1-bcb0-456973b31524', N'62fa145e-fd5e-451c-b51b-50de0a3228f7', N'54cbdd06-8d9b-40f9-bf3c-41939b123792', N'd16e24cd-55c2-40f5-96e5-24d8f6a64650', N'1', 1)
INSERT [dbo].[UserAnswers] ([idUAnswer], [idQuestion], [idRecord], [idStudent], [userChoice], [state]) VALUES (N'194dfd83-a2dd-40cc-b1a0-465b03c7b011', N'a663619c-1889-49e5-ab04-6817e6908c25', N'54cbdd06-8d9b-40f9-bf3c-41939b123792', N'd16e24cd-55c2-40f5-96e5-24d8f6a64650', N'1', 0)
INSERT [dbo].[UserAnswers] ([idUAnswer], [idQuestion], [idRecord], [idStudent], [userChoice], [state]) VALUES (N'1fd57452-a60b-4448-a9b1-491c22d8534b', N'3ab45e88-d9dc-4264-81b6-d3bc7284a098', N'ad271984-f3fe-44dc-8c41-a665c1631ace', N'809de52d-b38e-4ca7-87fe-61f2ddcc41df', N'1', 0)
INSERT [dbo].[UserAnswers] ([idUAnswer], [idQuestion], [idRecord], [idStudent], [userChoice], [state]) VALUES (N'fb777067-4106-4811-b645-49d15da2a246', N'f25a690b-0157-4060-9fda-955073a90d3d', N'6a370f5e-db9f-493e-ac73-31755093dfe9', N'85e8b325-d152-4296-a060-854176f10787', N'3', 0)
INSERT [dbo].[UserAnswers] ([idUAnswer], [idQuestion], [idRecord], [idStudent], [userChoice], [state]) VALUES (N'95bfe613-9084-4944-940d-4acc03575d31', N'e2f91d97-be37-4b9d-84e7-a3b16db1485c', N'd29307b4-c77d-46a8-8507-daeb6e928e37', N'9e86ba70-2c80-4d57-9b1a-2251aa482442', N'1', 0)
INSERT [dbo].[UserAnswers] ([idUAnswer], [idQuestion], [idRecord], [idStudent], [userChoice], [state]) VALUES (N'1f42f7b8-7ee6-4f40-aa25-4b7fdf2a64dd', N'11fa3506-96a3-4ec2-b719-c55ad1dab013', N'd29307b4-c77d-46a8-8507-daeb6e928e37', N'9e86ba70-2c80-4d57-9b1a-2251aa482442', N'1', 1)
INSERT [dbo].[UserAnswers] ([idUAnswer], [idQuestion], [idRecord], [idStudent], [userChoice], [state]) VALUES (N'e7cf9a50-2fe4-4395-b04e-4bc050a50619', N'f25a690b-0157-4060-9fda-955073a90d3d', N'd29307b4-c77d-46a8-8507-daeb6e928e37', N'9e86ba70-2c80-4d57-9b1a-2251aa482442', N'1', 1)
INSERT [dbo].[UserAnswers] ([idUAnswer], [idQuestion], [idRecord], [idStudent], [userChoice], [state]) VALUES (N'056663e7-aa1a-4607-ab92-4bc7600dd89d', N'c8b27f89-b1a8-49d2-9c56-8717fefff6a8', N'54cbdd06-8d9b-40f9-bf3c-41939b123792', N'd16e24cd-55c2-40f5-96e5-24d8f6a64650', N'1', 0)
INSERT [dbo].[UserAnswers] ([idUAnswer], [idQuestion], [idRecord], [idStudent], [userChoice], [state]) VALUES (N'e55014a4-8878-4e87-8d2b-4d0569b18146', N'f25a690b-0157-4060-9fda-955073a90d3d', N'ce047788-76ae-449b-8802-7382b1be2f91', N'4fc74c3a-afae-4a88-b3b9-ebde46e07d62', N'1', 1)
INSERT [dbo].[UserAnswers] ([idUAnswer], [idQuestion], [idRecord], [idStudent], [userChoice], [state]) VALUES (N'd4c9b219-d00f-423b-a14b-4d93c3ad2338', N'8832a138-650a-4c03-b532-4065f306d81a', N'a15a6df3-2c6b-46bc-a8d8-7ded00085e92', N'85e8b325-d152-4296-a060-854176f10787', N'3', 0)
INSERT [dbo].[UserAnswers] ([idUAnswer], [idQuestion], [idRecord], [idStudent], [userChoice], [state]) VALUES (N'9ae7781d-6824-4949-89b0-4e500c947482', N'c8b27f89-b1a8-49d2-9c56-8717fefff6a8', N'c4ec0998-d8aa-4774-9374-37dbad135b85', N'a8a48b84-9582-4188-b734-2fe263931c31', N'1', 0)
INSERT [dbo].[UserAnswers] ([idUAnswer], [idQuestion], [idRecord], [idStudent], [userChoice], [state]) VALUES (N'9c7283d1-e20c-45e9-a41c-52ab773e0ed4', N'bcb3cfc9-9ce5-4ba1-8fa9-dce508632032', N'a15a6df3-2c6b-46bc-a8d8-7ded00085e92', N'85e8b325-d152-4296-a060-854176f10787', N'3', 0)
INSERT [dbo].[UserAnswers] ([idUAnswer], [idQuestion], [idRecord], [idStudent], [userChoice], [state]) VALUES (N'8a08203f-5e29-4e80-8ff9-52bc4b099cba', N'c8b27f89-b1a8-49d2-9c56-8717fefff6a8', N'3ccdff16-b789-413a-b616-d225edd24369', N'809de52d-b38e-4ca7-87fe-61f2ddcc41df', N'1', 0)
INSERT [dbo].[UserAnswers] ([idUAnswer], [idQuestion], [idRecord], [idStudent], [userChoice], [state]) VALUES (N'e3b94071-ce7c-40b4-bee6-534c23cd232d', N'5697dc40-1252-40e1-9e58-37ddd7b4a4de', N'88b011e6-a3f7-438c-82a8-bdfd18f9bd26', N'85e8b325-d152-4296-a060-854176f10787', N'2', 0)
INSERT [dbo].[UserAnswers] ([idUAnswer], [idQuestion], [idRecord], [idStudent], [userChoice], [state]) VALUES (N'e9d1a6ba-5f5f-4a76-8b95-54378d087903', N'e53884cd-0bd8-44cf-ac86-fbee26970dae', N'54cbdd06-8d9b-40f9-bf3c-41939b123792', N'd16e24cd-55c2-40f5-96e5-24d8f6a64650', N'1', 1)
INSERT [dbo].[UserAnswers] ([idUAnswer], [idQuestion], [idRecord], [idStudent], [userChoice], [state]) VALUES (N'295d7b35-5d70-4051-9634-55010af7c203', N'5697dc40-1252-40e1-9e58-37ddd7b4a4de', N'5f20f401-bcda-4715-b2de-39e01b346a42', N'9e86ba70-2c80-4d57-9b1a-2251aa482442', N'1', 1)
INSERT [dbo].[UserAnswers] ([idUAnswer], [idQuestion], [idRecord], [idStudent], [userChoice], [state]) VALUES (N'd3df4f00-634e-41a2-be91-555e19d0f98f', N'54df5f08-837d-400d-aa63-88eecc002d6a', N'5f20f401-bcda-4715-b2de-39e01b346a42', N'9e86ba70-2c80-4d57-9b1a-2251aa482442', N'2', 1)
INSERT [dbo].[UserAnswers] ([idUAnswer], [idQuestion], [idRecord], [idStudent], [userChoice], [state]) VALUES (N'34cb55ce-a3d6-4d3f-8591-57217c6629fe', N'db0947b4-0088-44d3-875d-15240d2e8d9d', N'd29307b4-c77d-46a8-8507-daeb6e928e37', N'9e86ba70-2c80-4d57-9b1a-2251aa482442', N'4', 0)
INSERT [dbo].[UserAnswers] ([idUAnswer], [idQuestion], [idRecord], [idStudent], [userChoice], [state]) VALUES (N'895417fb-27f5-4b53-b64e-58503273ded5', N'e6b039a3-fa2a-485b-a0d3-f10d091a1386', N'54cbdd06-8d9b-40f9-bf3c-41939b123792', N'd16e24cd-55c2-40f5-96e5-24d8f6a64650', N'1', 0)
INSERT [dbo].[UserAnswers] ([idUAnswer], [idQuestion], [idRecord], [idStudent], [userChoice], [state]) VALUES (N'b2aa8847-6ff6-465b-9d9d-58cd4ad0a9f9', N'45f66bbd-e6a2-41f4-8ae9-3cba4e7b9b55', N'5f20f401-bcda-4715-b2de-39e01b346a42', N'9e86ba70-2c80-4d57-9b1a-2251aa482442', N'4', 1)
INSERT [dbo].[UserAnswers] ([idUAnswer], [idQuestion], [idRecord], [idStudent], [userChoice], [state]) VALUES (N'eaadac90-6cb6-4c6c-9ab6-58ec5fa06dc3', N'5697dc40-1252-40e1-9e58-37ddd7b4a4de', N'ad271984-f3fe-44dc-8c41-a665c1631ace', N'809de52d-b38e-4ca7-87fe-61f2ddcc41df', N'1', 1)
INSERT [dbo].[UserAnswers] ([idUAnswer], [idQuestion], [idRecord], [idStudent], [userChoice], [state]) VALUES (N'68097b20-bd38-43c0-9a6d-591e7ec8cb25', N'62fa145e-fd5e-451c-b51b-50de0a3228f7', N'5f20f401-bcda-4715-b2de-39e01b346a42', N'9e86ba70-2c80-4d57-9b1a-2251aa482442', N'4', 0)
INSERT [dbo].[UserAnswers] ([idUAnswer], [idQuestion], [idRecord], [idStudent], [userChoice], [state]) VALUES (N'310fcd04-3149-4041-88b7-591fdb2649ed', N'd2eac385-f384-43f3-9ea8-122f3e9fc0c2', N'd29307b4-c77d-46a8-8507-daeb6e928e37', N'9e86ba70-2c80-4d57-9b1a-2251aa482442', N'2', 0)
INSERT [dbo].[UserAnswers] ([idUAnswer], [idQuestion], [idRecord], [idStudent], [userChoice], [state]) VALUES (N'29383e8f-016d-42f6-9978-59eb45cea8d7', N'4991fe6a-8c39-4676-82bd-e48cc64e158c', N'6a370f5e-db9f-493e-ac73-31755093dfe9', N'85e8b325-d152-4296-a060-854176f10787', N'1', 1)
INSERT [dbo].[UserAnswers] ([idUAnswer], [idQuestion], [idRecord], [idStudent], [userChoice], [state]) VALUES (N'db4313d6-3343-4159-bb31-5a59e57801ba', N'c4f80da8-d990-4af7-a0ba-a56b432bd2ea', N'5f20f401-bcda-4715-b2de-39e01b346a42', N'9e86ba70-2c80-4d57-9b1a-2251aa482442', N'3', 0)
INSERT [dbo].[UserAnswers] ([idUAnswer], [idQuestion], [idRecord], [idStudent], [userChoice], [state]) VALUES (N'98602685-c41c-4dd2-815a-5c4819ffcb1c', N'b6cb4b12-46b9-401f-ae0d-54fa1b3e1862', N'a15a6df3-2c6b-46bc-a8d8-7ded00085e92', N'85e8b325-d152-4296-a060-854176f10787', N'3', 0)
INSERT [dbo].[UserAnswers] ([idUAnswer], [idQuestion], [idRecord], [idStudent], [userChoice], [state]) VALUES (N'a2b52f6b-8da5-4088-aaa2-5c76d7572f2b', N'58375f17-e8a1-4dd9-89df-68f9f4402d29', N'5f20f401-bcda-4715-b2de-39e01b346a42', N'9e86ba70-2c80-4d57-9b1a-2251aa482442', N'1', 1)
INSERT [dbo].[UserAnswers] ([idUAnswer], [idQuestion], [idRecord], [idStudent], [userChoice], [state]) VALUES (N'96a8eb3b-8c12-4344-bc14-60e324bcb7fd', N'612c93e7-c842-465b-bab9-5d841c07d310', N'6a370f5e-db9f-493e-ac73-31755093dfe9', N'85e8b325-d152-4296-a060-854176f10787', N'1', 1)
INSERT [dbo].[UserAnswers] ([idUAnswer], [idQuestion], [idRecord], [idStudent], [userChoice], [state]) VALUES (N'b868ae14-0a3f-4680-b823-63be2971acc1', N'c8b27f89-b1a8-49d2-9c56-8717fefff6a8', N'6a370f5e-db9f-493e-ac73-31755093dfe9', N'85e8b325-d152-4296-a060-854176f10787', N'3', 1)
GO
INSERT [dbo].[UserAnswers] ([idUAnswer], [idQuestion], [idRecord], [idStudent], [userChoice], [state]) VALUES (N'fe205383-bcba-4f7b-9570-6587d9d97c99', N'20ab8f50-79eb-48ff-b784-fd1d98de1ce4', N'54cbdd06-8d9b-40f9-bf3c-41939b123792', N'd16e24cd-55c2-40f5-96e5-24d8f6a64650', N'1', 0)
INSERT [dbo].[UserAnswers] ([idUAnswer], [idQuestion], [idRecord], [idStudent], [userChoice], [state]) VALUES (N'1948845d-f597-4619-ae93-66df355650a9', N'784b09fc-16fe-4bc6-aa3e-685f3b5ff282', N'54cbdd06-8d9b-40f9-bf3c-41939b123792', N'd16e24cd-55c2-40f5-96e5-24d8f6a64650', N'1', 0)
INSERT [dbo].[UserAnswers] ([idUAnswer], [idQuestion], [idRecord], [idStudent], [userChoice], [state]) VALUES (N'8fe5a92a-20de-4985-84a2-69ba7c4c0d46', N'b11aaab3-6de1-48a6-a2ca-9612dc872a5a', N'5f20f401-bcda-4715-b2de-39e01b346a42', N'9e86ba70-2c80-4d57-9b1a-2251aa482442', N'2', 1)
INSERT [dbo].[UserAnswers] ([idUAnswer], [idQuestion], [idRecord], [idStudent], [userChoice], [state]) VALUES (N'44aaa917-b404-4e98-b594-6a4471d974b5', N'3ab45e88-d9dc-4264-81b6-d3bc7284a098', N'9f76e940-68f5-45a1-91ab-f8f2704b6076', N'85e8b325-d152-4296-a060-854176f10787', N'4', 1)
INSERT [dbo].[UserAnswers] ([idUAnswer], [idQuestion], [idRecord], [idStudent], [userChoice], [state]) VALUES (N'459fb3c3-e2b2-4cd2-83df-6ab6a4e7bdf2', N'7b129c34-bd0d-431d-aaf2-44bc6debc8b9', N'54cbdd06-8d9b-40f9-bf3c-41939b123792', N'd16e24cd-55c2-40f5-96e5-24d8f6a64650', N'1', 0)
INSERT [dbo].[UserAnswers] ([idUAnswer], [idQuestion], [idRecord], [idStudent], [userChoice], [state]) VALUES (N'2b699024-1c1e-4dbe-a662-6af7cd5dc214', N'db0947b4-0088-44d3-875d-15240d2e8d9d', N'54cbdd06-8d9b-40f9-bf3c-41939b123792', N'd16e24cd-55c2-40f5-96e5-24d8f6a64650', N'1', 0)
INSERT [dbo].[UserAnswers] ([idUAnswer], [idQuestion], [idRecord], [idStudent], [userChoice], [state]) VALUES (N'941735a4-d879-4cd9-b516-6ea323cb3fc8', N'5697dc40-1252-40e1-9e58-37ddd7b4a4de', N'27248f42-3630-404f-afec-2c94370618da', N'809de52d-b38e-4ca7-87fe-61f2ddcc41df', N'1', 1)
INSERT [dbo].[UserAnswers] ([idUAnswer], [idQuestion], [idRecord], [idStudent], [userChoice], [state]) VALUES (N'ff9d5419-671e-4ef1-bbc2-72e9a1c30a66', N'54df5f08-837d-400d-aa63-88eecc002d6a', N'a15a6df3-2c6b-46bc-a8d8-7ded00085e92', N'85e8b325-d152-4296-a060-854176f10787', N'2', 1)
INSERT [dbo].[UserAnswers] ([idUAnswer], [idQuestion], [idRecord], [idStudent], [userChoice], [state]) VALUES (N'f0b0a235-d815-4c48-ab47-747970324d7e', N'de2bb0e5-9350-4819-bb31-444066307b1f', N'a15a6df3-2c6b-46bc-a8d8-7ded00085e92', N'85e8b325-d152-4296-a060-854176f10787', N'3', 0)
INSERT [dbo].[UserAnswers] ([idUAnswer], [idQuestion], [idRecord], [idStudent], [userChoice], [state]) VALUES (N'5d7ca41c-c0d0-41b4-8c61-75bfc2ae8878', N'3ab45e88-d9dc-4264-81b6-d3bc7284a098', N'de0a61ea-fd9f-457f-b0b8-ef9a0137c9d9', N'809de52d-b38e-4ca7-87fe-61f2ddcc41df', N'1', 0)
INSERT [dbo].[UserAnswers] ([idUAnswer], [idQuestion], [idRecord], [idStudent], [userChoice], [state]) VALUES (N'c5670eb2-3592-4ca9-9b0b-76bd1dfd54a7', N'c8b27f89-b1a8-49d2-9c56-8717fefff6a8', N'5f20f401-bcda-4715-b2de-39e01b346a42', N'9e86ba70-2c80-4d57-9b1a-2251aa482442', N'4', 0)
INSERT [dbo].[UserAnswers] ([idUAnswer], [idQuestion], [idRecord], [idStudent], [userChoice], [state]) VALUES (N'c77b3641-2ca7-4678-b688-78719024496e', N'180cc4cb-662c-4339-9b2f-ae4894ffe93c', N'6a370f5e-db9f-493e-ac73-31755093dfe9', N'85e8b325-d152-4296-a060-854176f10787', N'1', 1)
INSERT [dbo].[UserAnswers] ([idUAnswer], [idQuestion], [idRecord], [idStudent], [userChoice], [state]) VALUES (N'b231e779-cae8-42ca-a3cd-7951bc659a03', N'b6cb4b12-46b9-401f-ae0d-54fa1b3e1862', N'54cbdd06-8d9b-40f9-bf3c-41939b123792', N'd16e24cd-55c2-40f5-96e5-24d8f6a64650', N'1', 0)
INSERT [dbo].[UserAnswers] ([idUAnswer], [idQuestion], [idRecord], [idStudent], [userChoice], [state]) VALUES (N'0b436f25-846d-4569-8ebf-79731fae46ff', N'b11aaab3-6de1-48a6-a2ca-9612dc872a5a', N'd29307b4-c77d-46a8-8507-daeb6e928e37', N'9e86ba70-2c80-4d57-9b1a-2251aa482442', N'1', 0)
INSERT [dbo].[UserAnswers] ([idUAnswer], [idQuestion], [idRecord], [idStudent], [userChoice], [state]) VALUES (N'ca4695c5-50d6-427e-a044-7abedf70131a', N'3ab45e88-d9dc-4264-81b6-d3bc7284a098', N'88b011e6-a3f7-438c-82a8-bdfd18f9bd26', N'85e8b325-d152-4296-a060-854176f10787', N'1', 0)
INSERT [dbo].[UserAnswers] ([idUAnswer], [idQuestion], [idRecord], [idStudent], [userChoice], [state]) VALUES (N'22e18f95-6cc2-48ff-93bb-7c16d5d82c87', N'c8b27f89-b1a8-49d2-9c56-8717fefff6a8', N'9f76e940-68f5-45a1-91ab-f8f2704b6076', N'85e8b325-d152-4296-a060-854176f10787', N'1', 0)
INSERT [dbo].[UserAnswers] ([idUAnswer], [idQuestion], [idRecord], [idStudent], [userChoice], [state]) VALUES (N'd66bc772-7114-4d7c-9ba2-7c3901c5992f', N'7b129c34-bd0d-431d-aaf2-44bc6debc8b9', N'd29307b4-c77d-46a8-8507-daeb6e928e37', N'9e86ba70-2c80-4d57-9b1a-2251aa482442', N'4', 0)
INSERT [dbo].[UserAnswers] ([idUAnswer], [idQuestion], [idRecord], [idStudent], [userChoice], [state]) VALUES (N'855ee8cc-f2d1-4324-83cd-7c47c313cc22', N'5697dc40-1252-40e1-9e58-37ddd7b4a4de', N'0dcd085c-4a3d-4dd8-be0d-6e949c71c4c3', N'e7cb3e86-fb46-4939-bee2-df8ac03bf142', N'3', 0)
INSERT [dbo].[UserAnswers] ([idUAnswer], [idQuestion], [idRecord], [idStudent], [userChoice], [state]) VALUES (N'd2649acd-c9cc-453c-aa81-7d97df4226bc', N'3ab45e88-d9dc-4264-81b6-d3bc7284a098', N'6a370f5e-db9f-493e-ac73-31755093dfe9', N'85e8b325-d152-4296-a060-854176f10787', N'4', 1)
INSERT [dbo].[UserAnswers] ([idUAnswer], [idQuestion], [idRecord], [idStudent], [userChoice], [state]) VALUES (N'510a6a23-e6f9-4c34-b604-7e40cbfde83d', N'62fa145e-fd5e-451c-b51b-50de0a3228f7', N'd29307b4-c77d-46a8-8507-daeb6e928e37', N'9e86ba70-2c80-4d57-9b1a-2251aa482442', N'1', 1)
INSERT [dbo].[UserAnswers] ([idUAnswer], [idQuestion], [idRecord], [idStudent], [userChoice], [state]) VALUES (N'bc5385b4-993a-4fb5-a5ea-7e8dd39de947', N'1f1128ce-b690-4280-8ee2-1c13796a042b', N'5f20f401-bcda-4715-b2de-39e01b346a42', N'9e86ba70-2c80-4d57-9b1a-2251aa482442', N'4', 1)
INSERT [dbo].[UserAnswers] ([idUAnswer], [idQuestion], [idRecord], [idStudent], [userChoice], [state]) VALUES (N'82937de5-5c27-4a65-9194-7f1eb7a30372', N'bcb3cfc9-9ce5-4ba1-8fa9-dce508632032', N'27248f42-3630-404f-afec-2c94370618da', N'809de52d-b38e-4ca7-87fe-61f2ddcc41df', N'1', 1)
INSERT [dbo].[UserAnswers] ([idUAnswer], [idQuestion], [idRecord], [idStudent], [userChoice], [state]) VALUES (N'86ca9311-c424-4b45-b720-804f76f1b87c', N'8832a138-650a-4c03-b532-4065f306d81a', N'54cbdd06-8d9b-40f9-bf3c-41939b123792', N'd16e24cd-55c2-40f5-96e5-24d8f6a64650', N'1', 1)
INSERT [dbo].[UserAnswers] ([idUAnswer], [idQuestion], [idRecord], [idStudent], [userChoice], [state]) VALUES (N'2a16785a-351a-4dde-8164-81a162c66d83', N'4abaee29-6544-445c-af03-87d72d2a9f97', N'd29307b4-c77d-46a8-8507-daeb6e928e37', N'9e86ba70-2c80-4d57-9b1a-2251aa482442', N'3', 0)
INSERT [dbo].[UserAnswers] ([idUAnswer], [idQuestion], [idRecord], [idStudent], [userChoice], [state]) VALUES (N'775253ad-de9f-422a-a05d-8391627c326a', N'de2bb0e5-9350-4819-bb31-444066307b1f', N'd29307b4-c77d-46a8-8507-daeb6e928e37', N'9e86ba70-2c80-4d57-9b1a-2251aa482442', N'1', 1)
INSERT [dbo].[UserAnswers] ([idUAnswer], [idQuestion], [idRecord], [idStudent], [userChoice], [state]) VALUES (N'8bcc627c-145a-43d6-8ecd-83cb0c81c13f', N'e53884cd-0bd8-44cf-ac86-fbee26970dae', N'6a370f5e-db9f-493e-ac73-31755093dfe9', N'85e8b325-d152-4296-a060-854176f10787', N'2', 0)
INSERT [dbo].[UserAnswers] ([idUAnswer], [idQuestion], [idRecord], [idStudent], [userChoice], [state]) VALUES (N'f0e7e4df-e139-4ad4-9475-84481a88103a', N'8114b622-fb30-4261-8537-fb65b9fed72f', N'd29307b4-c77d-46a8-8507-daeb6e928e37', N'9e86ba70-2c80-4d57-9b1a-2251aa482442', N'3', 0)
INSERT [dbo].[UserAnswers] ([idUAnswer], [idQuestion], [idRecord], [idStudent], [userChoice], [state]) VALUES (N'781b7458-2f34-4481-b4ae-84fa06b7f4f6', N'62fa145e-fd5e-451c-b51b-50de0a3228f7', N'6a370f5e-db9f-493e-ac73-31755093dfe9', N'85e8b325-d152-4296-a060-854176f10787', N'1', 1)
INSERT [dbo].[UserAnswers] ([idUAnswer], [idQuestion], [idRecord], [idStudent], [userChoice], [state]) VALUES (N'e8ca5649-c777-4a50-b8b3-8530155a3acd', N'4d1661bc-6ce3-4fb9-87d7-f834c79250bf', N'6a370f5e-db9f-493e-ac73-31755093dfe9', N'85e8b325-d152-4296-a060-854176f10787', N'1', 0)
INSERT [dbo].[UserAnswers] ([idUAnswer], [idQuestion], [idRecord], [idStudent], [userChoice], [state]) VALUES (N'8cd4e9cc-11b3-4aa5-b688-85c0a447d6b8', N'658977f0-67e0-409f-9ec7-2d859dee4fe2', N'6a370f5e-db9f-493e-ac73-31755093dfe9', N'85e8b325-d152-4296-a060-854176f10787', N'1', 0)
INSERT [dbo].[UserAnswers] ([idUAnswer], [idQuestion], [idRecord], [idStudent], [userChoice], [state]) VALUES (N'dac9eb88-8b66-437c-bfce-88b13ea3f07c', N'7749550b-df52-4771-bccb-af4af6492e5c', N'a15a6df3-2c6b-46bc-a8d8-7ded00085e92', N'85e8b325-d152-4296-a060-854176f10787', N'2', 1)
INSERT [dbo].[UserAnswers] ([idUAnswer], [idQuestion], [idRecord], [idStudent], [userChoice], [state]) VALUES (N'859aa9c0-0747-410c-a02d-88c4858e7467', N'612c93e7-c842-465b-bab9-5d841c07d310', N'a15a6df3-2c6b-46bc-a8d8-7ded00085e92', N'85e8b325-d152-4296-a060-854176f10787', N'2', 0)
INSERT [dbo].[UserAnswers] ([idUAnswer], [idQuestion], [idRecord], [idStudent], [userChoice], [state]) VALUES (N'123cd20f-7b6d-4565-bf2c-8915c92a9d79', N'c4f80da8-d990-4af7-a0ba-a56b432bd2ea', N'd29307b4-c77d-46a8-8507-daeb6e928e37', N'9e86ba70-2c80-4d57-9b1a-2251aa482442', N'4', 0)
INSERT [dbo].[UserAnswers] ([idUAnswer], [idQuestion], [idRecord], [idStudent], [userChoice], [state]) VALUES (N'6e034789-5120-4453-9f52-8993a13bde68', N'658977f0-67e0-409f-9ec7-2d859dee4fe2', N'5f20f401-bcda-4715-b2de-39e01b346a42', N'9e86ba70-2c80-4d57-9b1a-2251aa482442', N'3', 1)
INSERT [dbo].[UserAnswers] ([idUAnswer], [idQuestion], [idRecord], [idStudent], [userChoice], [state]) VALUES (N'd58d6396-979f-4bf0-8a98-89f6bcbc872a', N'5697dc40-1252-40e1-9e58-37ddd7b4a4de', N'6a370f5e-db9f-493e-ac73-31755093dfe9', N'85e8b325-d152-4296-a060-854176f10787', N'1', 1)
INSERT [dbo].[UserAnswers] ([idUAnswer], [idQuestion], [idRecord], [idStudent], [userChoice], [state]) VALUES (N'426ec9a1-b0a5-4815-a1f7-8b9fbdc37aac', N'8832a138-650a-4c03-b532-4065f306d81a', N'ce047788-76ae-449b-8802-7382b1be2f91', N'4fc74c3a-afae-4a88-b3b9-ebde46e07d62', N'1', 1)
INSERT [dbo].[UserAnswers] ([idUAnswer], [idQuestion], [idRecord], [idStudent], [userChoice], [state]) VALUES (N'eb1401b4-9f50-4738-a944-8bfbac03dfa5', N'4991fe6a-8c39-4676-82bd-e48cc64e158c', N'd29307b4-c77d-46a8-8507-daeb6e928e37', N'9e86ba70-2c80-4d57-9b1a-2251aa482442', N'3', 0)
INSERT [dbo].[UserAnswers] ([idUAnswer], [idQuestion], [idRecord], [idStudent], [userChoice], [state]) VALUES (N'2cc2e8d1-6745-4ec6-adc7-8d7730488dc0', N'f25a690b-0157-4060-9fda-955073a90d3d', N'a15a6df3-2c6b-46bc-a8d8-7ded00085e92', N'85e8b325-d152-4296-a060-854176f10787', N'2', 0)
INSERT [dbo].[UserAnswers] ([idUAnswer], [idQuestion], [idRecord], [idStudent], [userChoice], [state]) VALUES (N'96159450-f288-4031-85b3-8fd8aa51cacd', N'a663619c-1889-49e5-ab04-6817e6908c25', N'a15a6df3-2c6b-46bc-a8d8-7ded00085e92', N'85e8b325-d152-4296-a060-854176f10787', N'1', 0)
INSERT [dbo].[UserAnswers] ([idUAnswer], [idQuestion], [idRecord], [idStudent], [userChoice], [state]) VALUES (N'a145a13a-f47e-446b-9583-9018c25e809c', N'7749550b-df52-4771-bccb-af4af6492e5c', N'd29307b4-c77d-46a8-8507-daeb6e928e37', N'9e86ba70-2c80-4d57-9b1a-2251aa482442', N'1', 0)
INSERT [dbo].[UserAnswers] ([idUAnswer], [idQuestion], [idRecord], [idStudent], [userChoice], [state]) VALUES (N'fc5e4158-4b8e-474b-9f27-90888f50b832', N'62fa145e-fd5e-451c-b51b-50de0a3228f7', N'a15a6df3-2c6b-46bc-a8d8-7ded00085e92', N'85e8b325-d152-4296-a060-854176f10787', N'2', 0)
INSERT [dbo].[UserAnswers] ([idUAnswer], [idQuestion], [idRecord], [idStudent], [userChoice], [state]) VALUES (N'd48bebba-b00c-4409-a9e4-91b9a8701ec5', N'3ab45e88-d9dc-4264-81b6-d3bc7284a098', N'0dcd085c-4a3d-4dd8-be0d-6e949c71c4c3', N'e7cb3e86-fb46-4939-bee2-df8ac03bf142', N'1', 0)
INSERT [dbo].[UserAnswers] ([idUAnswer], [idQuestion], [idRecord], [idStudent], [userChoice], [state]) VALUES (N'f4afa29a-dd52-4237-a1b3-933581cf9cb7', N'e2f91d97-be37-4b9d-84e7-a3b16db1485c', N'5f20f401-bcda-4715-b2de-39e01b346a42', N'9e86ba70-2c80-4d57-9b1a-2251aa482442', N'1', 0)
INSERT [dbo].[UserAnswers] ([idUAnswer], [idQuestion], [idRecord], [idStudent], [userChoice], [state]) VALUES (N'77f43f42-fc93-4c8b-a5f5-9670a4024c91', N'db0947b4-0088-44d3-875d-15240d2e8d9d', N'5f20f401-bcda-4715-b2de-39e01b346a42', N'9e86ba70-2c80-4d57-9b1a-2251aa482442', N'3', 1)
INSERT [dbo].[UserAnswers] ([idUAnswer], [idQuestion], [idRecord], [idStudent], [userChoice], [state]) VALUES (N'2f73bc6e-144c-49da-b3e1-96f803324c61', N'e53884cd-0bd8-44cf-ac86-fbee26970dae', N'5f20f401-bcda-4715-b2de-39e01b346a42', N'9e86ba70-2c80-4d57-9b1a-2251aa482442', N'3', 0)
INSERT [dbo].[UserAnswers] ([idUAnswer], [idQuestion], [idRecord], [idStudent], [userChoice], [state]) VALUES (N'15d4ab1a-efb1-439a-9317-993177be1b41', N'c36533c1-de88-4d56-8c66-3d7c5bfd6f85', N'd29307b4-c77d-46a8-8507-daeb6e928e37', N'9e86ba70-2c80-4d57-9b1a-2251aa482442', N'3', 0)
INSERT [dbo].[UserAnswers] ([idUAnswer], [idQuestion], [idRecord], [idStudent], [userChoice], [state]) VALUES (N'ebbe70f5-45c6-4f15-bd8b-9996f6b493b7', N'7b129c34-bd0d-431d-aaf2-44bc6debc8b9', N'a15a6df3-2c6b-46bc-a8d8-7ded00085e92', N'85e8b325-d152-4296-a060-854176f10787', N'1', 0)
INSERT [dbo].[UserAnswers] ([idUAnswer], [idQuestion], [idRecord], [idStudent], [userChoice], [state]) VALUES (N'f8b7a67d-d4f5-4b9e-829b-9ad29ef5cfae', N'e53884cd-0bd8-44cf-ac86-fbee26970dae', N'0dcd085c-4a3d-4dd8-be0d-6e949c71c4c3', N'e7cb3e86-fb46-4939-bee2-df8ac03bf142', N'2', 0)
INSERT [dbo].[UserAnswers] ([idUAnswer], [idQuestion], [idRecord], [idStudent], [userChoice], [state]) VALUES (N'36f1d4d4-5553-4bb7-a2cb-9b05d4daa425', N'c8b27f89-b1a8-49d2-9c56-8717fefff6a8', N'de0a61ea-fd9f-457f-b0b8-ef9a0137c9d9', N'809de52d-b38e-4ca7-87fe-61f2ddcc41df', N'1', 0)
INSERT [dbo].[UserAnswers] ([idUAnswer], [idQuestion], [idRecord], [idStudent], [userChoice], [state]) VALUES (N'dba84797-2339-4130-a1ef-9b280daebab4', N'20ab8f50-79eb-48ff-b784-fd1d98de1ce4', N'c4ec0998-d8aa-4774-9374-37dbad135b85', N'a8a48b84-9582-4188-b734-2fe263931c31', N'1', 0)
INSERT [dbo].[UserAnswers] ([idUAnswer], [idQuestion], [idRecord], [idStudent], [userChoice], [state]) VALUES (N'71b2f318-2d5d-4ba2-9b21-9ca594871443', N'e6b039a3-fa2a-485b-a0d3-f10d091a1386', N'a15a6df3-2c6b-46bc-a8d8-7ded00085e92', N'85e8b325-d152-4296-a060-854176f10787', N'3', 0)
INSERT [dbo].[UserAnswers] ([idUAnswer], [idQuestion], [idRecord], [idStudent], [userChoice], [state]) VALUES (N'4af2ae0b-ea56-4f12-98aa-9cc3a950e319', N'b3b10cd4-090d-4bab-877c-503c4794430f', N'a15a6df3-2c6b-46bc-a8d8-7ded00085e92', N'85e8b325-d152-4296-a060-854176f10787', N'1', 1)
INSERT [dbo].[UserAnswers] ([idUAnswer], [idQuestion], [idRecord], [idStudent], [userChoice], [state]) VALUES (N'5ca71a9e-287a-4fbd-a737-9da0dd80709a', N'c36533c1-de88-4d56-8c66-3d7c5bfd6f85', N'a15a6df3-2c6b-46bc-a8d8-7ded00085e92', N'85e8b325-d152-4296-a060-854176f10787', N'3', 0)
INSERT [dbo].[UserAnswers] ([idUAnswer], [idQuestion], [idRecord], [idStudent], [userChoice], [state]) VALUES (N'459a08bb-eef5-42d0-b334-9fbe17893c96', N'de2bb0e5-9350-4819-bb31-444066307b1f', N'54cbdd06-8d9b-40f9-bf3c-41939b123792', N'd16e24cd-55c2-40f5-96e5-24d8f6a64650', N'1', 1)
INSERT [dbo].[UserAnswers] ([idUAnswer], [idQuestion], [idRecord], [idStudent], [userChoice], [state]) VALUES (N'1341f1ee-ac73-48dd-8edb-9fff18d40129', N'612c93e7-c842-465b-bab9-5d841c07d310', N'd29307b4-c77d-46a8-8507-daeb6e928e37', N'9e86ba70-2c80-4d57-9b1a-2251aa482442', N'1', 1)
INSERT [dbo].[UserAnswers] ([idUAnswer], [idQuestion], [idRecord], [idStudent], [userChoice], [state]) VALUES (N'9396b72a-cf1a-4fdd-8902-a0cf7a138196', N'3ab45e88-d9dc-4264-81b6-d3bc7284a098', N'3ccdff16-b789-413a-b616-d225edd24369', N'809de52d-b38e-4ca7-87fe-61f2ddcc41df', N'1', 0)
INSERT [dbo].[UserAnswers] ([idUAnswer], [idQuestion], [idRecord], [idStudent], [userChoice], [state]) VALUES (N'7ec15430-2365-4393-ab5d-a21df6dfb4ad', N'f25a690b-0157-4060-9fda-955073a90d3d', N'ad271984-f3fe-44dc-8c41-a665c1631ace', N'809de52d-b38e-4ca7-87fe-61f2ddcc41df', N'1', 1)
INSERT [dbo].[UserAnswers] ([idUAnswer], [idQuestion], [idRecord], [idStudent], [userChoice], [state]) VALUES (N'0d45f546-7856-4152-980a-a256acf73bfb', N'4991fe6a-8c39-4676-82bd-e48cc64e158c', N'0dcd085c-4a3d-4dd8-be0d-6e949c71c4c3', N'e7cb3e86-fb46-4939-bee2-df8ac03bf142', N'4', 0)
INSERT [dbo].[UserAnswers] ([idUAnswer], [idQuestion], [idRecord], [idStudent], [userChoice], [state]) VALUES (N'fff8a070-11de-43f1-9c6d-a668fb2e7713', N'fd695a05-1311-4a02-ba54-b2d24c0fd113', N'6a370f5e-db9f-493e-ac73-31755093dfe9', N'85e8b325-d152-4296-a060-854176f10787', N'1', 0)
INSERT [dbo].[UserAnswers] ([idUAnswer], [idQuestion], [idRecord], [idStudent], [userChoice], [state]) VALUES (N'df2a26c4-b204-4a83-87a5-a676df2046c5', N'bcb3cfc9-9ce5-4ba1-8fa9-dce508632032', N'd29307b4-c77d-46a8-8507-daeb6e928e37', N'9e86ba70-2c80-4d57-9b1a-2251aa482442', N'1', 1)
INSERT [dbo].[UserAnswers] ([idUAnswer], [idQuestion], [idRecord], [idStudent], [userChoice], [state]) VALUES (N'67416ed2-c670-46f7-8fc5-a72e6b63b990', N'bcb3cfc9-9ce5-4ba1-8fa9-dce508632032', N'6a370f5e-db9f-493e-ac73-31755093dfe9', N'85e8b325-d152-4296-a060-854176f10787', N'2', 0)
INSERT [dbo].[UserAnswers] ([idUAnswer], [idQuestion], [idRecord], [idStudent], [userChoice], [state]) VALUES (N'ef1024a8-66a3-4f75-981d-a7d19f46b201', N'f25a690b-0157-4060-9fda-955073a90d3d', N'de0a61ea-fd9f-457f-b0b8-ef9a0137c9d9', N'809de52d-b38e-4ca7-87fe-61f2ddcc41df', N'1', 1)
INSERT [dbo].[UserAnswers] ([idUAnswer], [idQuestion], [idRecord], [idStudent], [userChoice], [state]) VALUES (N'55782ebe-f15e-4642-b419-a9109aa8f3f4', N'b6cb4b12-46b9-401f-ae0d-54fa1b3e1862', N'0dcd085c-4a3d-4dd8-be0d-6e949c71c4c3', N'e7cb3e86-fb46-4939-bee2-df8ac03bf142', N'3', 0)
INSERT [dbo].[UserAnswers] ([idUAnswer], [idQuestion], [idRecord], [idStudent], [userChoice], [state]) VALUES (N'c69a4a11-9402-484a-9338-a9920cdd7520', N'784b09fc-16fe-4bc6-aa3e-685f3b5ff282', N'a15a6df3-2c6b-46bc-a8d8-7ded00085e92', N'85e8b325-d152-4296-a060-854176f10787', N'1', 0)
INSERT [dbo].[UserAnswers] ([idUAnswer], [idQuestion], [idRecord], [idStudent], [userChoice], [state]) VALUES (N'689bf786-9f03-4e4a-a087-acfb9bf7530f', N'bcb3cfc9-9ce5-4ba1-8fa9-dce508632032', N'1b949ac9-1168-450b-aa4d-c0116d800ea8', N'85e8b325-d152-4296-a060-854176f10787', N'4', 0)
INSERT [dbo].[UserAnswers] ([idUAnswer], [idQuestion], [idRecord], [idStudent], [userChoice], [state]) VALUES (N'f4a270cd-5daa-4e38-8a12-ae44e337d9ce', N'1ad2f2f9-1067-4509-83ce-c58fefac844c', N'54cbdd06-8d9b-40f9-bf3c-41939b123792', N'd16e24cd-55c2-40f5-96e5-24d8f6a64650', N'1', 0)
INSERT [dbo].[UserAnswers] ([idUAnswer], [idQuestion], [idRecord], [idStudent], [userChoice], [state]) VALUES (N'bea51ebe-c836-4b65-a545-ae5a88607c9e', N'5697dc40-1252-40e1-9e58-37ddd7b4a4de', N'1b949ac9-1168-450b-aa4d-c0116d800ea8', N'85e8b325-d152-4296-a060-854176f10787', N'4', 0)
INSERT [dbo].[UserAnswers] ([idUAnswer], [idQuestion], [idRecord], [idStudent], [userChoice], [state]) VALUES (N'6a220e74-95cc-4e03-b22d-aea379d3e509', N'bcb3cfc9-9ce5-4ba1-8fa9-dce508632032', N'88b011e6-a3f7-438c-82a8-bdfd18f9bd26', N'85e8b325-d152-4296-a060-854176f10787', N'2', 0)
INSERT [dbo].[UserAnswers] ([idUAnswer], [idQuestion], [idRecord], [idStudent], [userChoice], [state]) VALUES (N'f94f1d8d-d5e2-4ca0-8263-b0431ec0f07d', N'b6cb4b12-46b9-401f-ae0d-54fa1b3e1862', N'd29307b4-c77d-46a8-8507-daeb6e928e37', N'9e86ba70-2c80-4d57-9b1a-2251aa482442', N'3', 0)
INSERT [dbo].[UserAnswers] ([idUAnswer], [idQuestion], [idRecord], [idStudent], [userChoice], [state]) VALUES (N'2be6c330-2195-401e-b203-b1ce3a6b956c', N'd2eac385-f384-43f3-9ea8-122f3e9fc0c2', N'ce047788-76ae-449b-8802-7382b1be2f91', N'4fc74c3a-afae-4a88-b3b9-ebde46e07d62', N'1', 0)
INSERT [dbo].[UserAnswers] ([idUAnswer], [idQuestion], [idRecord], [idStudent], [userChoice], [state]) VALUES (N'ef3da386-9599-4e2d-8817-b42e3a79ae73', N'bcb3cfc9-9ce5-4ba1-8fa9-dce508632032', N'3ccdff16-b789-413a-b616-d225edd24369', N'809de52d-b38e-4ca7-87fe-61f2ddcc41df', N'1', 1)
INSERT [dbo].[UserAnswers] ([idUAnswer], [idQuestion], [idRecord], [idStudent], [userChoice], [state]) VALUES (N'6934ebbb-756e-4c10-9f7c-b5c06a2f6e9b', N'4991fe6a-8c39-4676-82bd-e48cc64e158c', N'a15a6df3-2c6b-46bc-a8d8-7ded00085e92', N'85e8b325-d152-4296-a060-854176f10787', N'4', 0)
INSERT [dbo].[UserAnswers] ([idUAnswer], [idQuestion], [idRecord], [idStudent], [userChoice], [state]) VALUES (N'38f8f198-b259-4249-8a05-b75e4cd254fc', N'b3b10cd4-090d-4bab-877c-503c4794430f', N'd29307b4-c77d-46a8-8507-daeb6e928e37', N'9e86ba70-2c80-4d57-9b1a-2251aa482442', N'1', 1)
INSERT [dbo].[UserAnswers] ([idUAnswer], [idQuestion], [idRecord], [idStudent], [userChoice], [state]) VALUES (N'5d085175-1aa3-456e-a0ef-b76d25f40825', N'b11aaab3-6de1-48a6-a2ca-9612dc872a5a', N'6a370f5e-db9f-493e-ac73-31755093dfe9', N'85e8b325-d152-4296-a060-854176f10787', N'1', 0)
INSERT [dbo].[UserAnswers] ([idUAnswer], [idQuestion], [idRecord], [idStudent], [userChoice], [state]) VALUES (N'97f97250-69f4-46e3-9d9b-b93c5352f976', N'45f66bbd-e6a2-41f4-8ae9-3cba4e7b9b55', N'd29307b4-c77d-46a8-8507-daeb6e928e37', N'9e86ba70-2c80-4d57-9b1a-2251aa482442', N'1', 0)
INSERT [dbo].[UserAnswers] ([idUAnswer], [idQuestion], [idRecord], [idStudent], [userChoice], [state]) VALUES (N'7bd95208-438f-4c05-8972-b9638653e9c1', N'4abaee29-6544-445c-af03-87d72d2a9f97', N'54cbdd06-8d9b-40f9-bf3c-41939b123792', N'd16e24cd-55c2-40f5-96e5-24d8f6a64650', N'1', 1)
INSERT [dbo].[UserAnswers] ([idUAnswer], [idQuestion], [idRecord], [idStudent], [userChoice], [state]) VALUES (N'5b2c7ca8-c98f-4812-89f4-b9d383ccbfd3', N'5697dc40-1252-40e1-9e58-37ddd7b4a4de', N'd29307b4-c77d-46a8-8507-daeb6e928e37', N'9e86ba70-2c80-4d57-9b1a-2251aa482442', N'2', 0)
INSERT [dbo].[UserAnswers] ([idUAnswer], [idQuestion], [idRecord], [idStudent], [userChoice], [state]) VALUES (N'dc699cd9-8f10-4b74-9baf-ba65f5278504', N'54df5f08-837d-400d-aa63-88eecc002d6a', N'54cbdd06-8d9b-40f9-bf3c-41939b123792', N'd16e24cd-55c2-40f5-96e5-24d8f6a64650', N'1', 0)
INSERT [dbo].[UserAnswers] ([idUAnswer], [idQuestion], [idRecord], [idStudent], [userChoice], [state]) VALUES (N'50790168-9f4b-4120-914d-bbf633b2ead7', N'e2f91d97-be37-4b9d-84e7-a3b16db1485c', N'a15a6df3-2c6b-46bc-a8d8-7ded00085e92', N'85e8b325-d152-4296-a060-854176f10787', N'1', 0)
INSERT [dbo].[UserAnswers] ([idUAnswer], [idQuestion], [idRecord], [idStudent], [userChoice], [state]) VALUES (N'0c1acf6c-7cfb-4308-a830-bc3a612702cf', N'784b09fc-16fe-4bc6-aa3e-685f3b5ff282', N'5f20f401-bcda-4715-b2de-39e01b346a42', N'9e86ba70-2c80-4d57-9b1a-2251aa482442', N'3', 0)
INSERT [dbo].[UserAnswers] ([idUAnswer], [idQuestion], [idRecord], [idStudent], [userChoice], [state]) VALUES (N'f2da35f3-fbf1-401b-8e68-bdb8a9952225', N'bcb3cfc9-9ce5-4ba1-8fa9-dce508632032', N'0dcd085c-4a3d-4dd8-be0d-6e949c71c4c3', N'e7cb3e86-fb46-4939-bee2-df8ac03bf142', N'2', 0)
INSERT [dbo].[UserAnswers] ([idUAnswer], [idQuestion], [idRecord], [idStudent], [userChoice], [state]) VALUES (N'58ec3c34-d061-4626-ab9a-c0923f81d344', N'd2eac385-f384-43f3-9ea8-122f3e9fc0c2', N'54cbdd06-8d9b-40f9-bf3c-41939b123792', N'd16e24cd-55c2-40f5-96e5-24d8f6a64650', N'1', 0)
INSERT [dbo].[UserAnswers] ([idUAnswer], [idQuestion], [idRecord], [idStudent], [userChoice], [state]) VALUES (N'af574a95-d168-4037-b7e0-c11a4c58d264', N'e53884cd-0bd8-44cf-ac86-fbee26970dae', N'd29307b4-c77d-46a8-8507-daeb6e928e37', N'9e86ba70-2c80-4d57-9b1a-2251aa482442', N'1', 1)
INSERT [dbo].[UserAnswers] ([idUAnswer], [idQuestion], [idRecord], [idStudent], [userChoice], [state]) VALUES (N'10b55e0d-bfe4-45c8-bfae-c206f32f5c53', N'180cc4cb-662c-4339-9b2f-ae4894ffe93c', N'54cbdd06-8d9b-40f9-bf3c-41939b123792', N'd16e24cd-55c2-40f5-96e5-24d8f6a64650', N'1', 1)
INSERT [dbo].[UserAnswers] ([idUAnswer], [idQuestion], [idRecord], [idStudent], [userChoice], [state]) VALUES (N'1d568755-c512-4e66-a161-c22960a1e9ae', N'4d1661bc-6ce3-4fb9-87d7-f834c79250bf', N'a15a6df3-2c6b-46bc-a8d8-7ded00085e92', N'85e8b325-d152-4296-a060-854176f10787', N'2', 0)
INSERT [dbo].[UserAnswers] ([idUAnswer], [idQuestion], [idRecord], [idStudent], [userChoice], [state]) VALUES (N'ee0e0c32-da80-422b-8c10-c4350829ea72', N'3ab45e88-d9dc-4264-81b6-d3bc7284a098', N'5f20f401-bcda-4715-b2de-39e01b346a42', N'9e86ba70-2c80-4d57-9b1a-2251aa482442', N'4', 1)
INSERT [dbo].[UserAnswers] ([idUAnswer], [idQuestion], [idRecord], [idStudent], [userChoice], [state]) VALUES (N'7a683bb7-2823-447e-87ea-c4cdd9eaf896', N'612c93e7-c842-465b-bab9-5d841c07d310', N'54cbdd06-8d9b-40f9-bf3c-41939b123792', N'd16e24cd-55c2-40f5-96e5-24d8f6a64650', N'1', 1)
INSERT [dbo].[UserAnswers] ([idUAnswer], [idQuestion], [idRecord], [idStudent], [userChoice], [state]) VALUES (N'ede27186-5e77-4758-ad83-c56021079006', N'8114b622-fb30-4261-8537-fb65b9fed72f', N'a15a6df3-2c6b-46bc-a8d8-7ded00085e92', N'85e8b325-d152-4296-a060-854176f10787', N'4', 0)
INSERT [dbo].[UserAnswers] ([idUAnswer], [idQuestion], [idRecord], [idStudent], [userChoice], [state]) VALUES (N'7038175e-fd02-44ab-9ef8-c5a21270126c', N'4d1661bc-6ce3-4fb9-87d7-f834c79250bf', N'd29307b4-c77d-46a8-8507-daeb6e928e37', N'9e86ba70-2c80-4d57-9b1a-2251aa482442', N'4', 1)
INSERT [dbo].[UserAnswers] ([idUAnswer], [idQuestion], [idRecord], [idStudent], [userChoice], [state]) VALUES (N'6592626d-f618-47e9-95ee-c5cfe9a139b0', N'e6b039a3-fa2a-485b-a0d3-f10d091a1386', N'0dcd085c-4a3d-4dd8-be0d-6e949c71c4c3', N'e7cb3e86-fb46-4939-bee2-df8ac03bf142', N'3', 0)
INSERT [dbo].[UserAnswers] ([idUAnswer], [idQuestion], [idRecord], [idStudent], [userChoice], [state]) VALUES (N'67fcec9e-3375-4110-b213-c78c1f224dda', N'3ab45e88-d9dc-4264-81b6-d3bc7284a098', N'a15a6df3-2c6b-46bc-a8d8-7ded00085e92', N'85e8b325-d152-4296-a060-854176f10787', N'1', 0)
INSERT [dbo].[UserAnswers] ([idUAnswer], [idQuestion], [idRecord], [idStudent], [userChoice], [state]) VALUES (N'db562c71-597d-4f4b-baba-c9cb88288fd1', N'58375f17-e8a1-4dd9-89df-68f9f4402d29', N'a15a6df3-2c6b-46bc-a8d8-7ded00085e92', N'85e8b325-d152-4296-a060-854176f10787', N'3', 0)
INSERT [dbo].[UserAnswers] ([idUAnswer], [idQuestion], [idRecord], [idStudent], [userChoice], [state]) VALUES (N'e2265924-7c03-45c0-8b4c-cb78bf25e1b1', N'fd695a05-1311-4a02-ba54-b2d24c0fd113', N'0dcd085c-4a3d-4dd8-be0d-6e949c71c4c3', N'e7cb3e86-fb46-4939-bee2-df8ac03bf142', N'3', 0)
INSERT [dbo].[UserAnswers] ([idUAnswer], [idQuestion], [idRecord], [idStudent], [userChoice], [state]) VALUES (N'362b20a3-27b0-48ae-9048-ccf2030b6a61', N'b11aaab3-6de1-48a6-a2ca-9612dc872a5a', N'54cbdd06-8d9b-40f9-bf3c-41939b123792', N'd16e24cd-55c2-40f5-96e5-24d8f6a64650', N'1', 0)
INSERT [dbo].[UserAnswers] ([idUAnswer], [idQuestion], [idRecord], [idStudent], [userChoice], [state]) VALUES (N'009ff745-8d63-4968-9944-cd1b8d359a09', N'bcb3cfc9-9ce5-4ba1-8fa9-dce508632032', N'de0a61ea-fd9f-457f-b0b8-ef9a0137c9d9', N'809de52d-b38e-4ca7-87fe-61f2ddcc41df', N'1', 1)
INSERT [dbo].[UserAnswers] ([idUAnswer], [idQuestion], [idRecord], [idStudent], [userChoice], [state]) VALUES (N'8c65a456-dc81-44de-9c1a-cf0be7dd1a9b', N'e85102ad-849f-4b3c-bdb6-18ad2b2fe91f', N'5f20f401-bcda-4715-b2de-39e01b346a42', N'9e86ba70-2c80-4d57-9b1a-2251aa482442', N'4', 0)
INSERT [dbo].[UserAnswers] ([idUAnswer], [idQuestion], [idRecord], [idStudent], [userChoice], [state]) VALUES (N'3cccf59c-7a56-42d5-b525-cf0f504892c6', N'5697dc40-1252-40e1-9e58-37ddd7b4a4de', N'54cbdd06-8d9b-40f9-bf3c-41939b123792', N'd16e24cd-55c2-40f5-96e5-24d8f6a64650', N'1', 1)
INSERT [dbo].[UserAnswers] ([idUAnswer], [idQuestion], [idRecord], [idStudent], [userChoice], [state]) VALUES (N'5afef40b-29f7-4161-8bca-cf2c8442e559', N'4d1661bc-6ce3-4fb9-87d7-f834c79250bf', N'54cbdd06-8d9b-40f9-bf3c-41939b123792', N'd16e24cd-55c2-40f5-96e5-24d8f6a64650', N'1', 0)
INSERT [dbo].[UserAnswers] ([idUAnswer], [idQuestion], [idRecord], [idStudent], [userChoice], [state]) VALUES (N'a89376b8-bbd1-474f-90b7-cf88114430fa', N'3ab45e88-d9dc-4264-81b6-d3bc7284a098', N'27248f42-3630-404f-afec-2c94370618da', N'809de52d-b38e-4ca7-87fe-61f2ddcc41df', N'1', 0)
INSERT [dbo].[UserAnswers] ([idUAnswer], [idQuestion], [idRecord], [idStudent], [userChoice], [state]) VALUES (N'56c59a7a-2e52-4d72-b173-d06a293e1b8d', N'f25a690b-0157-4060-9fda-955073a90d3d', N'0dcd085c-4a3d-4dd8-be0d-6e949c71c4c3', N'e7cb3e86-fb46-4939-bee2-df8ac03bf142', N'1', 1)
GO
INSERT [dbo].[UserAnswers] ([idUAnswer], [idQuestion], [idRecord], [idStudent], [userChoice], [state]) VALUES (N'121f6663-d7d1-4e38-a110-d24b40b470d4', N'c36533c1-de88-4d56-8c66-3d7c5bfd6f85', N'54cbdd06-8d9b-40f9-bf3c-41939b123792', N'd16e24cd-55c2-40f5-96e5-24d8f6a64650', N'1', 0)
INSERT [dbo].[UserAnswers] ([idUAnswer], [idQuestion], [idRecord], [idStudent], [userChoice], [state]) VALUES (N'3fad4ef1-2e64-434e-9926-d3405d76a8c9', N'5697dc40-1252-40e1-9e58-37ddd7b4a4de', N'de0a61ea-fd9f-457f-b0b8-ef9a0137c9d9', N'809de52d-b38e-4ca7-87fe-61f2ddcc41df', N'1', 1)
INSERT [dbo].[UserAnswers] ([idUAnswer], [idQuestion], [idRecord], [idStudent], [userChoice], [state]) VALUES (N'79aecbac-552b-45b1-8296-d3a63fc68547', N'612c93e7-c842-465b-bab9-5d841c07d310', N'5f20f401-bcda-4715-b2de-39e01b346a42', N'9e86ba70-2c80-4d57-9b1a-2251aa482442', N'1', 1)
INSERT [dbo].[UserAnswers] ([idUAnswer], [idQuestion], [idRecord], [idStudent], [userChoice], [state]) VALUES (N'0d283f35-832b-48bb-adce-d42062dd670b', N'45f66bbd-e6a2-41f4-8ae9-3cba4e7b9b55', N'54cbdd06-8d9b-40f9-bf3c-41939b123792', N'd16e24cd-55c2-40f5-96e5-24d8f6a64650', N'1', 0)
INSERT [dbo].[UserAnswers] ([idUAnswer], [idQuestion], [idRecord], [idStudent], [userChoice], [state]) VALUES (N'0ad09b2a-8db8-451f-9cc6-d465bcdb8bf5', N'8114b622-fb30-4261-8537-fb65b9fed72f', N'6a370f5e-db9f-493e-ac73-31755093dfe9', N'85e8b325-d152-4296-a060-854176f10787', N'1', 1)
INSERT [dbo].[UserAnswers] ([idUAnswer], [idQuestion], [idRecord], [idStudent], [userChoice], [state]) VALUES (N'1ad921dd-38a7-4974-8b7e-d66e64c21407', N'784b09fc-16fe-4bc6-aa3e-685f3b5ff282', N'6a370f5e-db9f-493e-ac73-31755093dfe9', N'85e8b325-d152-4296-a060-854176f10787', N'1', 0)
INSERT [dbo].[UserAnswers] ([idUAnswer], [idQuestion], [idRecord], [idStudent], [userChoice], [state]) VALUES (N'eb002975-a52c-4b22-a5a8-d6b49dd5abeb', N'e6b039a3-fa2a-485b-a0d3-f10d091a1386', N'6a370f5e-db9f-493e-ac73-31755093dfe9', N'85e8b325-d152-4296-a060-854176f10787', N'4', 0)
INSERT [dbo].[UserAnswers] ([idUAnswer], [idQuestion], [idRecord], [idStudent], [userChoice], [state]) VALUES (N'c4525c54-2475-4228-a528-d90ba0f2c0ff', N'c4f80da8-d990-4af7-a0ba-a56b432bd2ea', N'a15a6df3-2c6b-46bc-a8d8-7ded00085e92', N'85e8b325-d152-4296-a060-854176f10787', N'1', 0)
INSERT [dbo].[UserAnswers] ([idUAnswer], [idQuestion], [idRecord], [idStudent], [userChoice], [state]) VALUES (N'4153d9b8-2f09-4a75-ae34-d91ff3c82a8e', N'bcb3cfc9-9ce5-4ba1-8fa9-dce508632032', N'ce047788-76ae-449b-8802-7382b1be2f91', N'4fc74c3a-afae-4a88-b3b9-ebde46e07d62', N'4', 0)
INSERT [dbo].[UserAnswers] ([idUAnswer], [idQuestion], [idRecord], [idStudent], [userChoice], [state]) VALUES (N'c0bddf45-d51b-412b-8d7e-d9fd58285b12', N'b6cb4b12-46b9-401f-ae0d-54fa1b3e1862', N'6a370f5e-db9f-493e-ac73-31755093dfe9', N'85e8b325-d152-4296-a060-854176f10787', N'3', 0)
INSERT [dbo].[UserAnswers] ([idUAnswer], [idQuestion], [idRecord], [idStudent], [userChoice], [state]) VALUES (N'b6564f44-7626-413f-8fe7-da2227d84aeb', N'c8b27f89-b1a8-49d2-9c56-8717fefff6a8', N'1b949ac9-1168-450b-aa4d-c0116d800ea8', N'85e8b325-d152-4296-a060-854176f10787', N'4', 0)
INSERT [dbo].[UserAnswers] ([idUAnswer], [idQuestion], [idRecord], [idStudent], [userChoice], [state]) VALUES (N'8a5b84f1-4491-4081-913e-da58dea2ebad', N'1f1128ce-b690-4280-8ee2-1c13796a042b', N'a15a6df3-2c6b-46bc-a8d8-7ded00085e92', N'85e8b325-d152-4296-a060-854176f10787', N'4', 1)
INSERT [dbo].[UserAnswers] ([idUAnswer], [idQuestion], [idRecord], [idStudent], [userChoice], [state]) VALUES (N'a3514358-7951-4986-bffb-dc9e9e493827', N'180cc4cb-662c-4339-9b2f-ae4894ffe93c', N'5f20f401-bcda-4715-b2de-39e01b346a42', N'9e86ba70-2c80-4d57-9b1a-2251aa482442', N'2', 0)
INSERT [dbo].[UserAnswers] ([idUAnswer], [idQuestion], [idRecord], [idStudent], [userChoice], [state]) VALUES (N'3af979ee-e5e6-4f88-99bd-dcc9b10a24ea', N'e6b039a3-fa2a-485b-a0d3-f10d091a1386', N'5f20f401-bcda-4715-b2de-39e01b346a42', N'9e86ba70-2c80-4d57-9b1a-2251aa482442', N'1', 0)
INSERT [dbo].[UserAnswers] ([idUAnswer], [idQuestion], [idRecord], [idStudent], [userChoice], [state]) VALUES (N'f12e87c8-1265-4297-b0ac-dea7df21626a', N'3ab45e88-d9dc-4264-81b6-d3bc7284a098', N'1b949ac9-1168-450b-aa4d-c0116d800ea8', N'85e8b325-d152-4296-a060-854176f10787', N'3', 0)
INSERT [dbo].[UserAnswers] ([idUAnswer], [idQuestion], [idRecord], [idStudent], [userChoice], [state]) VALUES (N'029de21e-da26-4429-98f3-df847be714e6', N'bcb3cfc9-9ce5-4ba1-8fa9-dce508632032', N'54cbdd06-8d9b-40f9-bf3c-41939b123792', N'd16e24cd-55c2-40f5-96e5-24d8f6a64650', N'1', 1)
INSERT [dbo].[UserAnswers] ([idUAnswer], [idQuestion], [idRecord], [idStudent], [userChoice], [state]) VALUES (N'537b7f5a-a9fb-4516-a027-e12dcb93190a', N'20ab8f50-79eb-48ff-b784-fd1d98de1ce4', N'a15a6df3-2c6b-46bc-a8d8-7ded00085e92', N'85e8b325-d152-4296-a060-854176f10787', N'1', 0)
INSERT [dbo].[UserAnswers] ([idUAnswer], [idQuestion], [idRecord], [idStudent], [userChoice], [state]) VALUES (N'801fd023-556f-45d4-9983-e1e590c19be2', N'1ad2f2f9-1067-4509-83ce-c58fefac844c', N'6a370f5e-db9f-493e-ac73-31755093dfe9', N'85e8b325-d152-4296-a060-854176f10787', N'1', 0)
INSERT [dbo].[UserAnswers] ([idUAnswer], [idQuestion], [idRecord], [idStudent], [userChoice], [state]) VALUES (N'dda9fdde-70b2-44fb-8f09-e28be4fbf99d', N'db0947b4-0088-44d3-875d-15240d2e8d9d', N'6a370f5e-db9f-493e-ac73-31755093dfe9', N'85e8b325-d152-4296-a060-854176f10787', N'1', 0)
INSERT [dbo].[UserAnswers] ([idUAnswer], [idQuestion], [idRecord], [idStudent], [userChoice], [state]) VALUES (N'29e2f855-4972-473e-825f-e2a79c0a817f', N'bcb3cfc9-9ce5-4ba1-8fa9-dce508632032', N'5f20f401-bcda-4715-b2de-39e01b346a42', N'9e86ba70-2c80-4d57-9b1a-2251aa482442', N'4', 0)
INSERT [dbo].[UserAnswers] ([idUAnswer], [idQuestion], [idRecord], [idStudent], [userChoice], [state]) VALUES (N'12772c02-0869-467e-93ce-e2dfabde19ec', N'fd695a05-1311-4a02-ba54-b2d24c0fd113', N'd29307b4-c77d-46a8-8507-daeb6e928e37', N'9e86ba70-2c80-4d57-9b1a-2251aa482442', N'1', 0)
INSERT [dbo].[UserAnswers] ([idUAnswer], [idQuestion], [idRecord], [idStudent], [userChoice], [state]) VALUES (N'0bc8519f-6d84-45a7-a836-e445280003a7', N'8832a138-650a-4c03-b532-4065f306d81a', N'd29307b4-c77d-46a8-8507-daeb6e928e37', N'9e86ba70-2c80-4d57-9b1a-2251aa482442', N'2', 0)
INSERT [dbo].[UserAnswers] ([idUAnswer], [idQuestion], [idRecord], [idStudent], [userChoice], [state]) VALUES (N'dda478c0-ec71-4aea-b284-e5cbf2c26b73', N'8832a138-650a-4c03-b532-4065f306d81a', N'0dcd085c-4a3d-4dd8-be0d-6e949c71c4c3', N'e7cb3e86-fb46-4939-bee2-df8ac03bf142', N'2', 0)
INSERT [dbo].[UserAnswers] ([idUAnswer], [idQuestion], [idRecord], [idStudent], [userChoice], [state]) VALUES (N'068eb176-e9e4-483f-86fd-e5da31bc1b5a', N'7b129c34-bd0d-431d-aaf2-44bc6debc8b9', N'5f20f401-bcda-4715-b2de-39e01b346a42', N'9e86ba70-2c80-4d57-9b1a-2251aa482442', N'1', 0)
INSERT [dbo].[UserAnswers] ([idUAnswer], [idQuestion], [idRecord], [idStudent], [userChoice], [state]) VALUES (N'afea8811-636b-4b66-9248-e6188075a7d6', N'180cc4cb-662c-4339-9b2f-ae4894ffe93c', N'd29307b4-c77d-46a8-8507-daeb6e928e37', N'9e86ba70-2c80-4d57-9b1a-2251aa482442', N'4', 0)
INSERT [dbo].[UserAnswers] ([idUAnswer], [idQuestion], [idRecord], [idStudent], [userChoice], [state]) VALUES (N'dfe3dfdc-ae53-4fe7-b78b-e7fb260cdff6', N'11fa3506-96a3-4ec2-b719-c55ad1dab013', N'54cbdd06-8d9b-40f9-bf3c-41939b123792', N'd16e24cd-55c2-40f5-96e5-24d8f6a64650', N'1', 1)
INSERT [dbo].[UserAnswers] ([idUAnswer], [idQuestion], [idRecord], [idStudent], [userChoice], [state]) VALUES (N'd77eaa8e-40ea-4c11-ad28-e867a3a0fc81', N'54df5f08-837d-400d-aa63-88eecc002d6a', N'6a370f5e-db9f-493e-ac73-31755093dfe9', N'85e8b325-d152-4296-a060-854176f10787', N'1', 0)
INSERT [dbo].[UserAnswers] ([idUAnswer], [idQuestion], [idRecord], [idStudent], [userChoice], [state]) VALUES (N'ccf462af-1ed4-4ce7-bec2-ea437395c30c', N'b6cb4b12-46b9-401f-ae0d-54fa1b3e1862', N'ce047788-76ae-449b-8802-7382b1be2f91', N'4fc74c3a-afae-4a88-b3b9-ebde46e07d62', N'1', 0)
INSERT [dbo].[UserAnswers] ([idUAnswer], [idQuestion], [idRecord], [idStudent], [userChoice], [state]) VALUES (N'44cfca91-fdae-47e0-ba1e-eb8c37cd4059', N'c4f80da8-d990-4af7-a0ba-a56b432bd2ea', N'6a370f5e-db9f-493e-ac73-31755093dfe9', N'85e8b325-d152-4296-a060-854176f10787', N'1', 0)
INSERT [dbo].[UserAnswers] ([idUAnswer], [idQuestion], [idRecord], [idStudent], [userChoice], [state]) VALUES (N'14c53b6f-5249-44a5-8372-ef8f44bf152a', N'e2f91d97-be37-4b9d-84e7-a3b16db1485c', N'54cbdd06-8d9b-40f9-bf3c-41939b123792', N'd16e24cd-55c2-40f5-96e5-24d8f6a64650', N'1', 0)
INSERT [dbo].[UserAnswers] ([idUAnswer], [idQuestion], [idRecord], [idStudent], [userChoice], [state]) VALUES (N'bbfb268c-c975-4e8a-ab73-f105a41f9148', N'f25a690b-0157-4060-9fda-955073a90d3d', N'27248f42-3630-404f-afec-2c94370618da', N'809de52d-b38e-4ca7-87fe-61f2ddcc41df', N'1', 1)
INSERT [dbo].[UserAnswers] ([idUAnswer], [idQuestion], [idRecord], [idStudent], [userChoice], [state]) VALUES (N'92658983-bd95-4ea0-80a3-f1b6cd28fcc1', N'5697dc40-1252-40e1-9e58-37ddd7b4a4de', N'a15a6df3-2c6b-46bc-a8d8-7ded00085e92', N'85e8b325-d152-4296-a060-854176f10787', N'2', 0)
INSERT [dbo].[UserAnswers] ([idUAnswer], [idQuestion], [idRecord], [idStudent], [userChoice], [state]) VALUES (N'25e1ed4d-d4f9-46c5-8935-f33d5c19091a', N'3ab45e88-d9dc-4264-81b6-d3bc7284a098', N'd29307b4-c77d-46a8-8507-daeb6e928e37', N'9e86ba70-2c80-4d57-9b1a-2251aa482442', N'4', 1)
INSERT [dbo].[UserAnswers] ([idUAnswer], [idQuestion], [idRecord], [idStudent], [userChoice], [state]) VALUES (N'2a861736-2e8f-4de8-9cdb-f3e9bccfa380', N'fd695a05-1311-4a02-ba54-b2d24c0fd113', N'54cbdd06-8d9b-40f9-bf3c-41939b123792', N'd16e24cd-55c2-40f5-96e5-24d8f6a64650', N'1', 0)
INSERT [dbo].[UserAnswers] ([idUAnswer], [idQuestion], [idRecord], [idStudent], [userChoice], [state]) VALUES (N'd5fc8083-b5ab-4978-8b93-f4733ac0f317', N'4d1661bc-6ce3-4fb9-87d7-f834c79250bf', N'5f20f401-bcda-4715-b2de-39e01b346a42', N'9e86ba70-2c80-4d57-9b1a-2251aa482442', N'4', 1)
INSERT [dbo].[UserAnswers] ([idUAnswer], [idQuestion], [idRecord], [idStudent], [userChoice], [state]) VALUES (N'9eab64a6-9fc3-4745-93d6-f5dea88f031b', N'8114b622-fb30-4261-8537-fb65b9fed72f', N'54cbdd06-8d9b-40f9-bf3c-41939b123792', N'd16e24cd-55c2-40f5-96e5-24d8f6a64650', N'1', 1)
INSERT [dbo].[UserAnswers] ([idUAnswer], [idQuestion], [idRecord], [idStudent], [userChoice], [state]) VALUES (N'6e4e8f5b-25a9-410d-aede-f6d8a9bcbfe5', N'5697dc40-1252-40e1-9e58-37ddd7b4a4de', N'3ccdff16-b789-413a-b616-d225edd24369', N'809de52d-b38e-4ca7-87fe-61f2ddcc41df', N'1', 1)
INSERT [dbo].[UserAnswers] ([idUAnswer], [idQuestion], [idRecord], [idStudent], [userChoice], [state]) VALUES (N'373ec20e-3ba5-49a6-8a9f-f73f5442d395', N'7749550b-df52-4771-bccb-af4af6492e5c', N'6a370f5e-db9f-493e-ac73-31755093dfe9', N'85e8b325-d152-4296-a060-854176f10787', N'1', 0)
INSERT [dbo].[UserAnswers] ([idUAnswer], [idQuestion], [idRecord], [idStudent], [userChoice], [state]) VALUES (N'5a382560-1b1c-4bb0-a13a-f8467226ec6d', N'bcb3cfc9-9ce5-4ba1-8fa9-dce508632032', N'9f76e940-68f5-45a1-91ab-f8f2704b6076', N'85e8b325-d152-4296-a060-854176f10787', N'4', 0)
INSERT [dbo].[UserAnswers] ([idUAnswer], [idQuestion], [idRecord], [idStudent], [userChoice], [state]) VALUES (N'93ad676a-d7c5-45e7-b1ed-f92f8934b5f2', N'b11aaab3-6de1-48a6-a2ca-9612dc872a5a', N'a15a6df3-2c6b-46bc-a8d8-7ded00085e92', N'85e8b325-d152-4296-a060-854176f10787', N'3', 0)
INSERT [dbo].[UserAnswers] ([idUAnswer], [idQuestion], [idRecord], [idStudent], [userChoice], [state]) VALUES (N'f1906001-ef01-48f6-a0d5-f9906d5376e4', N'c4f80da8-d990-4af7-a0ba-a56b432bd2ea', N'54cbdd06-8d9b-40f9-bf3c-41939b123792', N'd16e24cd-55c2-40f5-96e5-24d8f6a64650', N'1', 0)
INSERT [dbo].[UserAnswers] ([idUAnswer], [idQuestion], [idRecord], [idStudent], [userChoice], [state]) VALUES (N'5b753efa-dbb2-4b65-88a6-fbe015907bdd', N'b11aaab3-6de1-48a6-a2ca-9612dc872a5a', N'1b949ac9-1168-450b-aa4d-c0116d800ea8', N'85e8b325-d152-4296-a060-854176f10787', N'1', 0)
INSERT [dbo].[UserAnswers] ([idUAnswer], [idQuestion], [idRecord], [idStudent], [userChoice], [state]) VALUES (N'3b72e287-0666-4aaa-b947-fcbc2320be3d', N'3ab45e88-d9dc-4264-81b6-d3bc7284a098', N'c4ec0998-d8aa-4774-9374-37dbad135b85', N'a8a48b84-9582-4188-b734-2fe263931c31', N'1', 0)
GO
INSERT [dbo].[VipPackages] ([idPackage], [idAdmin], [name], [description], [price], [duration]) VALUES (N'd843f5f3-ef8f-44f4-bf0f-040ef24f7355', N'0639a5b1-1011-47de-bfff-e3f1512377c4', N'Gói VIP trải nghiệm', N'Thử nghiệm tài khoản VIP', 50000, 3)
INSERT [dbo].[VipPackages] ([idPackage], [idAdmin], [name], [description], [price], [duration]) VALUES (N'c5efdd6d-a0c1-4d7a-bb83-0537cfc88a8c', N'40a2f803-373d-414b-8094-f4cb70dbd72f', N'GÓI VIP CƠ BẢN', N'Cho phép người dùng truy cập mọi tiện ích trong vòng một tháng', 10000, 1)
INSERT [dbo].[VipPackages] ([idPackage], [idAdmin], [name], [description], [price], [duration]) VALUES (N'933bdeed-d52b-4811-b075-34ecf6b25d64', N'0639a5b1-1011-47de-bfff-e3f1512377c4', N'GÓI VIP NÂNG CAO', N'Cho phép người dùng truy cập mọi tiện ích trong vòng 6 tháng', 450000, 6)
GO
INSERT [dbo].[VipStudents] ([idVipStudent], [idStudent], [vipExpire]) VALUES (N'f5b526e2-cead-482a-bc52-06d423ca4cb1', N'd16e24cd-55c2-40f5-96e5-24d8f6a64650', CAST(N'2024-04-23T20:16:45.1582487' AS DateTime2))
INSERT [dbo].[VipStudents] ([idVipStudent], [idStudent], [vipExpire]) VALUES (N'716e3b63-52b7-48b4-9337-69950dbcbbd9', N'85e8b325-d152-4296-a060-854176f10787', CAST(N'2024-07-09T20:24:43.2530982' AS DateTime2))
INSERT [dbo].[VipStudents] ([idVipStudent], [idStudent], [vipExpire]) VALUES (N'bdcf31c4-a51a-4527-82f9-aab4eda63084', N'9e86ba70-2c80-4d57-9b1a-2251aa482442', CAST(N'2024-01-17T07:44:36.6421281' AS DateTime2))
INSERT [dbo].[VipStudents] ([idVipStudent], [idStudent], [vipExpire]) VALUES (N'df52fb02-d11d-44a9-bf38-ac5772f238c1', N'584f0a2f-0b11-4846-8038-39fa365ff2c7', CAST(N'2024-06-17T13:16:46.8334003' AS DateTime2))
INSERT [dbo].[VipStudents] ([idVipStudent], [idStudent], [vipExpire]) VALUES (N'c6ddd632-cc08-4b31-80e3-e52863665c94', N'809de52d-b38e-4ca7-87fe-61f2ddcc41df', CAST(N'2025-08-16T07:09:32.7734842' AS DateTime2))
INSERT [dbo].[VipStudents] ([idVipStudent], [idStudent], [vipExpire]) VALUES (N'e1f8fa07-31a4-43db-9243-ee47c8a16702', N'e7cb3e86-fb46-4939-bee2-df8ac03bf142', CAST(N'2024-01-23T16:03:32.7095528' AS DateTime2))
GO
INSERT [dbo].[Vocabularies] ([idVoc], [idTopic], [idProfessor], [engWord], [wordType], [meaning], [pronunciation]) VALUES (N'8d01df7a-6c2a-4e38-b0fb-000119384181', N'd1210dee-26e2-44da-a220-351ef47cde18', N'df2b3fc0-0a65-416f-aff9-073e53ffcaac', N'Subject', N'noun', N'môn học', N'/ˈsʌbʤɪkt/')
INSERT [dbo].[Vocabularies] ([idVoc], [idTopic], [idProfessor], [engWord], [wordType], [meaning], [pronunciation]) VALUES (N'f2cddc7d-44c7-4d44-b7c4-0107973f14f3', N'bce9032e-0bb5-4e2f-bd9b-31c8ae444a52', N'df2b3fc0-0a65-416f-aff9-073e53ffcaac', N'Explore', N'verb', N'đi thám hiểm', N'/ɪksˈplɔ/')
INSERT [dbo].[Vocabularies] ([idVoc], [idTopic], [idProfessor], [engWord], [wordType], [meaning], [pronunciation]) VALUES (N'e9bc29d5-c5c1-4e0e-bcc8-01dc8a78a951', N'972aa447-28b3-4f97-b86c-0cb1f200372d', N'df2b3fc0-0a65-416f-aff9-073e53ffcaac', N'Porridge', N'noun', N'cháo', N'/ˈpɒrɪdʒ/')
INSERT [dbo].[Vocabularies] ([idVoc], [idTopic], [idProfessor], [engWord], [wordType], [meaning], [pronunciation]) VALUES (N'c044a49c-db7d-4495-96ff-02b8e341e0ba', N'fdc85a13-60ec-4164-9922-3929b0dd0c22', N'df2b3fc0-0a65-416f-aff9-073e53ffcaac', N'Poet', N'noun', N'nhà thơ, thi sĩ', N'/ˈpoʊət/')
INSERT [dbo].[Vocabularies] ([idVoc], [idTopic], [idProfessor], [engWord], [wordType], [meaning], [pronunciation]) VALUES (N'fe917f1f-68a4-41e2-90c9-02be849af6fa', N'fdc85a13-60ec-4164-9922-3929b0dd0c22', N'df2b3fc0-0a65-416f-aff9-073e53ffcaac', N'Culture', N'noun', N'văn hóa', N'/ˈkʌlʧər/')
INSERT [dbo].[Vocabularies] ([idVoc], [idTopic], [idProfessor], [engWord], [wordType], [meaning], [pronunciation]) VALUES (N'e269c2ed-d347-40e8-9b46-035ed5dcccac', N'97ecf8d6-0569-4bee-82d1-5ef7a8ea5a78', N'df2b3fc0-0a65-416f-aff9-073e53ffcaac', N'Holding company', N'noun', N'Công ty mẹ', N'/ˈhəʊldɪŋ ˈkʌmpəni/')
INSERT [dbo].[Vocabularies] ([idVoc], [idTopic], [idProfessor], [engWord], [wordType], [meaning], [pronunciation]) VALUES (N'0583b735-f8ec-4538-a9a5-0467bd77fdcb', N'46ec0e4f-a022-47d9-b1a3-9a7b4da3cfe2', N'df2b3fc0-0a65-416f-aff9-073e53ffcaac', N'Fitting room', N'noun', N'phòng thử đồ', N'/’fɪtɪŋ/ /rum/')
INSERT [dbo].[Vocabularies] ([idVoc], [idTopic], [idProfessor], [engWord], [wordType], [meaning], [pronunciation]) VALUES (N'3c863931-f995-4584-98bc-050e30d71a1f', N'fdc85a13-60ec-4164-9922-3929b0dd0c22', N'df2b3fc0-0a65-416f-aff9-073e53ffcaac', N'Author', N'noun', N'tác giả', N'/ˈɔθər/')
INSERT [dbo].[Vocabularies] ([idVoc], [idTopic], [idProfessor], [engWord], [wordType], [meaning], [pronunciation]) VALUES (N'8d2ecb90-e742-4f5c-aed0-05df02d18818', N'721f82eb-6a13-4de1-a115-460531510c7c', N'df2b3fc0-0a65-416f-aff9-073e53ffcaac', N'Wife', N'noun', N'vợ', N'/waɪf/')
INSERT [dbo].[Vocabularies] ([idVoc], [idTopic], [idProfessor], [engWord], [wordType], [meaning], [pronunciation]) VALUES (N'598f10a1-72c6-46af-ac5f-061b169b0d9c', N'f62f918e-5ba9-4aef-9844-b646532e3e80', N'df2b3fc0-0a65-416f-aff9-073e53ffcaac', N'Body', N'noun', N'cơ thể', N'/ˈbɑdi/')
INSERT [dbo].[Vocabularies] ([idVoc], [idTopic], [idProfessor], [engWord], [wordType], [meaning], [pronunciation]) VALUES (N'4bf56d4b-cfc7-45a7-ac7c-063d8fcd6a68', N'972aa447-28b3-4f97-b86c-0cb1f200372d', N'df2b3fc0-0a65-416f-aff9-073e53ffcaac', N'Dumplings', N'noun', N'bánh bao hấp', N'/ˈdʌmplɪŋ/')
INSERT [dbo].[Vocabularies] ([idVoc], [idTopic], [idProfessor], [engWord], [wordType], [meaning], [pronunciation]) VALUES (N'08369114-6f48-4a48-97a0-064c05557532', N'a3ec4f2e-e8f7-477d-b3bb-299b258419bd', N'df2b3fc0-0a65-416f-aff9-073e53ffcaac', N'Sign up', N'noun', N'đăng ký', N'up /saɪn ʌp/')
INSERT [dbo].[Vocabularies] ([idVoc], [idTopic], [idProfessor], [engWord], [wordType], [meaning], [pronunciation]) VALUES (N'2a60b63c-41f4-4fd9-8cc6-065b7204c744', N'd1210dee-26e2-44da-a220-351ef47cde18', N'df2b3fc0-0a65-416f-aff9-073e53ffcaac', N'Physics', N'noun', N'môn vật lý', N'/ˈfɪzɪks/')
INSERT [dbo].[Vocabularies] ([idVoc], [idTopic], [idProfessor], [engWord], [wordType], [meaning], [pronunciation]) VALUES (N'a2d397b6-eec4-49b0-b691-067817505d48', N'972aa447-28b3-4f97-b86c-0cb1f200372d', N'df2b3fc0-0a65-416f-aff9-073e53ffcaac', N'Sole', N'noun', N'cá bơn', N'/səʊl/')
INSERT [dbo].[Vocabularies] ([idVoc], [idTopic], [idProfessor], [engWord], [wordType], [meaning], [pronunciation]) VALUES (N'4066f27e-25b7-4952-ad78-0885d2eb267b', N'f62f918e-5ba9-4aef-9844-b646532e3e80', N'df2b3fc0-0a65-416f-aff9-073e53ffcaac', N'Arm', N'noun', N'cánh tay', N'/ɑrm/')
INSERT [dbo].[Vocabularies] ([idVoc], [idTopic], [idProfessor], [engWord], [wordType], [meaning], [pronunciation]) VALUES (N'f3544fc9-13d2-4ebf-9544-09b0419b8543', N'd4d3a504-209d-40c8-9124-002b48d82035', N'df2b3fc0-0a65-416f-aff9-073e53ffcaac', N'Quiet', N'adj', N'im lặng, trầm tính', N'/ˈkwaɪət/')
INSERT [dbo].[Vocabularies] ([idVoc], [idTopic], [idProfessor], [engWord], [wordType], [meaning], [pronunciation]) VALUES (N'0f156af7-cabd-435d-8fcd-09cfd147d04f', N'd1210dee-26e2-44da-a220-351ef47cde18', N'df2b3fc0-0a65-416f-aff9-073e53ffcaac', N'Chalk', N'noun', N'phấn viết bảng', N'/ʧɔːk/')
INSERT [dbo].[Vocabularies] ([idVoc], [idTopic], [idProfessor], [engWord], [wordType], [meaning], [pronunciation]) VALUES (N'6ddf079f-39fd-41dc-8bbe-0a38fa9d2257', N'd1210dee-26e2-44da-a220-351ef47cde18', N'df2b3fc0-0a65-416f-aff9-073e53ffcaac', N'Backpack', N'noun', N'cặp sách', N'/ˈbækˌpæk/')
INSERT [dbo].[Vocabularies] ([idVoc], [idTopic], [idProfessor], [engWord], [wordType], [meaning], [pronunciation]) VALUES (N'fcf6bfba-fa98-458f-b79e-0a540503bc73', N'bce41039-a78d-4298-8f50-4224340cd0b9', N'df2b3fc0-0a65-416f-aff9-073e53ffcaac', N'Hot chocolate', N'noun', N'sô cô la nóng', N'/hɒt ˈʧɒkəlɪt/')
INSERT [dbo].[Vocabularies] ([idVoc], [idTopic], [idProfessor], [engWord], [wordType], [meaning], [pronunciation]) VALUES (N'3fc96c82-8a07-4985-87f6-0a8394f03d43', N'46ec0e4f-a022-47d9-b1a3-9a7b4da3cfe2', N'df2b3fc0-0a65-416f-aff9-073e53ffcaac', N'Complaint', N'verb', N'phàn nàn', N'/kəmˈpleɪnt/')
INSERT [dbo].[Vocabularies] ([idVoc], [idTopic], [idProfessor], [engWord], [wordType], [meaning], [pronunciation]) VALUES (N'82c3a01d-1a69-4f55-a82e-0afd60607da4', N'97ecf8d6-0569-4bee-82d1-5ef7a8ea5a78', N'df2b3fc0-0a65-416f-aff9-073e53ffcaac', N'Corporation', N'noun', N'Tập đoàn', N'/kɔːpəˈreɪʃn/')
INSERT [dbo].[Vocabularies] ([idVoc], [idTopic], [idProfessor], [engWord], [wordType], [meaning], [pronunciation]) VALUES (N'43745615-1b68-419f-bfcc-0b3decf8e21c', N'a413d1b1-8dce-4b21-ae82-3616de156806', N'df2b3fc0-0a65-416f-aff9-073e53ffcaac', N'White', N'adj', N'màu trắng', N'/waɪt/')
INSERT [dbo].[Vocabularies] ([idVoc], [idTopic], [idProfessor], [engWord], [wordType], [meaning], [pronunciation]) VALUES (N'a2b7db2b-9fda-488d-885b-0ce48d30bc22', N'bce9032e-0bb5-4e2f-bd9b-31c8ae444a52', N'df2b3fc0-0a65-416f-aff9-073e53ffcaac', N'Chat with friends', N'verb', N'tán gẫu với bạn bè', N'/ʧæt wɪð frɛndz/')
INSERT [dbo].[Vocabularies] ([idVoc], [idTopic], [idProfessor], [engWord], [wordType], [meaning], [pronunciation]) VALUES (N'8005bc06-bf52-4ed0-8f14-0d47dfde71f1', N'16e9e5ff-df19-432f-bfe0-a2f1cc3716e2', N'df2b3fc0-0a65-416f-aff9-073e53ffcaac', N'Happy', N'adj', N'vui vẻ, hạnh phúc', N'/ˈhæpi/')
INSERT [dbo].[Vocabularies] ([idVoc], [idTopic], [idProfessor], [engWord], [wordType], [meaning], [pronunciation]) VALUES (N'cfbec25d-11b8-4f66-866a-0d8ded331b71', N'721f82eb-6a13-4de1-a115-460531510c7c', N'df2b3fc0-0a65-416f-aff9-073e53ffcaac', N'Daughter-in-law', N'noun', N'con dâu', N'/ˈdɔt̮ər ɪn lɔ/')
INSERT [dbo].[Vocabularies] ([idVoc], [idTopic], [idProfessor], [engWord], [wordType], [meaning], [pronunciation]) VALUES (N'b0d542ea-0d1b-410d-8f62-0ec186d11ce0', N'1061d61d-d0cc-4123-ba65-607586d3607a', N'df2b3fc0-0a65-416f-aff9-073e53ffcaac', N'Broadcast', N'verb', N'phát sóng; (n) chương trình phát sóng', N'/ˈbrɔdˌkæst/')
INSERT [dbo].[Vocabularies] ([idVoc], [idTopic], [idProfessor], [engWord], [wordType], [meaning], [pronunciation]) VALUES (N'98275483-30fb-494e-91b8-0ff1f9f5bfc9', N'fdc85a13-60ec-4164-9922-3929b0dd0c22', N'df2b3fc0-0a65-416f-aff9-073e53ffcaac', N'Applaud', N'verb', N'vỗ tay, tán thưởng', N'/əˈplɔd/')
INSERT [dbo].[Vocabularies] ([idVoc], [idTopic], [idProfessor], [engWord], [wordType], [meaning], [pronunciation]) VALUES (N'dac04c58-ddf5-44bf-8cc1-1030c6dc83f8', N'fdc85a13-60ec-4164-9922-3929b0dd0c22', N'df2b3fc0-0a65-416f-aff9-073e53ffcaac', N'Clap', N'verb', N'vỗ tay', N'/klæp/')
INSERT [dbo].[Vocabularies] ([idVoc], [idTopic], [idProfessor], [engWord], [wordType], [meaning], [pronunciation]) VALUES (N'726c5768-08b8-4166-b4ad-1055eed28816', N'bce9032e-0bb5-4e2f-bd9b-31c8ae444a52', N'df2b3fc0-0a65-416f-aff9-073e53ffcaac', N'Read books', N'verb', N'đọc sách', N'/riːd bʊks/')
INSERT [dbo].[Vocabularies] ([idVoc], [idTopic], [idProfessor], [engWord], [wordType], [meaning], [pronunciation]) VALUES (N'9f7204da-298d-400f-b0d8-105cd7a9e7b3', N'd1210dee-26e2-44da-a220-351ef47cde18', N'df2b3fc0-0a65-416f-aff9-073e53ffcaac', N'History', N'noun', N'môn lịch sử', N'/ˈhɪstəri/')
INSERT [dbo].[Vocabularies] ([idVoc], [idTopic], [idProfessor], [engWord], [wordType], [meaning], [pronunciation]) VALUES (N'aeed4a30-5e4c-473e-99ec-10fc292f08a7', N'd4d3a504-209d-40c8-9124-002b48d82035', N'df2b3fc0-0a65-416f-aff9-073e53ffcaac', N'Selfish', N'adj', N'ích kỷ', N'/ˈsɛlfɪʃ/')
INSERT [dbo].[Vocabularies] ([idVoc], [idTopic], [idProfessor], [engWord], [wordType], [meaning], [pronunciation]) VALUES (N'06683d36-f162-45b2-a2c9-112afd1581b2', N'16e9e5ff-df19-432f-bfe0-a2f1cc3716e2', N'df2b3fc0-0a65-416f-aff9-073e53ffcaac', N'Disappointed', N'adj', N'thất vọng', N'/ˌdɪsəˈpɔɪntɪd/')
INSERT [dbo].[Vocabularies] ([idVoc], [idTopic], [idProfessor], [engWord], [wordType], [meaning], [pronunciation]) VALUES (N'038d7092-9c16-4b74-8885-11378acf65a1', N'bce41039-a78d-4298-8f50-4224340cd0b9', N'df2b3fc0-0a65-416f-aff9-073e53ffcaac', N'Cocoa', N'noun', N'ca cao', N'/ˈkəʊkəʊ')
INSERT [dbo].[Vocabularies] ([idVoc], [idTopic], [idProfessor], [engWord], [wordType], [meaning], [pronunciation]) VALUES (N'3589492d-e00d-41ea-a5d2-1139439d1034', N'1061d61d-d0cc-4123-ba65-607586d3607a', N'df2b3fc0-0a65-416f-aff9-073e53ffcaac', N'Subtitle', N'noun', N'phụ đề', N'/ˈsʌbˌtaɪtəl/')
INSERT [dbo].[Vocabularies] ([idVoc], [idTopic], [idProfessor], [engWord], [wordType], [meaning], [pronunciation]) VALUES (N'd542d134-3609-420e-b0a5-118e815c94b1', N'f62f918e-5ba9-4aef-9844-b646532e3e80', N'df2b3fc0-0a65-416f-aff9-073e53ffcaac', N'Eye', N'noun', N'mắt', N'/aɪ/')
INSERT [dbo].[Vocabularies] ([idVoc], [idTopic], [idProfessor], [engWord], [wordType], [meaning], [pronunciation]) VALUES (N'c32cdc3d-0ea9-499a-b31d-11a7ccf3e57c', N'2e10c0fb-82e8-4c5b-a567-8758238aa13a', N'df2b3fc0-0a65-416f-aff9-073e53ffcaac', N'Groundwater', N'noun', N'nước ngầm', N'/ˈɡraʊndwɔːtər/')
INSERT [dbo].[Vocabularies] ([idVoc], [idTopic], [idProfessor], [engWord], [wordType], [meaning], [pronunciation]) VALUES (N'11f0a2f9-98cf-4b5c-ac97-121142b432d1', N'a413d1b1-8dce-4b21-ae82-3616de156806', N'df2b3fc0-0a65-416f-aff9-073e53ffcaac', N'Purple', N'adj', N'màu tím', N'/ˈpɜː(ɹ).pəl/')
INSERT [dbo].[Vocabularies] ([idVoc], [idTopic], [idProfessor], [engWord], [wordType], [meaning], [pronunciation]) VALUES (N'f0fa9817-131f-46b5-a448-1223bd7de80b', N'bce9032e-0bb5-4e2f-bd9b-31c8ae444a52', N'df2b3fc0-0a65-416f-aff9-073e53ffcaac', N'Build things', N'verb', N'chơi xếp hình', N'/bɪld θɪŋz/')
INSERT [dbo].[Vocabularies] ([idVoc], [idTopic], [idProfessor], [engWord], [wordType], [meaning], [pronunciation]) VALUES (N'c91f9b60-64da-43be-8486-126e95c2ea57', N'9d446d63-8055-4802-a831-c2b9cce62d21', N'df2b3fc0-0a65-416f-aff9-073e53ffcaac', N'Lovely', N'adj', N'đáng yêu', N'/ˈlʌvli/')
INSERT [dbo].[Vocabularies] ([idVoc], [idTopic], [idProfessor], [engWord], [wordType], [meaning], [pronunciation]) VALUES (N'c49007bf-9d1c-461d-af3c-12914221e6de', N'54c6e232-c588-483e-82e1-b91e1b24c294', N'df2b3fc0-0a65-416f-aff9-073e53ffcaac', N'Message', N'noun', N'tin nhắn', N'/ˈmɛsəʤ/')
INSERT [dbo].[Vocabularies] ([idVoc], [idTopic], [idProfessor], [engWord], [wordType], [meaning], [pronunciation]) VALUES (N'ef223e70-42ea-4aef-bbb4-12be31b26731', N'972aa447-28b3-4f97-b86c-0cb1f200372d', N'df2b3fc0-0a65-416f-aff9-073e53ffcaac', N'Roasted duck', N'noun', N'vịt nướng', N'/roʊstəd dʌk/')
INSERT [dbo].[Vocabularies] ([idVoc], [idTopic], [idProfessor], [engWord], [wordType], [meaning], [pronunciation]) VALUES (N'bf568f3e-bc0f-46fd-a14e-12d9d955d596', N'd4d3a504-209d-40c8-9124-002b48d82035', N'df2b3fc0-0a65-416f-aff9-073e53ffcaac', N'Brave', N'adj', N'can đảm, dũng cảm', N'/breɪv/')
INSERT [dbo].[Vocabularies] ([idVoc], [idTopic], [idProfessor], [engWord], [wordType], [meaning], [pronunciation]) VALUES (N'b646aa2e-12ee-4ff9-85cb-131bc2c357a3', N'721f82eb-6a13-4de1-a115-460531510c7c', N'df2b3fc0-0a65-416f-aff9-073e53ffcaac', N'Aunt', N'noun', N'bác gái/cô/dì', N'/ɑːnt/')
INSERT [dbo].[Vocabularies] ([idVoc], [idTopic], [idProfessor], [engWord], [wordType], [meaning], [pronunciation]) VALUES (N'85135a1f-fe27-453a-9151-1415e7ab3fd5', N'd4d3a504-209d-40c8-9124-002b48d82035', N'df2b3fc0-0a65-416f-aff9-073e53ffcaac', N'Lazy', N'adj', N'lười biếng', N'/ˈleɪzi/')
INSERT [dbo].[Vocabularies] ([idVoc], [idTopic], [idProfessor], [engWord], [wordType], [meaning], [pronunciation]) VALUES (N'175a1162-1c1f-485d-af89-142659bc8a8e', N'1061d61d-d0cc-4123-ba65-607586d3607a', N'df2b3fc0-0a65-416f-aff9-073e53ffcaac', N'Column', N'noun', N'chuyên mục', N'/ˈkɑləm/')
INSERT [dbo].[Vocabularies] ([idVoc], [idTopic], [idProfessor], [engWord], [wordType], [meaning], [pronunciation]) VALUES (N'f9347503-4a65-44fc-b633-146b883591cd', N'2e10c0fb-82e8-4c5b-a567-8758238aa13a', N'df2b3fc0-0a65-416f-aff9-073e53ffcaac', N'Forest fire', N'noun', N'cháy rừng', N'/ˈfɒr.ɪst ˌfaɪər/')
INSERT [dbo].[Vocabularies] ([idVoc], [idTopic], [idProfessor], [engWord], [wordType], [meaning], [pronunciation]) VALUES (N'02266dc0-f0e7-4bbd-b4ad-15306044ec19', N'972aa447-28b3-4f97-b86c-0cb1f200372d', N'df2b3fc0-0a65-416f-aff9-073e53ffcaac', N'Spaghetti', N'noun', N'mỳ Ý', N'/spəˈɡet.i/')
INSERT [dbo].[Vocabularies] ([idVoc], [idTopic], [idProfessor], [engWord], [wordType], [meaning], [pronunciation]) VALUES (N'bff626b3-55c5-4047-a991-16f879238476', N'd1210dee-26e2-44da-a220-351ef47cde18', N'df2b3fc0-0a65-416f-aff9-073e53ffcaac', N'School garden', N'noun', N'sân vườn trường', N'/skuːl ˈgɑːdn/')
INSERT [dbo].[Vocabularies] ([idVoc], [idTopic], [idProfessor], [engWord], [wordType], [meaning], [pronunciation]) VALUES (N'f536dc10-0053-4e87-a5c0-171c87c5205a', N'a3ec4f2e-e8f7-477d-b3bb-299b258419bd', N'df2b3fc0-0a65-416f-aff9-073e53ffcaac', N'Speaker', N'noun', N'loa', N'/ˈspikər/')
INSERT [dbo].[Vocabularies] ([idVoc], [idTopic], [idProfessor], [engWord], [wordType], [meaning], [pronunciation]) VALUES (N'e7fc1c0f-4a48-4d06-a4cc-171f3337bd98', N'a413d1b1-8dce-4b21-ae82-3616de156806', N'df2b3fc0-0a65-416f-aff9-073e53ffcaac', N'Pink', N'adj', N'màu hồng', N'/pɪŋk/')
INSERT [dbo].[Vocabularies] ([idVoc], [idTopic], [idProfessor], [engWord], [wordType], [meaning], [pronunciation]) VALUES (N'65c21dd4-1b06-428e-be82-17f92c42095b', N'46ec0e4f-a022-47d9-b1a3-9a7b4da3cfe2', N'df2b3fc0-0a65-416f-aff9-073e53ffcaac', N'Shopping list', N'noun', N'danh sách đồ cần mua', N'/ˈʃɑːpɪŋ lɪst/')
INSERT [dbo].[Vocabularies] ([idVoc], [idTopic], [idProfessor], [engWord], [wordType], [meaning], [pronunciation]) VALUES (N'1e8afde4-f182-4de1-8bdf-18191bbd8580', N'd69daf8e-81d7-40fc-9b75-957d4822fbc4', N'df2b3fc0-0a65-416f-aff9-073e53ffcaac', N'Pinafore dress', N'noun', N'váy sát nách', N'/’pinəfɔdres/')
INSERT [dbo].[Vocabularies] ([idVoc], [idTopic], [idProfessor], [engWord], [wordType], [meaning], [pronunciation]) VALUES (N'9e9a08d3-e8f5-4fa4-b7fc-186dacd9c49b', N'9d446d63-8055-4802-a831-c2b9cce62d21', N'df2b3fc0-0a65-416f-aff9-073e53ffcaac', N'Body shape', N'noun', N'vóc dáng, thân hình', N'ˈbɑdi ʃeɪp/')
INSERT [dbo].[Vocabularies] ([idVoc], [idTopic], [idProfessor], [engWord], [wordType], [meaning], [pronunciation]) VALUES (N'e5354701-d08b-4923-adc1-189ae897e9a0', N'f62f918e-5ba9-4aef-9844-b646532e3e80', N'df2b3fc0-0a65-416f-aff9-073e53ffcaac', N'Waist', N'noun', N'vòng eo, eo', N'/weɪst/')
INSERT [dbo].[Vocabularies] ([idVoc], [idTopic], [idProfessor], [engWord], [wordType], [meaning], [pronunciation]) VALUES (N'9f68110a-4b90-48b3-b9ba-18d4701fa989', N'fdc85a13-60ec-4164-9922-3929b0dd0c22', N'df2b3fc0-0a65-416f-aff9-073e53ffcaac', N'Photographer', N'noun', N'nhiếp ảnh gia', N'/fəˈtɑgrəfər/')
INSERT [dbo].[Vocabularies] ([idVoc], [idTopic], [idProfessor], [engWord], [wordType], [meaning], [pronunciation]) VALUES (N'b3728f07-7bd7-439f-9b42-1920801e0e02', N'97ecf8d6-0569-4bee-82d1-5ef7a8ea5a78', N'df2b3fc0-0a65-416f-aff9-073e53ffcaac', N'Audit Department', N'noun', N'Phòng Kiểm toán', N'/‘ɔ:dit dɪˈpɑːrt.mənt/')
INSERT [dbo].[Vocabularies] ([idVoc], [idTopic], [idProfessor], [engWord], [wordType], [meaning], [pronunciation]) VALUES (N'e1c61a4b-cd26-43dc-a88e-19d795b7c4a7', N'd4d3a504-209d-40c8-9124-002b48d82035', N'df2b3fc0-0a65-416f-aff9-073e53ffcaac', N'Hard-working', N'adj', N'siêng năng, chăm chỉ', N'/hɑrd-ˈwɜrkɪŋ/')
INSERT [dbo].[Vocabularies] ([idVoc], [idTopic], [idProfessor], [engWord], [wordType], [meaning], [pronunciation]) VALUES (N'41aaf642-e05a-4397-bfd6-1a41f4abf00d', N'd1210dee-26e2-44da-a220-351ef47cde18', N'df2b3fc0-0a65-416f-aff9-073e53ffcaac', N'Scissors', N'noun', N'kéo', N'/ˈsɪzəz/')
INSERT [dbo].[Vocabularies] ([idVoc], [idTopic], [idProfessor], [engWord], [wordType], [meaning], [pronunciation]) VALUES (N'0f52b5d4-e878-401e-99c1-1b0eafcd8ced', N'd4d3a504-209d-40c8-9124-002b48d82035', N'df2b3fc0-0a65-416f-aff9-073e53ffcaac', N'Shy', N'adj', N'nhút nhát, rụt rè', N'/ʃaɪ/')
INSERT [dbo].[Vocabularies] ([idVoc], [idTopic], [idProfessor], [engWord], [wordType], [meaning], [pronunciation]) VALUES (N'4f690da2-dd67-4086-87cd-1b17bd76cdeb', N'bce41039-a78d-4298-8f50-4224340cd0b9', N'df2b3fc0-0a65-416f-aff9-073e53ffcaac', N'Coconut milk', N'noun', N'sữa dừa', N'/ˈkəʊkənʌt mɪlk/')
INSERT [dbo].[Vocabularies] ([idVoc], [idTopic], [idProfessor], [engWord], [wordType], [meaning], [pronunciation]) VALUES (N'e1a6849e-c727-473b-8575-1b8133bab616', N'f62f918e-5ba9-4aef-9844-b646532e3e80', N'df2b3fc0-0a65-416f-aff9-073e53ffcaac', N'Neck', N'noun', N'cổ', N'/nɛk/')
INSERT [dbo].[Vocabularies] ([idVoc], [idTopic], [idProfessor], [engWord], [wordType], [meaning], [pronunciation]) VALUES (N'fd7aee65-33ae-4561-a404-1bbd9145fdee', N'a3ec4f2e-e8f7-477d-b3bb-299b258419bd', N'df2b3fc0-0a65-416f-aff9-073e53ffcaac', N'Log in', N'noun', N'đăng nhập', N'in /lɔg ɪn/')
INSERT [dbo].[Vocabularies] ([idVoc], [idTopic], [idProfessor], [engWord], [wordType], [meaning], [pronunciation]) VALUES (N'80895bc2-9188-4f32-a9a5-1becd2848849', N'fdc85a13-60ec-4164-9922-3929b0dd0c22', N'df2b3fc0-0a65-416f-aff9-073e53ffcaac', N'Singer', N'noun', N'ca sĩ', N'/ˈsɪŋər/')
INSERT [dbo].[Vocabularies] ([idVoc], [idTopic], [idProfessor], [engWord], [wordType], [meaning], [pronunciation]) VALUES (N'3309cb7f-b499-4ac8-aff2-1c8e19831030', N'bce9032e-0bb5-4e2f-bd9b-31c8ae444a52', N'df2b3fc0-0a65-416f-aff9-073e53ffcaac', N'Knit', N'verb', N'đan lát', N'/nɪt/')
INSERT [dbo].[Vocabularies] ([idVoc], [idTopic], [idProfessor], [engWord], [wordType], [meaning], [pronunciation]) VALUES (N'8b5d7e23-8d0d-4ab7-b09d-1d7b15dd8c7b', N'97ecf8d6-0569-4bee-82d1-5ef7a8ea5a78', N'df2b3fc0-0a65-416f-aff9-073e53ffcaac', N'Company', N'noun', N'Công ty', N'/ˈkʌmpəni/')
INSERT [dbo].[Vocabularies] ([idVoc], [idTopic], [idProfessor], [engWord], [wordType], [meaning], [pronunciation]) VALUES (N'33e8f75b-51e5-440b-af6a-1d7e2c0a3087', N'16e9e5ff-df19-432f-bfe0-a2f1cc3716e2', N'df2b3fc0-0a65-416f-aff9-073e53ffcaac', N'Sick', N'adj', N'ốm yếu, ốm', N'/sɪk/')
INSERT [dbo].[Vocabularies] ([idVoc], [idTopic], [idProfessor], [engWord], [wordType], [meaning], [pronunciation]) VALUES (N'7357cd46-3233-486b-a774-1dba21e84722', N'54c6e232-c588-483e-82e1-b91e1b24c294', N'df2b3fc0-0a65-416f-aff9-073e53ffcaac', N'Stamp', N'noun', N'tem', N'/stæmp/')
INSERT [dbo].[Vocabularies] ([idVoc], [idTopic], [idProfessor], [engWord], [wordType], [meaning], [pronunciation]) VALUES (N'7c07eb10-393f-4c57-afd2-1ded93f8061f', N'46ec0e4f-a022-47d9-b1a3-9a7b4da3cfe2', N'df2b3fc0-0a65-416f-aff9-073e53ffcaac', N'Trolley', N'noun', N'xe đẩy mua sắm', N'/’trɑli/')
INSERT [dbo].[Vocabularies] ([idVoc], [idTopic], [idProfessor], [engWord], [wordType], [meaning], [pronunciation]) VALUES (N'179a3b34-e5b0-4130-872b-1e194d2dbb4b', N'bce41039-a78d-4298-8f50-4224340cd0b9', N'df2b3fc0-0a65-416f-aff9-073e53ffcaac', N'Soda', N'noun', N'nước ngọt', N'/ˈsəʊdə/')
INSERT [dbo].[Vocabularies] ([idVoc], [idTopic], [idProfessor], [engWord], [wordType], [meaning], [pronunciation]) VALUES (N'e37bd25d-9c7e-49e4-ae53-1ebc34da0a25', N'972aa447-28b3-4f97-b86c-0cb1f200372d', N'df2b3fc0-0a65-416f-aff9-073e53ffcaac', N'Grilled lamb chops', N'noun', N'sườn cừu nướng', N'/ ɡrɪld læm tʃɒp')
INSERT [dbo].[Vocabularies] ([idVoc], [idTopic], [idProfessor], [engWord], [wordType], [meaning], [pronunciation]) VALUES (N'89758a3d-60f2-4376-9ca3-1ef2f1a44b46', N'd4d3a504-209d-40c8-9124-002b48d82035', N'df2b3fc0-0a65-416f-aff9-073e53ffcaac', N'Friendly', N'adj', N'thân thiện', N'/ˈfrɛndli/')
INSERT [dbo].[Vocabularies] ([idVoc], [idTopic], [idProfessor], [engWord], [wordType], [meaning], [pronunciation]) VALUES (N'ee223800-d3e4-4e4d-9c24-1efa6ed05648', N'd4d3a504-209d-40c8-9124-002b48d82035', N'df2b3fc0-0a65-416f-aff9-073e53ffcaac', N'Friendly', N'adj', N'thân thiện', N'/ˈfrɛndli/')
INSERT [dbo].[Vocabularies] ([idVoc], [idTopic], [idProfessor], [engWord], [wordType], [meaning], [pronunciation]) VALUES (N'78d9bcbb-23ec-4fa6-bd3d-201ceb90d0e8', N'2e10c0fb-82e8-4c5b-a567-8758238aa13a', N'df2b3fc0-0a65-416f-aff9-073e53ffcaac', N'Climate', N'noun', N'khí hậu', N'/ˈklaɪ.mət/')
INSERT [dbo].[Vocabularies] ([idVoc], [idTopic], [idProfessor], [engWord], [wordType], [meaning], [pronunciation]) VALUES (N'712497e2-d8cb-499f-afbf-209e448dd17d', N'1061d61d-d0cc-4123-ba65-607586d3607a', N'df2b3fc0-0a65-416f-aff9-073e53ffcaac', N'Article', N'noun', N'bài báo', N'/ˈɑrtɪkəl/')
INSERT [dbo].[Vocabularies] ([idVoc], [idTopic], [idProfessor], [engWord], [wordType], [meaning], [pronunciation]) VALUES (N'3c64d217-43e6-4f93-9d66-21d9cf8f1c7e', N'bce9032e-0bb5-4e2f-bd9b-31c8ae444a52', N'df2b3fc0-0a65-416f-aff9-073e53ffcaac', N'Surf net', N'verb', N'lướt net', N'/sɜːf nɛt/')
INSERT [dbo].[Vocabularies] ([idVoc], [idTopic], [idProfessor], [engWord], [wordType], [meaning], [pronunciation]) VALUES (N'c5434729-bc63-4b5a-870a-225af1efc3c0', N'f62f918e-5ba9-4aef-9844-b646532e3e80', N'df2b3fc0-0a65-416f-aff9-073e53ffcaac', N'Head', N'noun', N'đầu', N'/hɛd/')
INSERT [dbo].[Vocabularies] ([idVoc], [idTopic], [idProfessor], [engWord], [wordType], [meaning], [pronunciation]) VALUES (N'320d736a-5fc7-4ec3-9460-23dec5934834', N'd4d3a504-209d-40c8-9124-002b48d82035', N'df2b3fc0-0a65-416f-aff9-073e53ffcaac', N'Kind', N'adj', N'tử tế, tốt bụng', N'/kaɪnd/')
INSERT [dbo].[Vocabularies] ([idVoc], [idTopic], [idProfessor], [engWord], [wordType], [meaning], [pronunciation]) VALUES (N'77f23264-81be-4c99-a7ed-241eaf9402d4', N'd4d3a504-209d-40c8-9124-002b48d82035', N'df2b3fc0-0a65-416f-aff9-073e53ffcaac', N'Quiet', N'adj', N'im lặng, trầm tính', N'/ˈkwaɪət/')
INSERT [dbo].[Vocabularies] ([idVoc], [idTopic], [idProfessor], [engWord], [wordType], [meaning], [pronunciation]) VALUES (N'07f9786e-4e2e-4e5b-961a-253cec8296c4', N'd1210dee-26e2-44da-a220-351ef47cde18', N'df2b3fc0-0a65-416f-aff9-073e53ffcaac', N'Compass', N'noun', N'com-pa', N'/ˈkʌmpəs/')
INSERT [dbo].[Vocabularies] ([idVoc], [idTopic], [idProfessor], [engWord], [wordType], [meaning], [pronunciation]) VALUES (N'4d5abb19-ab28-4b16-97bc-268990e01cf5', N'd1210dee-26e2-44da-a220-351ef47cde18', N'df2b3fc0-0a65-416f-aff9-073e53ffcaac', N'Chair', N'noun', N'ghế', N'/ʧeə/')
INSERT [dbo].[Vocabularies] ([idVoc], [idTopic], [idProfessor], [engWord], [wordType], [meaning], [pronunciation]) VALUES (N'b78cfdc6-ca3c-4759-bb09-2697d5b10d9a', N'a3ec4f2e-e8f7-477d-b3bb-299b258419bd', N'df2b3fc0-0a65-416f-aff9-073e53ffcaac', N'Keyboard', N'noun', N'bàn phím máy tính', N'/ˈkiˌbɔrd/')
INSERT [dbo].[Vocabularies] ([idVoc], [idTopic], [idProfessor], [engWord], [wordType], [meaning], [pronunciation]) VALUES (N'b3b50965-1599-490c-ae9f-26c31919f46a', N'972aa447-28b3-4f97-b86c-0cb1f200372d', N'df2b3fc0-0a65-416f-aff9-073e53ffcaac', N'Freshwater fish', N'noun', N'cá nước ngọt', N'/ˈfrɛˌʃwɔtər fɪʃ/')
INSERT [dbo].[Vocabularies] ([idVoc], [idTopic], [idProfessor], [engWord], [wordType], [meaning], [pronunciation]) VALUES (N'3c2e582a-c7c3-4883-a911-27bbbbc7191b', N'a3ec4f2e-e8f7-477d-b3bb-299b258419bd', N'df2b3fc0-0a65-416f-aff9-073e53ffcaac', N'Click', N'noun', N'nhấp chuột', N'/klɪk/')
INSERT [dbo].[Vocabularies] ([idVoc], [idTopic], [idProfessor], [engWord], [wordType], [meaning], [pronunciation]) VALUES (N'96c81c26-75f9-4935-9e1f-27e371cce8b6', N'195877e6-0fe9-4de8-b8bc-1010af42ef5a', N'df2b3fc0-0a65-416f-aff9-073e53ffcaac', N'Dove', N'noun', N'chim bồ câu', N'/dʌv/')
INSERT [dbo].[Vocabularies] ([idVoc], [idTopic], [idProfessor], [engWord], [wordType], [meaning], [pronunciation]) VALUES (N'6e2a9c85-f4cd-4387-b75c-28008bd2b829', N'46ec0e4f-a022-47d9-b1a3-9a7b4da3cfe2', N'df2b3fc0-0a65-416f-aff9-073e53ffcaac', N'Sell', N'verb', N'bán', N'/sel/')
INSERT [dbo].[Vocabularies] ([idVoc], [idTopic], [idProfessor], [engWord], [wordType], [meaning], [pronunciation]) VALUES (N'da1cc9af-4c74-477a-8998-28b30412477e', N'd4d3a504-209d-40c8-9124-002b48d82035', N'df2b3fc0-0a65-416f-aff9-073e53ffcaac', N'Easy-going', N'adj', N'thoải mái', N'/ˈizi-ˈgoʊɪŋ/')
INSERT [dbo].[Vocabularies] ([idVoc], [idTopic], [idProfessor], [engWord], [wordType], [meaning], [pronunciation]) VALUES (N'e8fc9d65-5e25-4137-8b80-28c0228f17ce', N'9d446d63-8055-4802-a831-c2b9cce62d21', N'df2b3fc0-0a65-416f-aff9-073e53ffcaac', N'Thin', N'adj', N'gầy', N'/θɪn/')
INSERT [dbo].[Vocabularies] ([idVoc], [idTopic], [idProfessor], [engWord], [wordType], [meaning], [pronunciation]) VALUES (N'e4dc73bf-8a7e-4246-a7d2-28cb77b2cd67', N'16e9e5ff-df19-432f-bfe0-a2f1cc3716e2', N'df2b3fc0-0a65-416f-aff9-073e53ffcaac', N'Disgusted', N'noun', N'kinh tởm', N'/dɪsˈgʌstɪd/')
INSERT [dbo].[Vocabularies] ([idVoc], [idTopic], [idProfessor], [engWord], [wordType], [meaning], [pronunciation]) VALUES (N'e38d64d9-f817-47a7-819d-2952ddfc8649', N'88428cce-b2c5-4897-a1c3-ebae3a0bf90a', N'df2b3fc0-0a65-416f-aff9-073e53ffcaac', N'Dry', N'adj', N'hanh khô', N'/drai/')
INSERT [dbo].[Vocabularies] ([idVoc], [idTopic], [idProfessor], [engWord], [wordType], [meaning], [pronunciation]) VALUES (N'f5d1f85f-94f5-4390-b4e9-2a3aeb95ef9c', N'd1210dee-26e2-44da-a220-351ef47cde18', N'df2b3fc0-0a65-416f-aff9-073e53ffcaac', N'High school', N'noun', N'trường cấp ba', N'/ˈhaɪ ˌskuːl/')
INSERT [dbo].[Vocabularies] ([idVoc], [idTopic], [idProfessor], [engWord], [wordType], [meaning], [pronunciation]) VALUES (N'd16c1d15-b0e4-4215-a216-2a8c78679a91', N'9d446d63-8055-4802-a831-c2b9cce62d21', N'df2b3fc0-0a65-416f-aff9-073e53ffcaac', N'Muscular', N'adj', N'cơ bắp, lực lưỡng', N'/ˈmʌskjələr/')
INSERT [dbo].[Vocabularies] ([idVoc], [idTopic], [idProfessor], [engWord], [wordType], [meaning], [pronunciation]) VALUES (N'c764122c-4189-488a-9995-2aa469420eab', N'54c6e232-c588-483e-82e1-b91e1b24c294', N'df2b3fc0-0a65-416f-aff9-073e53ffcaac', N'Receive', N'verb', N'nhận được', N'/rəˈsiv/')
INSERT [dbo].[Vocabularies] ([idVoc], [idTopic], [idProfessor], [engWord], [wordType], [meaning], [pronunciation]) VALUES (N'21202b55-2f07-4a29-895f-2aebddaa47c3', N'bce9032e-0bb5-4e2f-bd9b-31c8ae444a52', N'df2b3fc0-0a65-416f-aff9-073e53ffcaac', N'Play computer games', N'verb', N'chơi game', N'/pleɪ kəmˈpjuːtə geɪmz/')
INSERT [dbo].[Vocabularies] ([idVoc], [idTopic], [idProfessor], [engWord], [wordType], [meaning], [pronunciation]) VALUES (N'6f75f1ba-83ff-44ac-8ce6-2b296e08bc94', N'bce9032e-0bb5-4e2f-bd9b-31c8ae444a52', N'df2b3fc0-0a65-416f-aff9-073e53ffcaac', N'Play an instrument', N'verb', N'chơi nhạc cụ', N'/pleɪ ən ˈɪnstrʊmənt/')
INSERT [dbo].[Vocabularies] ([idVoc], [idTopic], [idProfessor], [engWord], [wordType], [meaning], [pronunciation]) VALUES (N'b2e1950c-bf2a-4131-b996-2d288e09a922', N'f62f918e-5ba9-4aef-9844-b646532e3e80', N'df2b3fc0-0a65-416f-aff9-073e53ffcaac', N'Brain', N'noun', N'não', N'/breɪn/')
INSERT [dbo].[Vocabularies] ([idVoc], [idTopic], [idProfessor], [engWord], [wordType], [meaning], [pronunciation]) VALUES (N'8875c9f9-f71c-451b-a7fc-2d3ca8542f65', N'16e9e5ff-df19-432f-bfe0-a2f1cc3716e2', N'df2b3fc0-0a65-416f-aff9-073e53ffcaac', N'Nervous', N'adj', N'lo lắng', N'/ˈnɜrvəs/')
INSERT [dbo].[Vocabularies] ([idVoc], [idTopic], [idProfessor], [engWord], [wordType], [meaning], [pronunciation]) VALUES (N'b59d376d-7cd2-44dd-8a01-2d548f6b6dcf', N'bce9032e-0bb5-4e2f-bd9b-31c8ae444a52', N'df2b3fc0-0a65-416f-aff9-073e53ffcaac', N'Take photo', N'verb', N'chụp ảnh', N'/teɪk ˈfəʊtəʊ/')
INSERT [dbo].[Vocabularies] ([idVoc], [idTopic], [idProfessor], [engWord], [wordType], [meaning], [pronunciation]) VALUES (N'3023982b-b751-4326-8ff9-2e2eaf1a65cc', N'97ecf8d6-0569-4bee-82d1-5ef7a8ea5a78', N'df2b3fc0-0a65-416f-aff9-073e53ffcaac', N'International Payment Department', N'noun', N'Phòng Thanh toán quốc tế', N'/,intə’næ∫ənl ˈpeɪ.mənt dɪˈpɑːrt.mənt/')
INSERT [dbo].[Vocabularies] ([idVoc], [idTopic], [idProfessor], [engWord], [wordType], [meaning], [pronunciation]) VALUES (N'31d0e7ef-a537-4d47-be30-2e4d216862cf', N'bce41039-a78d-4298-8f50-4224340cd0b9', N'df2b3fc0-0a65-416f-aff9-073e53ffcaac', N'Tea', N'noun', N'trà', N'/tiː/')
INSERT [dbo].[Vocabularies] ([idVoc], [idTopic], [idProfessor], [engWord], [wordType], [meaning], [pronunciation]) VALUES (N'2b4506c0-6886-4783-a686-2ee20c2c5300', N'd1210dee-26e2-44da-a220-351ef47cde18', N'df2b3fc0-0a65-416f-aff9-073e53ffcaac', N'Blackboard', N'noun', N'bảng đen', N'/ˈblækbɔːd/')
GO
INSERT [dbo].[Vocabularies] ([idVoc], [idTopic], [idProfessor], [engWord], [wordType], [meaning], [pronunciation]) VALUES (N'41348a0e-0f21-4b46-97e9-2f609d8c486e', N'a3ec4f2e-e8f7-477d-b3bb-299b258419bd', N'df2b3fc0-0a65-416f-aff9-073e53ffcaac', N'Link', N'noun', N'đường dẫn', N'/lɪŋk/')
INSERT [dbo].[Vocabularies] ([idVoc], [idTopic], [idProfessor], [engWord], [wordType], [meaning], [pronunciation]) VALUES (N'f644d015-3185-4d65-a598-2f79db9e6277', N'972aa447-28b3-4f97-b86c-0cb1f200372d', N'df2b3fc0-0a65-416f-aff9-073e53ffcaac', N'Pasta', N'noun', N'mì ống, mì sợi', N'/ˈpɑːstə/')
INSERT [dbo].[Vocabularies] ([idVoc], [idTopic], [idProfessor], [engWord], [wordType], [meaning], [pronunciation]) VALUES (N'50295127-e0fd-4a46-b34f-304870eba856', N'f62f918e-5ba9-4aef-9844-b646532e3e80', N'df2b3fc0-0a65-416f-aff9-073e53ffcaac', N'Heart', N'noun', N'trái tim', N'/hɑrt/')
INSERT [dbo].[Vocabularies] ([idVoc], [idTopic], [idProfessor], [engWord], [wordType], [meaning], [pronunciation]) VALUES (N'b5e8fa22-02cd-4c22-9932-30d43af7f9da', N'd4d3a504-209d-40c8-9124-002b48d82035', N'df2b3fc0-0a65-416f-aff9-073e53ffcaac', N'Shy', N'adj', N'nhút nhát, rụt rè', N'/ʃaɪ/')
INSERT [dbo].[Vocabularies] ([idVoc], [idTopic], [idProfessor], [engWord], [wordType], [meaning], [pronunciation]) VALUES (N'36bf3b07-427e-48d8-9457-30e42bb4f2c8', N'972aa447-28b3-4f97-b86c-0cb1f200372d', N'df2b3fc0-0a65-416f-aff9-073e53ffcaac', N'Hotpot', N'noun', N'lẩu', N'/ˈhɒt.pɒt/')
INSERT [dbo].[Vocabularies] ([idVoc], [idTopic], [idProfessor], [engWord], [wordType], [meaning], [pronunciation]) VALUES (N'94e309d0-4699-45a2-9a0b-31362517cebe', N'46ec0e4f-a022-47d9-b1a3-9a7b4da3cfe2', N'df2b3fc0-0a65-416f-aff9-073e53ffcaac', N'Shopping list', N'noun', N'danh sách mua sắm', N'/lɪst/')
INSERT [dbo].[Vocabularies] ([idVoc], [idTopic], [idProfessor], [engWord], [wordType], [meaning], [pronunciation]) VALUES (N'2f088102-7f8a-4ef9-8e1f-32a6a24c2912', N'54c6e232-c588-483e-82e1-b91e1b24c294', N'df2b3fc0-0a65-416f-aff9-073e53ffcaac', N'Text', N'verb', N'nhắn tin; tin nhắn (n)', N'/tɛkst/')
INSERT [dbo].[Vocabularies] ([idVoc], [idTopic], [idProfessor], [engWord], [wordType], [meaning], [pronunciation]) VALUES (N'536c0a40-66a1-4b17-9882-32d89cb83e02', N'195877e6-0fe9-4de8-b8bc-1010af42ef5a', N'df2b3fc0-0a65-416f-aff9-073e53ffcaac', N'Turkey', N'noun', N'gà tây', N'/ˈtɜːki/')
INSERT [dbo].[Vocabularies] ([idVoc], [idTopic], [idProfessor], [engWord], [wordType], [meaning], [pronunciation]) VALUES (N'd1e875e9-7d43-4934-9bdb-32fa0c416279', N'195877e6-0fe9-4de8-b8bc-1010af42ef5a', N'df2b3fc0-0a65-416f-aff9-073e53ffcaac', N'Goldfish', N'noun', N'cá vàng', N'/ˈgəʊldfɪʃ/')
INSERT [dbo].[Vocabularies] ([idVoc], [idTopic], [idProfessor], [engWord], [wordType], [meaning], [pronunciation]) VALUES (N'd52e3593-cdbc-4276-94cc-33ac26e9560a', N'a413d1b1-8dce-4b21-ae82-3616de156806', N'df2b3fc0-0a65-416f-aff9-073e53ffcaac', N'Blue', N'adj', N'màu xanh', N'/bluː/')
INSERT [dbo].[Vocabularies] ([idVoc], [idTopic], [idProfessor], [engWord], [wordType], [meaning], [pronunciation]) VALUES (N'a425c9aa-4870-4d56-81a8-33c1d807cb61', N'54c6e232-c588-483e-82e1-b91e1b24c294', N'df2b3fc0-0a65-416f-aff9-073e53ffcaac', N'Phone number', N'noun', N'số điện thoại', N'number /foʊn ˈnʌmbər/')
INSERT [dbo].[Vocabularies] ([idVoc], [idTopic], [idProfessor], [engWord], [wordType], [meaning], [pronunciation]) VALUES (N'00b2bf96-33e2-42d2-a141-344d845ec04a', N'972aa447-28b3-4f97-b86c-0cb1f200372d', N'df2b3fc0-0a65-416f-aff9-073e53ffcaac', N'Octopus', N'noun', N'bạch tuộc', N'/ˈɒk.tə.pəs/')
INSERT [dbo].[Vocabularies] ([idVoc], [idTopic], [idProfessor], [engWord], [wordType], [meaning], [pronunciation]) VALUES (N'45a1fac2-6308-4453-af12-347f65fe893e', N'd69daf8e-81d7-40fc-9b75-957d4822fbc4', N'df2b3fc0-0a65-416f-aff9-073e53ffcaac', N'Miniskirt', N'noun', N'chân váy ngắn', N'/mɪniskɜːt/')
INSERT [dbo].[Vocabularies] ([idVoc], [idTopic], [idProfessor], [engWord], [wordType], [meaning], [pronunciation]) VALUES (N'2f487811-1c3c-48d2-999b-3731e398d0ec', N'195877e6-0fe9-4de8-b8bc-1010af42ef5a', N'df2b3fc0-0a65-416f-aff9-073e53ffcaac', N'Chicken', N'noun', N'con gà', N'/ˈʧɪkɪn/')
INSERT [dbo].[Vocabularies] ([idVoc], [idTopic], [idProfessor], [engWord], [wordType], [meaning], [pronunciation]) VALUES (N'ba4cb77a-1423-42f4-9b9c-37740a3bf92a', N'2e10c0fb-82e8-4c5b-a567-8758238aa13a', N'df2b3fc0-0a65-416f-aff9-073e53ffcaac', N'Deforestation', N'noun', N'sự phá rừng', N'/ˌdiːˌfɑːrɪˈsteɪʃn/')
INSERT [dbo].[Vocabularies] ([idVoc], [idTopic], [idProfessor], [engWord], [wordType], [meaning], [pronunciation]) VALUES (N'15d06698-6995-4884-acaf-37edcef66f34', N'a413d1b1-8dce-4b21-ae82-3616de156806', N'df2b3fc0-0a65-416f-aff9-073e53ffcaac', N'Navy', N'adj', N'xanh da trời đậm', N'/ˈneɪ.vi/')
INSERT [dbo].[Vocabularies] ([idVoc], [idTopic], [idProfessor], [engWord], [wordType], [meaning], [pronunciation]) VALUES (N'ddac92fb-7c78-4095-b890-37f8a3b9d676', N'a3ec4f2e-e8f7-477d-b3bb-299b258419bd', N'df2b3fc0-0a65-416f-aff9-073e53ffcaac', N'Blog', N'noun', N'nhật ký trực tuyến', N'/blɔg/')
INSERT [dbo].[Vocabularies] ([idVoc], [idTopic], [idProfessor], [engWord], [wordType], [meaning], [pronunciation]) VALUES (N'4f2b3bfa-e0a5-4f2b-a711-38ca838ff146', N'bce41039-a78d-4298-8f50-4224340cd0b9', N'df2b3fc0-0a65-416f-aff9-073e53ffcaac', N'Iced tea', N'noun', N'trà đá', N'/aɪst tiː/')
INSERT [dbo].[Vocabularies] ([idVoc], [idTopic], [idProfessor], [engWord], [wordType], [meaning], [pronunciation]) VALUES (N'464ecd2b-7c55-4b7c-9855-38db01b58db2', N'fdc85a13-60ec-4164-9922-3929b0dd0c22', N'df2b3fc0-0a65-416f-aff9-073e53ffcaac', N'Performance', N'noun', N'phần trình diễn, tiết mục', N'/pərˈfɔrməns/')
INSERT [dbo].[Vocabularies] ([idVoc], [idTopic], [idProfessor], [engWord], [wordType], [meaning], [pronunciation]) VALUES (N'c52617b3-7f60-466d-9e18-38e629ac298e', N'd1210dee-26e2-44da-a220-351ef47cde18', N'df2b3fc0-0a65-416f-aff9-073e53ffcaac', N'Social studies', N'noun', N'môn xã hội học', N'/ˈsəʊʃəl ˈstʌdiz/')
INSERT [dbo].[Vocabularies] ([idVoc], [idTopic], [idProfessor], [engWord], [wordType], [meaning], [pronunciation]) VALUES (N'979d861f-4710-48ff-8185-38fd2da11aa0', N'46ec0e4f-a022-47d9-b1a3-9a7b4da3cfe2', N'df2b3fc0-0a65-416f-aff9-073e53ffcaac', N'Shopping bag', N'noun', N'túi mua sắm', N'/’ʃɑpɪŋ/ /bæɡ/')
INSERT [dbo].[Vocabularies] ([idVoc], [idTopic], [idProfessor], [engWord], [wordType], [meaning], [pronunciation]) VALUES (N'f4bce954-d409-44e0-a0f6-3acc71e2062d', N'bce41039-a78d-4298-8f50-4224340cd0b9', N'df2b3fc0-0a65-416f-aff9-073e53ffcaac', N'Water', N'noun', N'nước uống', N'/ˈwɔːtə/')
INSERT [dbo].[Vocabularies] ([idVoc], [idTopic], [idProfessor], [engWord], [wordType], [meaning], [pronunciation]) VALUES (N'7e5070da-f4bc-4d77-9f41-3ae507c8e215', N'972aa447-28b3-4f97-b86c-0cb1f200372d', N'df2b3fc0-0a65-416f-aff9-073e53ffcaac', N'Squid', N'noun', N'mực', N'/skwɪd/')
INSERT [dbo].[Vocabularies] ([idVoc], [idTopic], [idProfessor], [engWord], [wordType], [meaning], [pronunciation]) VALUES (N'ba7b351f-c766-4588-9cd7-3b1cf7defdde', N'16e9e5ff-df19-432f-bfe0-a2f1cc3716e2', N'df2b3fc0-0a65-416f-aff9-073e53ffcaac', N'Guilty', N'adj', N'cảm thấy tội lỗi', N'/ˈgɪlti/')
INSERT [dbo].[Vocabularies] ([idVoc], [idTopic], [idProfessor], [engWord], [wordType], [meaning], [pronunciation]) VALUES (N'8a21823b-90b4-4820-9388-3b67504899ff', N'd69daf8e-81d7-40fc-9b75-957d4822fbc4', N'df2b3fc0-0a65-416f-aff9-073e53ffcaac', N'Sheath dress', N'noun', N'váy bút chì', N'/ʃiːθ dres/')
INSERT [dbo].[Vocabularies] ([idVoc], [idTopic], [idProfessor], [engWord], [wordType], [meaning], [pronunciation]) VALUES (N'0b85e931-b2b1-4be4-a60c-3b6ae06e2af9', N'9d446d63-8055-4802-a831-c2b9cce62d21', N'df2b3fc0-0a65-416f-aff9-073e53ffcaac', N'Fat', N'adj', N'thừa cân, béo', N'/fæt/')
INSERT [dbo].[Vocabularies] ([idVoc], [idTopic], [idProfessor], [engWord], [wordType], [meaning], [pronunciation]) VALUES (N'c09203d8-c1dc-4038-ab25-3c26f5b1eaa4', N'f62f918e-5ba9-4aef-9844-b646532e3e80', N'df2b3fc0-0a65-416f-aff9-073e53ffcaac', N'Belly', N'noun', N'bụng', N'/ˈbɛli/')
INSERT [dbo].[Vocabularies] ([idVoc], [idTopic], [idProfessor], [engWord], [wordType], [meaning], [pronunciation]) VALUES (N'7406ea55-64e2-4815-8fb5-3d011d8dd2e3', N'9d446d63-8055-4802-a831-c2b9cce62d21', N'df2b3fc0-0a65-416f-aff9-073e53ffcaac', N'Fit', N'adj', N'cân đối, gọn gàng', N'/fɪt/')
INSERT [dbo].[Vocabularies] ([idVoc], [idTopic], [idProfessor], [engWord], [wordType], [meaning], [pronunciation]) VALUES (N'b735cf10-ea86-4a1d-8e69-3dc2f0d03bb8', N'97ecf8d6-0569-4bee-82d1-5ef7a8ea5a78', N'df2b3fc0-0a65-416f-aff9-073e53ffcaac', N'Product Development Department', N'noun', N'Phòng Nghiên cứu và phát triển sản phẩm', N'/‘prɔdəkt di’veləpmənt dɪˈpɑːrt.mənt/')
INSERT [dbo].[Vocabularies] ([idVoc], [idTopic], [idProfessor], [engWord], [wordType], [meaning], [pronunciation]) VALUES (N'97ec1385-9eb2-4f36-ae7e-3def83b847f2', N'd4d3a504-209d-40c8-9124-002b48d82035', N'df2b3fc0-0a65-416f-aff9-073e53ffcaac', N'Energetic', N'adj', N'tràn đầy năng lượng', N'/ɛnərˈʤɛtɪk/')
INSERT [dbo].[Vocabularies] ([idVoc], [idTopic], [idProfessor], [engWord], [wordType], [meaning], [pronunciation]) VALUES (N'8e0117f9-9f22-4070-aa7e-3e3dd9386505', N'195877e6-0fe9-4de8-b8bc-1010af42ef5a', N'df2b3fc0-0a65-416f-aff9-073e53ffcaac', N'Shrimp', N'noun', N'con tôm', N'/ʃrɪmp/')
INSERT [dbo].[Vocabularies] ([idVoc], [idTopic], [idProfessor], [engWord], [wordType], [meaning], [pronunciation]) VALUES (N'c693e449-bf11-43e3-975c-3eb5781b4f2b', N'1061d61d-d0cc-4123-ba65-607586d3607a', N'df2b3fc0-0a65-416f-aff9-073e53ffcaac', N'Commercial', N'noun', N'quảng cáo', N'/kəˈmɜrʃəl/')
INSERT [dbo].[Vocabularies] ([idVoc], [idTopic], [idProfessor], [engWord], [wordType], [meaning], [pronunciation]) VALUES (N'3fd611f7-9065-4bbd-8463-3f08b59c7bfc', N'88428cce-b2c5-4897-a1c3-ebae3a0bf90a', N'df2b3fc0-0a65-416f-aff9-073e53ffcaac', N'Overcast', N'adj', N'âm u', N'/,əʊvə’kɑ:st/')
INSERT [dbo].[Vocabularies] ([idVoc], [idTopic], [idProfessor], [engWord], [wordType], [meaning], [pronunciation]) VALUES (N'258cd778-5e6f-4a3e-afb3-3f1cacb65d19', N'f62f918e-5ba9-4aef-9844-b646532e3e80', N'df2b3fc0-0a65-416f-aff9-073e53ffcaac', N'Back', N'noun', N'lưng', N'/bæk/')
INSERT [dbo].[Vocabularies] ([idVoc], [idTopic], [idProfessor], [engWord], [wordType], [meaning], [pronunciation]) VALUES (N'685001d9-bd2f-4f1b-950e-3f3b4633be12', N'a3ec4f2e-e8f7-477d-b3bb-299b258419bd', N'df2b3fc0-0a65-416f-aff9-073e53ffcaac', N'Program', N'noun', N'chương trình máy tính', N'/ˈproʊˌgræm/')
INSERT [dbo].[Vocabularies] ([idVoc], [idTopic], [idProfessor], [engWord], [wordType], [meaning], [pronunciation]) VALUES (N'44dffa03-cdbc-4419-9300-3f794a93d49b', N'721f82eb-6a13-4de1-a115-460531510c7c', N'df2b3fc0-0a65-416f-aff9-073e53ffcaac', N'Uncle', N'noun', N'bác trai/cậu/chú', N'/ˈʌŋkl/')
INSERT [dbo].[Vocabularies] ([idVoc], [idTopic], [idProfessor], [engWord], [wordType], [meaning], [pronunciation]) VALUES (N'e50fb164-57c5-4b19-a383-3fd92f44cc8c', N'd1210dee-26e2-44da-a220-351ef47cde18', N'df2b3fc0-0a65-416f-aff9-073e53ffcaac', N'English', N'noun', N'tiếng Anh', N'/ˈɪŋglɪʃ/')
INSERT [dbo].[Vocabularies] ([idVoc], [idTopic], [idProfessor], [engWord], [wordType], [meaning], [pronunciation]) VALUES (N'7ad0101a-0a78-4591-af79-42da723028fd', N'f62f918e-5ba9-4aef-9844-b646532e3e80', N'df2b3fc0-0a65-416f-aff9-073e53ffcaac', N'Ear', N'noun', N'tai', N'/Ir/')
INSERT [dbo].[Vocabularies] ([idVoc], [idTopic], [idProfessor], [engWord], [wordType], [meaning], [pronunciation]) VALUES (N'4b0d06be-9793-4dd9-9a0e-43eec451d668', N'88428cce-b2c5-4897-a1c3-ebae3a0bf90a', N'df2b3fc0-0a65-416f-aff9-073e53ffcaac', N'Drizzle', N'noun', N'cơn mưa phùn', N'/’drizl/')
INSERT [dbo].[Vocabularies] ([idVoc], [idTopic], [idProfessor], [engWord], [wordType], [meaning], [pronunciation]) VALUES (N'a9a1c663-3be0-4178-bd43-44d9b2bed161', N'a3ec4f2e-e8f7-477d-b3bb-299b258419bd', N'df2b3fc0-0a65-416f-aff9-073e53ffcaac', N'Install', N'noun', N'cài đặt, lắp đặt', N'/ɪnˈstɔl/')
INSERT [dbo].[Vocabularies] ([idVoc], [idTopic], [idProfessor], [engWord], [wordType], [meaning], [pronunciation]) VALUES (N'1a0c9781-1c3d-4ef2-aa5d-456157db5b7d', N'16e9e5ff-df19-432f-bfe0-a2f1cc3716e2', N'df2b3fc0-0a65-416f-aff9-073e53ffcaac', N'Surprised', N'adj', N'ngạc nhiên', N'/sərˈpraɪzd/')
INSERT [dbo].[Vocabularies] ([idVoc], [idTopic], [idProfessor], [engWord], [wordType], [meaning], [pronunciation]) VALUES (N'911554ec-f148-458e-8440-46f53af6dbd2', N'bce41039-a78d-4298-8f50-4224340cd0b9', N'df2b3fc0-0a65-416f-aff9-073e53ffcaac', N'Coffee', N'noun', N'cà phê', N'/ˈkɒfi/')
INSERT [dbo].[Vocabularies] ([idVoc], [idTopic], [idProfessor], [engWord], [wordType], [meaning], [pronunciation]) VALUES (N'd6960e10-e2c2-4331-abc3-486488b8f44c', N'88428cce-b2c5-4897-a1c3-ebae3a0bf90a', N'df2b3fc0-0a65-416f-aff9-073e53ffcaac', N'Humid', N'adj', N'ẩm', N'/’hju:mid/')
INSERT [dbo].[Vocabularies] ([idVoc], [idTopic], [idProfessor], [engWord], [wordType], [meaning], [pronunciation]) VALUES (N'9d9171bb-5039-4320-aa64-48e7c6b26d76', N'88428cce-b2c5-4897-a1c3-ebae3a0bf90a', N'df2b3fc0-0a65-416f-aff9-073e53ffcaac', N'Freezing', N'adj', N'lạnh cóng', N'/’fri:ziɳ/')
INSERT [dbo].[Vocabularies] ([idVoc], [idTopic], [idProfessor], [engWord], [wordType], [meaning], [pronunciation]) VALUES (N'4a6e1ffe-9648-4e22-b096-49124d296cef', N'd1210dee-26e2-44da-a220-351ef47cde18', N'df2b3fc0-0a65-416f-aff9-073e53ffcaac', N'Clock', N'noun', N'đồng hồ', N'/klɒk/')
INSERT [dbo].[Vocabularies] ([idVoc], [idTopic], [idProfessor], [engWord], [wordType], [meaning], [pronunciation]) VALUES (N'57852aba-0980-4c13-b216-492a32508f86', N'd1210dee-26e2-44da-a220-351ef47cde18', N'df2b3fc0-0a65-416f-aff9-073e53ffcaac', N'Elementary school', N'noun', N'trường tiểu học', N'/ˌɛlɪˈmɛntəri skuːl/')
INSERT [dbo].[Vocabularies] ([idVoc], [idTopic], [idProfessor], [engWord], [wordType], [meaning], [pronunciation]) VALUES (N'710100d8-511a-4878-9764-49a6834b96d5', N'195877e6-0fe9-4de8-b8bc-1010af42ef5a', N'df2b3fc0-0a65-416f-aff9-073e53ffcaac', N'Goat', N'noun', N'con dê', N'/gəʊt/')
INSERT [dbo].[Vocabularies] ([idVoc], [idTopic], [idProfessor], [engWord], [wordType], [meaning], [pronunciation]) VALUES (N'eebac200-afe1-4574-9a05-4b40beaebc3c', N'f62f918e-5ba9-4aef-9844-b646532e3e80', N'df2b3fc0-0a65-416f-aff9-073e53ffcaac', N'Foot', N'noun', N'bàn chân', N'/fʊt/')
INSERT [dbo].[Vocabularies] ([idVoc], [idTopic], [idProfessor], [engWord], [wordType], [meaning], [pronunciation]) VALUES (N'0d9a6344-e0d9-47dc-8647-4b7bd2847863', N'46ec0e4f-a022-47d9-b1a3-9a7b4da3cfe2', N'df2b3fc0-0a65-416f-aff9-073e53ffcaac', N'Counter', N'noun', N'quầy tính tiền', N'/’kaʊntər/')
INSERT [dbo].[Vocabularies] ([idVoc], [idTopic], [idProfessor], [engWord], [wordType], [meaning], [pronunciation]) VALUES (N'5b1ba939-e834-49fd-ac90-4bb725f9e663', N'16e9e5ff-df19-432f-bfe0-a2f1cc3716e2', N'df2b3fc0-0a65-416f-aff9-073e53ffcaac', N'Thirsty', N'adj', N'khát', N'/ˈθɜrsti/')
INSERT [dbo].[Vocabularies] ([idVoc], [idTopic], [idProfessor], [engWord], [wordType], [meaning], [pronunciation]) VALUES (N'4cbec947-196d-477a-a0d0-4c223d7d2b77', N'9d446d63-8055-4802-a831-c2b9cce62d21', N'df2b3fc0-0a65-416f-aff9-073e53ffcaac', N'Look', N'noun', N'vẻ ngoài', N'/lʊk/')
INSERT [dbo].[Vocabularies] ([idVoc], [idTopic], [idProfessor], [engWord], [wordType], [meaning], [pronunciation]) VALUES (N'0c2a4021-4baa-49a7-850d-4c26308117d7', N'54c6e232-c588-483e-82e1-b91e1b24c294', N'df2b3fc0-0a65-416f-aff9-073e53ffcaac', N'Hotline', N'noun', N'đường dây nóng', N'/ˈhɑtˌlaɪn/')
INSERT [dbo].[Vocabularies] ([idVoc], [idTopic], [idProfessor], [engWord], [wordType], [meaning], [pronunciation]) VALUES (N'5dc3945b-6e10-49e7-b385-4ea005643efc', N'97ecf8d6-0569-4bee-82d1-5ef7a8ea5a78', N'df2b3fc0-0a65-416f-aff9-073e53ffcaac', N'Joint venture company', N'noun', N'Công ty liên doanh', N'/ˌdʒɔɪnt ˈventʃə(r)/')
INSERT [dbo].[Vocabularies] ([idVoc], [idTopic], [idProfessor], [engWord], [wordType], [meaning], [pronunciation]) VALUES (N'8f46ff96-bfee-45ef-841e-4efd289ce806', N'bce41039-a78d-4298-8f50-4224340cd0b9', N'df2b3fc0-0a65-416f-aff9-073e53ffcaac', N'Fruit juice', N'noun', N'nước hoa quả', N'/fruːt ʤuːs/')
INSERT [dbo].[Vocabularies] ([idVoc], [idTopic], [idProfessor], [engWord], [wordType], [meaning], [pronunciation]) VALUES (N'36636ba7-ce5a-4ce2-b9e9-4f17075cc7ca', N'16e9e5ff-df19-432f-bfe0-a2f1cc3716e2', N'df2b3fc0-0a65-416f-aff9-073e53ffcaac', N'Worried', N'adj', N'lo lắng', N'/ˈwɜrid/')
INSERT [dbo].[Vocabularies] ([idVoc], [idTopic], [idProfessor], [engWord], [wordType], [meaning], [pronunciation]) VALUES (N'875f3e19-ccc5-46b7-af67-4fa89c365247', N'd69daf8e-81d7-40fc-9b75-957d4822fbc4', N'df2b3fc0-0a65-416f-aff9-073e53ffcaac', N'Straight dress', N'noun', N'váy suông', N'/streɪt dres/')
INSERT [dbo].[Vocabularies] ([idVoc], [idTopic], [idProfessor], [engWord], [wordType], [meaning], [pronunciation]) VALUES (N'4660f942-3105-4ac0-97c0-50b7e3b065b5', N'fdc85a13-60ec-4164-9922-3929b0dd0c22', N'df2b3fc0-0a65-416f-aff9-073e53ffcaac', N'Video', N'noun', N'đoạn phim', N'/ˈvɪdioʊ/')
INSERT [dbo].[Vocabularies] ([idVoc], [idTopic], [idProfessor], [engWord], [wordType], [meaning], [pronunciation]) VALUES (N'2c9c1ea0-0f69-4341-b0a5-50f5818b66a4', N'a3ec4f2e-e8f7-477d-b3bb-299b258419bd', N'df2b3fc0-0a65-416f-aff9-073e53ffcaac', N'Ebook', N'noun', N'sách điện tử', N'/i-bʊk/')
INSERT [dbo].[Vocabularies] ([idVoc], [idTopic], [idProfessor], [engWord], [wordType], [meaning], [pronunciation]) VALUES (N'1aaba4e9-ddd3-4481-95a3-5197a905f74c', N'97ecf8d6-0569-4bee-82d1-5ef7a8ea5a78', N'df2b3fc0-0a65-416f-aff9-073e53ffcaac', N'Public Relations Department', N'noun', N'Phòng Quan hệ công chúng', N'/ˌpʌb.lɪk rɪˈleɪ.ʃənz dɪˈpɑːrt.mənt/')
INSERT [dbo].[Vocabularies] ([idVoc], [idTopic], [idProfessor], [engWord], [wordType], [meaning], [pronunciation]) VALUES (N'ca17e1ca-3003-4d0e-80ab-51a0be84171c', N'd69daf8e-81d7-40fc-9b75-957d4822fbc4', N'df2b3fc0-0a65-416f-aff9-073e53ffcaac', N'Slacks', N'noun', N'váy rộng xoè', N'/slæk/')
INSERT [dbo].[Vocabularies] ([idVoc], [idTopic], [idProfessor], [engWord], [wordType], [meaning], [pronunciation]) VALUES (N'9ac04419-3476-4d5c-9cda-52e0ee636245', N'46ec0e4f-a022-47d9-b1a3-9a7b4da3cfe2', N'df2b3fc0-0a65-416f-aff9-073e53ffcaac', N'Shop window', N'noun', N'cửa kính trưng bày', N'/’wɪndoʊ/')
INSERT [dbo].[Vocabularies] ([idVoc], [idTopic], [idProfessor], [engWord], [wordType], [meaning], [pronunciation]) VALUES (N'b6e15c75-6c82-4d27-9d09-538b625a951b', N'd69daf8e-81d7-40fc-9b75-957d4822fbc4', N'df2b3fc0-0a65-416f-aff9-073e53ffcaac', N'Ruffled dress', N'noun', N'váy xếp tầng', N'/rʌfld dres/')
INSERT [dbo].[Vocabularies] ([idVoc], [idTopic], [idProfessor], [engWord], [wordType], [meaning], [pronunciation]) VALUES (N'90eeb584-25af-4039-a88f-53ea6bb3afc8', N'd4d3a504-209d-40c8-9124-002b48d82035', N'df2b3fc0-0a65-416f-aff9-073e53ffcaac', N'Generous', N'adj', N'hào phóng', N'/ˈʤɛnərəs/')
INSERT [dbo].[Vocabularies] ([idVoc], [idTopic], [idProfessor], [engWord], [wordType], [meaning], [pronunciation]) VALUES (N'080821f6-7791-49ba-b5a7-542da13b75f1', N'46ec0e4f-a022-47d9-b1a3-9a7b4da3cfe2', N'df2b3fc0-0a65-416f-aff9-073e53ffcaac', N'Aisle', N'noun', N'quầy hàng', N'/aɪl/')
INSERT [dbo].[Vocabularies] ([idVoc], [idTopic], [idProfessor], [engWord], [wordType], [meaning], [pronunciation]) VALUES (N'757ca514-7a18-443b-98be-545f739c0b83', N'9d446d63-8055-4802-a831-c2b9cce62d21', N'df2b3fc0-0a65-416f-aff9-073e53ffcaac', N'Cute', N'adj', N'đáng yêu, dễ thương', N'/Kjut/')
INSERT [dbo].[Vocabularies] ([idVoc], [idTopic], [idProfessor], [engWord], [wordType], [meaning], [pronunciation]) VALUES (N'ee59aedc-4d5b-49c3-8c39-54e7abdbe875', N'fdc85a13-60ec-4164-9922-3929b0dd0c22', N'df2b3fc0-0a65-416f-aff9-073e53ffcaac', N'Creative', N'adj', N'tính sáng tạo', N'/kriˈeɪtɪv/')
INSERT [dbo].[Vocabularies] ([idVoc], [idTopic], [idProfessor], [engWord], [wordType], [meaning], [pronunciation]) VALUES (N'f610b700-563e-44a9-88f2-5540fb75553b', N'54c6e232-c588-483e-82e1-b91e1b24c294', N'df2b3fc0-0a65-416f-aff9-073e53ffcaac', N'Contact', N'verb', N'liên hệ; (n) địa chỉ liên hệ', N'/ˈkɑnˌtækt/')
INSERT [dbo].[Vocabularies] ([idVoc], [idTopic], [idProfessor], [engWord], [wordType], [meaning], [pronunciation]) VALUES (N'6a89c963-de68-48f1-a749-5549b805aae0', N'88428cce-b2c5-4897-a1c3-ebae3a0bf90a', N'df2b3fc0-0a65-416f-aff9-073e53ffcaac', N'Cold', N'adj', N'lạnh', N'/koʊld/')
INSERT [dbo].[Vocabularies] ([idVoc], [idTopic], [idProfessor], [engWord], [wordType], [meaning], [pronunciation]) VALUES (N'ef738161-c8b7-44da-8cf6-5594758ff9ed', N'16e9e5ff-df19-432f-bfe0-a2f1cc3716e2', N'df2b3fc0-0a65-416f-aff9-073e53ffcaac', N'Afraid', N'adj', N'lo sợ, sợ hãi', N'/əˈfreɪd/')
INSERT [dbo].[Vocabularies] ([idVoc], [idTopic], [idProfessor], [engWord], [wordType], [meaning], [pronunciation]) VALUES (N'eab02146-043c-4ee1-9e89-55bef0998a87', N'195877e6-0fe9-4de8-b8bc-1010af42ef5a', N'df2b3fc0-0a65-416f-aff9-073e53ffcaac', N'Puppy', N'noun', N'chó con, cún con', N'/ˈpʌpi/')
INSERT [dbo].[Vocabularies] ([idVoc], [idTopic], [idProfessor], [engWord], [wordType], [meaning], [pronunciation]) VALUES (N'29e145cc-a5b2-463b-a086-55ffa4faa2d0', N'd69daf8e-81d7-40fc-9b75-957d4822fbc4', N'df2b3fc0-0a65-416f-aff9-073e53ffcaac', N'Skirt', N'noun', N'chân váy', N'/skɜːt/')
INSERT [dbo].[Vocabularies] ([idVoc], [idTopic], [idProfessor], [engWord], [wordType], [meaning], [pronunciation]) VALUES (N'd723fd02-e633-44e5-b537-5611c904e35f', N'd1210dee-26e2-44da-a220-351ef47cde18', N'df2b3fc0-0a65-416f-aff9-073e53ffcaac', N'Library', N'noun', N'thư viện', N'/ˈlaɪbrəri/')
INSERT [dbo].[Vocabularies] ([idVoc], [idTopic], [idProfessor], [engWord], [wordType], [meaning], [pronunciation]) VALUES (N'9eac4282-ec9e-47a4-9899-571c4f404c5a', N'54c6e232-c588-483e-82e1-b91e1b24c294', N'df2b3fc0-0a65-416f-aff9-073e53ffcaac', N'Call', N'verb', N'gọi điện thoại', N'/kɔl/')
INSERT [dbo].[Vocabularies] ([idVoc], [idTopic], [idProfessor], [engWord], [wordType], [meaning], [pronunciation]) VALUES (N'8f5989fb-95d6-4545-bb79-575b6a9f0237', N'f62f918e-5ba9-4aef-9844-b646532e3e80', N'df2b3fc0-0a65-416f-aff9-073e53ffcaac', N'Nose', N'noun', N'mũi', N'/noʊz/')
INSERT [dbo].[Vocabularies] ([idVoc], [idTopic], [idProfessor], [engWord], [wordType], [meaning], [pronunciation]) VALUES (N'16cafce9-4a6c-4eb4-8837-57b904f968fa', N'97ecf8d6-0569-4bee-82d1-5ef7a8ea5a78', N'df2b3fc0-0a65-416f-aff9-073e53ffcaac', N'International Relations Department', N'noun', N'Phòng Quan hệ quốc tế', N'/,intə’næ∫ənl rɪ.ˈleɪ.ʃən dɪˈpɑːrt.mənt/')
INSERT [dbo].[Vocabularies] ([idVoc], [idTopic], [idProfessor], [engWord], [wordType], [meaning], [pronunciation]) VALUES (N'4cb9fb81-d713-423f-9009-57e88b8d13b3', N'16e9e5ff-df19-432f-bfe0-a2f1cc3716e2', N'df2b3fc0-0a65-416f-aff9-073e53ffcaac', N'Embarrassed', N'adj', N'xấu hổ, ngại ngùng', N'/ɪmˈbɛrəst/')
INSERT [dbo].[Vocabularies] ([idVoc], [idTopic], [idProfessor], [engWord], [wordType], [meaning], [pronunciation]) VALUES (N'e6486843-6ebb-472a-9964-584dfc9431b2', N'fdc85a13-60ec-4164-9922-3929b0dd0c22', N'df2b3fc0-0a65-416f-aff9-073e53ffcaac', N'Design', N'verb', N'thiết kế', N'/dɪˈzaɪn/')
INSERT [dbo].[Vocabularies] ([idVoc], [idTopic], [idProfessor], [engWord], [wordType], [meaning], [pronunciation]) VALUES (N'4feaadb3-f2d7-48af-8a1d-5875915cde4f', N'97ecf8d6-0569-4bee-82d1-5ef7a8ea5a78', N'df2b3fc0-0a65-416f-aff9-073e53ffcaac', N'Partnership', N'noun', N'Công ty hợp doanh', N'/ˈpɑːtnəʃɪp/')
INSERT [dbo].[Vocabularies] ([idVoc], [idTopic], [idProfessor], [engWord], [wordType], [meaning], [pronunciation]) VALUES (N'18584a88-8896-4d9d-80fe-5898799c0b6f', N'46ec0e4f-a022-47d9-b1a3-9a7b4da3cfe2', N'df2b3fc0-0a65-416f-aff9-073e53ffcaac', N'Shop', N'noun', N'cửa tiệm', N'/ʃɑp/')
INSERT [dbo].[Vocabularies] ([idVoc], [idTopic], [idProfessor], [engWord], [wordType], [meaning], [pronunciation]) VALUES (N'b203bdc4-0797-4c24-ab5c-58a86393d000', N'fdc85a13-60ec-4164-9922-3929b0dd0c22', N'df2b3fc0-0a65-416f-aff9-073e53ffcaac', N'Gallery', N'noun', N'phòng trưng bày, triển lãm', N'/ˈgæləri/')
INSERT [dbo].[Vocabularies] ([idVoc], [idTopic], [idProfessor], [engWord], [wordType], [meaning], [pronunciation]) VALUES (N'f88982d2-deba-4990-91e1-59b96af742bd', N'721f82eb-6a13-4de1-a115-460531510c7c', N'df2b3fc0-0a65-416f-aff9-073e53ffcaac', N'Mother', N'noun', N'mẹ', N'/ˈmʌðər/')
INSERT [dbo].[Vocabularies] ([idVoc], [idTopic], [idProfessor], [engWord], [wordType], [meaning], [pronunciation]) VALUES (N'c049d611-3e16-456e-8ea9-5a4008a36ed8', N'd4d3a504-209d-40c8-9124-002b48d82035', N'df2b3fc0-0a65-416f-aff9-073e53ffcaac', N'Honest', N'adj', N'thật thà, trung thực', N'/ˈɑnəst/')
INSERT [dbo].[Vocabularies] ([idVoc], [idTopic], [idProfessor], [engWord], [wordType], [meaning], [pronunciation]) VALUES (N'ab5c23f9-fdf3-4f48-abb4-5a54fd91b464', N'f62f918e-5ba9-4aef-9844-b646532e3e80', N'df2b3fc0-0a65-416f-aff9-073e53ffcaac', N'Tongue', N'noun', N'lưỡi', N'/tʌŋ/')
INSERT [dbo].[Vocabularies] ([idVoc], [idTopic], [idProfessor], [engWord], [wordType], [meaning], [pronunciation]) VALUES (N'5c847e20-3349-4bbf-89b9-5a83d625e982', N'fdc85a13-60ec-4164-9922-3929b0dd0c22', N'df2b3fc0-0a65-416f-aff9-073e53ffcaac', N'Photo', N'noun', N'bức ảnh', N'/ˈfoʊˌtoʊ/')
INSERT [dbo].[Vocabularies] ([idVoc], [idTopic], [idProfessor], [engWord], [wordType], [meaning], [pronunciation]) VALUES (N'74f53eb1-aeb9-4512-9617-5aecda595539', N'd1210dee-26e2-44da-a220-351ef47cde18', N'df2b3fc0-0a65-416f-aff9-073e53ffcaac', N'Pen', N'noun', N'cái bút', N'/pɛn/')
INSERT [dbo].[Vocabularies] ([idVoc], [idTopic], [idProfessor], [engWord], [wordType], [meaning], [pronunciation]) VALUES (N'894da14b-04a6-43b7-a135-5c8e25a992aa', N'97ecf8d6-0569-4bee-82d1-5ef7a8ea5a78', N'df2b3fc0-0a65-416f-aff9-073e53ffcaac', N'Information Technology Department', N'noun', N'Phòng Công nghệ thông tin', N'/,infə’mei∫n tek’nɔlədʒi dɪˈpɑːrt.mənt/')
INSERT [dbo].[Vocabularies] ([idVoc], [idTopic], [idProfessor], [engWord], [wordType], [meaning], [pronunciation]) VALUES (N'4083c4e1-3e21-45a2-9993-5cab8b14ffea', N'fdc85a13-60ec-4164-9922-3929b0dd0c22', N'df2b3fc0-0a65-416f-aff9-073e53ffcaac', N'Poem', N'noun', N'bài thơ', N'/ˈpoʊəm/')
INSERT [dbo].[Vocabularies] ([idVoc], [idTopic], [idProfessor], [engWord], [wordType], [meaning], [pronunciation]) VALUES (N'e2c44b4d-b701-4e6d-b2c8-5de76f6e343b', N'1061d61d-d0cc-4123-ba65-607586d3607a', N'df2b3fc0-0a65-416f-aff9-073e53ffcaac', N'Script', N'noun', N'kịch bản', N'/skrɪpt/')
INSERT [dbo].[Vocabularies] ([idVoc], [idTopic], [idProfessor], [engWord], [wordType], [meaning], [pronunciation]) VALUES (N'0a99c122-e570-4175-abdc-5e00581da1d4', N'195877e6-0fe9-4de8-b8bc-1010af42ef5a', N'df2b3fc0-0a65-416f-aff9-073e53ffcaac', N'Tropical fish', N'noun', N'cá nhiệt đới', N'/ˈtrɒpɪkəl fɪʃ/')
INSERT [dbo].[Vocabularies] ([idVoc], [idTopic], [idProfessor], [engWord], [wordType], [meaning], [pronunciation]) VALUES (N'27848a12-ccb5-48ba-83fb-5e02b28886f5', N'721f82eb-6a13-4de1-a115-460531510c7c', N'df2b3fc0-0a65-416f-aff9-073e53ffcaac', N'Grandparent', N'noun', N'ông bà', N'/ˈɡrænpeərənt/')
INSERT [dbo].[Vocabularies] ([idVoc], [idTopic], [idProfessor], [engWord], [wordType], [meaning], [pronunciation]) VALUES (N'882556e1-d5c1-4e8d-843a-5e53d2d2b093', N'bce9032e-0bb5-4e2f-bd9b-31c8ae444a52', N'df2b3fc0-0a65-416f-aff9-073e53ffcaac', N'Travel', N'verb', N'du lịch', N'/ˈtræv.əl/')
INSERT [dbo].[Vocabularies] ([idVoc], [idTopic], [idProfessor], [engWord], [wordType], [meaning], [pronunciation]) VALUES (N'2092c15c-a08a-4213-89a4-5eceb81c46ec', N'fdc85a13-60ec-4164-9922-3929b0dd0c22', N'df2b3fc0-0a65-416f-aff9-073e53ffcaac', N'Collection', N'noun', N'bộ sưu tập', N'/kəˈlɛkʃən/')
INSERT [dbo].[Vocabularies] ([idVoc], [idTopic], [idProfessor], [engWord], [wordType], [meaning], [pronunciation]) VALUES (N'9d741e4f-3ca7-4ecb-9562-5ecf31102885', N'a413d1b1-8dce-4b21-ae82-3616de156806', N'df2b3fc0-0a65-416f-aff9-073e53ffcaac', N'Red', N'adj', N'màu đỏ', N'/red/')
INSERT [dbo].[Vocabularies] ([idVoc], [idTopic], [idProfessor], [engWord], [wordType], [meaning], [pronunciation]) VALUES (N'0cc98c40-fe88-4339-a086-5f05a2500459', N'1061d61d-d0cc-4123-ba65-607586d3607a', N'df2b3fc0-0a65-416f-aff9-073e53ffcaac', N'Episode', N'noun', N'phần, tập (phim, chương trình)', N'/ˈɛpəˌsoʊd/')
INSERT [dbo].[Vocabularies] ([idVoc], [idTopic], [idProfessor], [engWord], [wordType], [meaning], [pronunciation]) VALUES (N'aad21272-ca33-4622-a2d0-5f14bc44d44a', N'fdc85a13-60ec-4164-9922-3929b0dd0c22', N'df2b3fc0-0a65-416f-aff9-073e53ffcaac', N'Band', N'noun', N'ban nhạc', N'/bænd/')
INSERT [dbo].[Vocabularies] ([idVoc], [idTopic], [idProfessor], [engWord], [wordType], [meaning], [pronunciation]) VALUES (N'1dab0ed7-abe2-4a38-9cc6-5f25aead0be3', N'a3ec4f2e-e8f7-477d-b3bb-299b258419bd', N'df2b3fc0-0a65-416f-aff9-073e53ffcaac', N'Email', N'noun', N'thư điện tử', N'/i-meɪl/')
INSERT [dbo].[Vocabularies] ([idVoc], [idTopic], [idProfessor], [engWord], [wordType], [meaning], [pronunciation]) VALUES (N'89a814ce-3b04-4133-b688-5f56185285a7', N'bce41039-a78d-4298-8f50-4224340cd0b9', N'df2b3fc0-0a65-416f-aff9-073e53ffcaac', N'Lemonade', N'noun', N'nước chanh', N'/ˌlɛməˈneɪd/')
INSERT [dbo].[Vocabularies] ([idVoc], [idTopic], [idProfessor], [engWord], [wordType], [meaning], [pronunciation]) VALUES (N'9b283fec-15e0-48db-b66d-5f86b8ddb265', N'972aa447-28b3-4f97-b86c-0cb1f200372d', N'df2b3fc0-0a65-416f-aff9-073e53ffcaac', N'Smoked salmon', N'noun', N'cá hồi hun khói', N'/sməʊkt ˈsæm.ən/')
INSERT [dbo].[Vocabularies] ([idVoc], [idTopic], [idProfessor], [engWord], [wordType], [meaning], [pronunciation]) VALUES (N'157efc65-bfb8-422f-b32e-5fb95192973a', N'46ec0e4f-a022-47d9-b1a3-9a7b4da3cfe2', N'df2b3fc0-0a65-416f-aff9-073e53ffcaac', N'Expiration', N'noun', N'hạn sử dụng', N'/,ekspə’rei∫n/')
INSERT [dbo].[Vocabularies] ([idVoc], [idTopic], [idProfessor], [engWord], [wordType], [meaning], [pronunciation]) VALUES (N'aae6c187-2023-4472-99f7-5fc4f102e5e5', N'fdc85a13-60ec-4164-9922-3929b0dd0c22', N'df2b3fc0-0a65-416f-aff9-073e53ffcaac', N'Model', N'noun', N'người mẫu', N'/ˈmɑdəl/')
GO
INSERT [dbo].[Vocabularies] ([idVoc], [idTopic], [idProfessor], [engWord], [wordType], [meaning], [pronunciation]) VALUES (N'1a7d8bf4-5362-4ebb-b045-6068ba8e92b4', N'a3ec4f2e-e8f7-477d-b3bb-299b258419bd', N'df2b3fc0-0a65-416f-aff9-073e53ffcaac', N'Hardware', N'noun', N'phần cứng', N'/ˈhɑrˌdwɛr/')
INSERT [dbo].[Vocabularies] ([idVoc], [idTopic], [idProfessor], [engWord], [wordType], [meaning], [pronunciation]) VALUES (N'cc5e3df1-2b73-45aa-83fc-607318ffdd14', N'f62f918e-5ba9-4aef-9844-b646532e3e80', N'df2b3fc0-0a65-416f-aff9-073e53ffcaac', N'Finger', N'noun', N'ngón tay', N'/ˈfɪŋgər/')
INSERT [dbo].[Vocabularies] ([idVoc], [idTopic], [idProfessor], [engWord], [wordType], [meaning], [pronunciation]) VALUES (N'a1be6332-7bdd-4913-93d3-6225490986a9', N'bce41039-a78d-4298-8f50-4224340cd0b9', N'df2b3fc0-0a65-416f-aff9-073e53ffcaac', N'Orange juice', N'noun', N'nước cam', N'/ˈɒrɪnʤ ʤuːs/')
INSERT [dbo].[Vocabularies] ([idVoc], [idTopic], [idProfessor], [engWord], [wordType], [meaning], [pronunciation]) VALUES (N'789c18ee-c2c3-4020-b3af-627936e479ca', N'9d446d63-8055-4802-a831-c2b9cce62d21', N'df2b3fc0-0a65-416f-aff9-073e53ffcaac', N'Tall', N'adj', N'cao', N'/tɔl/')
INSERT [dbo].[Vocabularies] ([idVoc], [idTopic], [idProfessor], [engWord], [wordType], [meaning], [pronunciation]) VALUES (N'014b53dd-8945-40a7-860e-62ebefcb41ec', N'195877e6-0fe9-4de8-b8bc-1010af42ef5a', N'df2b3fc0-0a65-416f-aff9-073e53ffcaac', N'Horse', N'noun', N'con ngựa', N'/hɔːs/')
INSERT [dbo].[Vocabularies] ([idVoc], [idTopic], [idProfessor], [engWord], [wordType], [meaning], [pronunciation]) VALUES (N'a4fb5b45-e36c-4fa2-afd4-6306b65b9280', N'd4d3a504-209d-40c8-9124-002b48d82035', N'df2b3fc0-0a65-416f-aff9-073e53ffcaac', N'Polite', N'adj', N'lịch sự, lễ phép', N'/pəˈlaɪt/')
INSERT [dbo].[Vocabularies] ([idVoc], [idTopic], [idProfessor], [engWord], [wordType], [meaning], [pronunciation]) VALUES (N'9638377b-fc85-4403-b2a9-63d447f8e353', N'bce41039-a78d-4298-8f50-4224340cd0b9', N'df2b3fc0-0a65-416f-aff9-073e53ffcaac', N'Green tea', N'noun', N'trà xanh', N'/griːn tiː/')
INSERT [dbo].[Vocabularies] ([idVoc], [idTopic], [idProfessor], [engWord], [wordType], [meaning], [pronunciation]) VALUES (N'97ee8bae-c1d7-49c4-9c0a-64ea9e9cf541', N'195877e6-0fe9-4de8-b8bc-1010af42ef5a', N'df2b3fc0-0a65-416f-aff9-073e53ffcaac', N'Cow', N'noun', N'con bò', N'/kaʊ/')
INSERT [dbo].[Vocabularies] ([idVoc], [idTopic], [idProfessor], [engWord], [wordType], [meaning], [pronunciation]) VALUES (N'4cd762a1-e502-4991-b049-6659195464b2', N'fdc85a13-60ec-4164-9922-3929b0dd0c22', N'df2b3fc0-0a65-416f-aff9-073e53ffcaac', N'Exhibition', N'noun', N'Triển lãm', N'/ˌɛksəˈbɪʃən/')
INSERT [dbo].[Vocabularies] ([idVoc], [idTopic], [idProfessor], [engWord], [wordType], [meaning], [pronunciation]) VALUES (N'4a54c8c5-e949-41bf-8161-66864179222a', N'fdc85a13-60ec-4164-9922-3929b0dd0c22', N'df2b3fc0-0a65-416f-aff9-073e53ffcaac', N'Sketch', N'noun', N'bản thảo, bản nháp;', N'/skɛʧ/')
INSERT [dbo].[Vocabularies] ([idVoc], [idTopic], [idProfessor], [engWord], [wordType], [meaning], [pronunciation]) VALUES (N'834dac70-17c0-4f7e-ac8d-66fb953cb199', N'd4d3a504-209d-40c8-9124-002b48d82035', N'df2b3fc0-0a65-416f-aff9-073e53ffcaac', N'Confident', N'adj', N'tự tin', N'/ˈkɑnfədənt/')
INSERT [dbo].[Vocabularies] ([idVoc], [idTopic], [idProfessor], [engWord], [wordType], [meaning], [pronunciation]) VALUES (N'3e4fe271-10f0-4b67-b26f-675acb9f2a7b', N'd4d3a504-209d-40c8-9124-002b48d82035', N'df2b3fc0-0a65-416f-aff9-073e53ffcaac', N'Funny', N'adj', N'hài hước, vui tính', N'/ˈfʌni/')
INSERT [dbo].[Vocabularies] ([idVoc], [idTopic], [idProfessor], [engWord], [wordType], [meaning], [pronunciation]) VALUES (N'1d07beab-a0ea-429d-b9bb-682716b43fa3', N'fdc85a13-60ec-4164-9922-3929b0dd0c22', N'df2b3fc0-0a65-416f-aff9-073e53ffcaac', N'Artwork', N'noun', N'tác phẩm nghệ thuật', N'/ˈɑrˌtwɜrk/')
INSERT [dbo].[Vocabularies] ([idVoc], [idTopic], [idProfessor], [engWord], [wordType], [meaning], [pronunciation]) VALUES (N'de6eb8a4-f2fe-484b-bbe9-6866135b36d8', N'9d446d63-8055-4802-a831-c2b9cce62d21', N'df2b3fc0-0a65-416f-aff9-073e53ffcaac', N'Charming', N'adj', N'quyến rũ, thu hút', N'/ˈʧɑrmɪŋ/')
INSERT [dbo].[Vocabularies] ([idVoc], [idTopic], [idProfessor], [engWord], [wordType], [meaning], [pronunciation]) VALUES (N'e84da2a7-bd99-45b2-941d-694b8d4420f9', N'fdc85a13-60ec-4164-9922-3929b0dd0c22', N'df2b3fc0-0a65-416f-aff9-073e53ffcaac', N'Choir', N'noun', N'dàn hợp xướng', N'/ˈkwaɪər/')
INSERT [dbo].[Vocabularies] ([idVoc], [idTopic], [idProfessor], [engWord], [wordType], [meaning], [pronunciation]) VALUES (N'2bfadec4-a1ed-4822-b9e2-6a8e79640aa3', N'd69daf8e-81d7-40fc-9b75-957d4822fbc4', N'df2b3fc0-0a65-416f-aff9-073e53ffcaac', N'Blouse', N'noun', N'áo sơ mi nữ', N'/blaʊz/')
INSERT [dbo].[Vocabularies] ([idVoc], [idTopic], [idProfessor], [engWord], [wordType], [meaning], [pronunciation]) VALUES (N'705411d0-b6b5-44e6-9724-6be2dbcaf75b', N'972aa447-28b3-4f97-b86c-0cb1f200372d', N'df2b3fc0-0a65-416f-aff9-073e53ffcaac', N'Rice', N'noun', N'cơm trắng', N'/rīs/')
INSERT [dbo].[Vocabularies] ([idVoc], [idTopic], [idProfessor], [engWord], [wordType], [meaning], [pronunciation]) VALUES (N'0f5c14fd-c611-45a2-8ea2-6c82daad72ee', N'2e10c0fb-82e8-4c5b-a567-8758238aa13a', N'df2b3fc0-0a65-416f-aff9-073e53ffcaac', N'Destruction', N'noun', N'sự phá hủy', N'/dɪsˈtrʌkʃən/')
INSERT [dbo].[Vocabularies] ([idVoc], [idTopic], [idProfessor], [engWord], [wordType], [meaning], [pronunciation]) VALUES (N'83eb7695-4464-413a-ac0e-6cca06864fe9', N'46ec0e4f-a022-47d9-b1a3-9a7b4da3cfe2', N'df2b3fc0-0a65-416f-aff9-073e53ffcaac', N'Customer', N'noun', N'khách hàng', N'/ˈkʌstəmər/')
INSERT [dbo].[Vocabularies] ([idVoc], [idTopic], [idProfessor], [engWord], [wordType], [meaning], [pronunciation]) VALUES (N'3e95a210-3d77-4a87-bc4e-6cf9e2aacb9a', N'fdc85a13-60ec-4164-9922-3929b0dd0c22', N'df2b3fc0-0a65-416f-aff9-073e53ffcaac', N'Artist', N'noun', N'nghệ sĩ', N'/ˈɑrtɪst/')
INSERT [dbo].[Vocabularies] ([idVoc], [idTopic], [idProfessor], [engWord], [wordType], [meaning], [pronunciation]) VALUES (N'5811a52f-5596-4e75-8b19-6da6d3176308', N'bce9032e-0bb5-4e2f-bd9b-31c8ae444a52', N'df2b3fc0-0a65-416f-aff9-073e53ffcaac', N'Collect stamp', N'verb', N'sưu tập tem', N'/kəˈlɛkt stæmp/')
INSERT [dbo].[Vocabularies] ([idVoc], [idTopic], [idProfessor], [engWord], [wordType], [meaning], [pronunciation]) VALUES (N'0c5b1f12-aeed-4720-9512-6e11399e3be1', N'fdc85a13-60ec-4164-9922-3929b0dd0c22', N'df2b3fc0-0a65-416f-aff9-073e53ffcaac', N'Music', N'noun', N'âm nhạc', N'/ˈmjuzɪk/')
INSERT [dbo].[Vocabularies] ([idVoc], [idTopic], [idProfessor], [engWord], [wordType], [meaning], [pronunciation]) VALUES (N'2992709d-b875-4cf0-abad-6f5935b272c7', N'54c6e232-c588-483e-82e1-b91e1b24c294', N'df2b3fc0-0a65-416f-aff9-073e53ffcaac', N'Missed', N'verb', N'lỡ, nhỡ', N'/mɪst/')
INSERT [dbo].[Vocabularies] ([idVoc], [idTopic], [idProfessor], [engWord], [wordType], [meaning], [pronunciation]) VALUES (N'2db3fe09-b8cb-420f-8e99-6f61ffb1c909', N'88428cce-b2c5-4897-a1c3-ebae3a0bf90a', N'df2b3fc0-0a65-416f-aff9-073e53ffcaac', N'Gale', N'noun', N'gió giật', N'/geil/')
INSERT [dbo].[Vocabularies] ([idVoc], [idTopic], [idProfessor], [engWord], [wordType], [meaning], [pronunciation]) VALUES (N'cb3afeff-7221-429c-8adf-6fcca898639e', N'fdc85a13-60ec-4164-9922-3929b0dd0c22', N'df2b3fc0-0a65-416f-aff9-073e53ffcaac', N'Portrait', N'noun', N'tranh chân dung', N'/ˈpɔrtrət/')
INSERT [dbo].[Vocabularies] ([idVoc], [idTopic], [idProfessor], [engWord], [wordType], [meaning], [pronunciation]) VALUES (N'365f576b-0014-4980-bb21-70708f66be61', N'9d446d63-8055-4802-a831-c2b9cce62d21', N'df2b3fc0-0a65-416f-aff9-073e53ffcaac', N'Weight', N'noun', N'cân nặng', N'/weɪt/')
INSERT [dbo].[Vocabularies] ([idVoc], [idTopic], [idProfessor], [engWord], [wordType], [meaning], [pronunciation]) VALUES (N'fd5c2f0e-4134-401b-9d49-709a8b92ced8', N'bce41039-a78d-4298-8f50-4224340cd0b9', N'df2b3fc0-0a65-416f-aff9-073e53ffcaac', N'Chocolate milk', N'noun', N'sô cô la sữa', N'/ˈʧɒkəlɪt mɪlk')
INSERT [dbo].[Vocabularies] ([idVoc], [idTopic], [idProfessor], [engWord], [wordType], [meaning], [pronunciation]) VALUES (N'56fbdcd3-75c2-4398-a336-70d125d34f7c', N'97ecf8d6-0569-4bee-82d1-5ef7a8ea5a78', N'df2b3fc0-0a65-416f-aff9-073e53ffcaac', N'Sales Department', N'noun', N'Phòng Kinh doanh', N'/seil dɪˈpɑːrt.mənt/')
INSERT [dbo].[Vocabularies] ([idVoc], [idTopic], [idProfessor], [engWord], [wordType], [meaning], [pronunciation]) VALUES (N'2fa9547e-0ee7-419a-a84d-71104d6f66a0', N'88428cce-b2c5-4897-a1c3-ebae3a0bf90a', N'df2b3fc0-0a65-416f-aff9-073e53ffcaac', N'Foggy', N'adj', N'sương mù', N'/’fɒgi/')
INSERT [dbo].[Vocabularies] ([idVoc], [idTopic], [idProfessor], [engWord], [wordType], [meaning], [pronunciation]) VALUES (N'21e21362-c4a1-486a-9db0-71f5564b1a3d', N'2e10c0fb-82e8-4c5b-a567-8758238aa13a', N'df2b3fc0-0a65-416f-aff9-073e53ffcaac', N'Environment', N'noun', N'môi trường', N'/ɪnˈvaɪ.rən.mənt/')
INSERT [dbo].[Vocabularies] ([idVoc], [idTopic], [idProfessor], [engWord], [wordType], [meaning], [pronunciation]) VALUES (N'7c323bff-cb7b-4185-abe3-728dec511f96', N'16e9e5ff-df19-432f-bfe0-a2f1cc3716e2', N'df2b3fc0-0a65-416f-aff9-073e53ffcaac', N'Hungry', N'adj', N'đói', N'/ˈhʌŋgri/')
INSERT [dbo].[Vocabularies] ([idVoc], [idTopic], [idProfessor], [engWord], [wordType], [meaning], [pronunciation]) VALUES (N'f0ec4b37-1985-4a06-811d-72df2c5109d8', N'9d446d63-8055-4802-a831-c2b9cce62d21', N'df2b3fc0-0a65-416f-aff9-073e53ffcaac', N'Height', N'noun', N'chiều cao', N'/haɪt/')
INSERT [dbo].[Vocabularies] ([idVoc], [idTopic], [idProfessor], [engWord], [wordType], [meaning], [pronunciation]) VALUES (N'82479571-8cfc-442a-8091-72f3150b3273', N'bce41039-a78d-4298-8f50-4224340cd0b9', N'df2b3fc0-0a65-416f-aff9-073e53ffcaac', N'Tomato juice', N'noun', N'nước ép cà chua', N'/təˈmɑːtəʊ ʤuːs/')
INSERT [dbo].[Vocabularies] ([idVoc], [idTopic], [idProfessor], [engWord], [wordType], [meaning], [pronunciation]) VALUES (N'62dbac99-0270-4423-8e6d-72f3af27bd52', N'a413d1b1-8dce-4b21-ae82-3616de156806', N'df2b3fc0-0a65-416f-aff9-073e53ffcaac', N'Turquoise', N'adj', N'màu lam', N'/ˈtɜː.kwɔɪz/')
INSERT [dbo].[Vocabularies] ([idVoc], [idTopic], [idProfessor], [engWord], [wordType], [meaning], [pronunciation]) VALUES (N'5173ed90-6038-489f-918a-744f726abcf1', N'a3ec4f2e-e8f7-477d-b3bb-299b258419bd', N'df2b3fc0-0a65-416f-aff9-073e53ffcaac', N'Internet', N'noun', N'mạng internet', N'/ˈɪntərˌnɛt/')
INSERT [dbo].[Vocabularies] ([idVoc], [idTopic], [idProfessor], [engWord], [wordType], [meaning], [pronunciation]) VALUES (N'479d1b26-749a-47e8-b629-748fe049841f', N'a3ec4f2e-e8f7-477d-b3bb-299b258419bd', N'df2b3fc0-0a65-416f-aff9-073e53ffcaac', N'Data', N'noun', N'dữ liệu', N'/ˈdeɪtə/')
INSERT [dbo].[Vocabularies] ([idVoc], [idTopic], [idProfessor], [engWord], [wordType], [meaning], [pronunciation]) VALUES (N'0787fda0-4c0c-4882-bb91-74a44d5290c6', N'd4d3a504-209d-40c8-9124-002b48d82035', N'df2b3fc0-0a65-416f-aff9-073e53ffcaac', N'Clever', N'adj', N'thông minh, khôn khéo', N'/ˈklɛvər/')
INSERT [dbo].[Vocabularies] ([idVoc], [idTopic], [idProfessor], [engWord], [wordType], [meaning], [pronunciation]) VALUES (N'7e6301a0-e490-4153-9217-74e2342cd168', N'fdc85a13-60ec-4164-9922-3929b0dd0c22', N'df2b3fc0-0a65-416f-aff9-073e53ffcaac', N'Inspiration', N'noun', N'nguồn cảm hứng', N'/ˌɪnspəˈreɪʃən/')
INSERT [dbo].[Vocabularies] ([idVoc], [idTopic], [idProfessor], [engWord], [wordType], [meaning], [pronunciation]) VALUES (N'9579effb-d3ce-40ee-a47f-753d4faef259', N'f62f918e-5ba9-4aef-9844-b646532e3e80', N'df2b3fc0-0a65-416f-aff9-073e53ffcaac', N'Mouth', N'noun', N'miệng', N'/maʊθ/')
INSERT [dbo].[Vocabularies] ([idVoc], [idTopic], [idProfessor], [engWord], [wordType], [meaning], [pronunciation]) VALUES (N'2bb03359-bfa2-4502-91c4-75aab61e4fe9', N'bce9032e-0bb5-4e2f-bd9b-31c8ae444a52', N'df2b3fc0-0a65-416f-aff9-073e53ffcaac', N'Go for a walk', N'verb', N'đi dạo', N'/gəʊ fɔːr ə wɔːk/')
INSERT [dbo].[Vocabularies] ([idVoc], [idTopic], [idProfessor], [engWord], [wordType], [meaning], [pronunciation]) VALUES (N'4f8c0d4d-5a13-4895-93ff-75e6c990d7c8', N'd4d3a504-209d-40c8-9124-002b48d82035', N'df2b3fc0-0a65-416f-aff9-073e53ffcaac', N'Easy-going', N'adj', N'thoải mái', N'/ˈizi-ˈgoʊɪŋ/')
INSERT [dbo].[Vocabularies] ([idVoc], [idTopic], [idProfessor], [engWord], [wordType], [meaning], [pronunciation]) VALUES (N'400e4437-d476-42cb-89d3-7637a3fbd00f', N'a3ec4f2e-e8f7-477d-b3bb-299b258419bd', N'df2b3fc0-0a65-416f-aff9-073e53ffcaac', N'Laptop', N'noun', N'máy tính xách tay', N'/ˈlæpˌtɑp/')
INSERT [dbo].[Vocabularies] ([idVoc], [idTopic], [idProfessor], [engWord], [wordType], [meaning], [pronunciation]) VALUES (N'3af7af56-f9f2-455d-88c4-7637cd4a9ae4', N'97ecf8d6-0569-4bee-82d1-5ef7a8ea5a78', N'df2b3fc0-0a65-416f-aff9-073e53ffcaac', N'Affiliate', N'noun', N'Công ty liên kết', N'/əˈfɪlieɪt/')
INSERT [dbo].[Vocabularies] ([idVoc], [idTopic], [idProfessor], [engWord], [wordType], [meaning], [pronunciation]) VALUES (N'b2d456dd-86ab-40e3-9d34-763d23d6ea3d', N'a3ec4f2e-e8f7-477d-b3bb-299b258419bd', N'df2b3fc0-0a65-416f-aff9-073e53ffcaac', N'System', N'noun', N'hệ thống', N'/ˈsɪstəm/')
INSERT [dbo].[Vocabularies] ([idVoc], [idTopic], [idProfessor], [engWord], [wordType], [meaning], [pronunciation]) VALUES (N'5af7fdc0-e182-45c7-af77-77a4aed5fb24', N'd1210dee-26e2-44da-a220-351ef47cde18', N'df2b3fc0-0a65-416f-aff9-073e53ffcaac', N'Club', N'noun', N'câu lạc bộ', N'/klʌb/')
INSERT [dbo].[Vocabularies] ([idVoc], [idTopic], [idProfessor], [engWord], [wordType], [meaning], [pronunciation]) VALUES (N'844c28c4-e6e1-437c-befe-791030b3302d', N'fdc85a13-60ec-4164-9922-3929b0dd0c22', N'df2b3fc0-0a65-416f-aff9-073e53ffcaac', N'Image', N'noun', N'bức ảnh', N'/ˈɪmɪʤ/')
INSERT [dbo].[Vocabularies] ([idVoc], [idTopic], [idProfessor], [engWord], [wordType], [meaning], [pronunciation]) VALUES (N'5b1377b3-3475-4adc-9272-7971efae280e', N'bce9032e-0bb5-4e2f-bd9b-31c8ae444a52', N'df2b3fc0-0a65-416f-aff9-073e53ffcaac', N'Listen to music', N'verb', N'nghe nhạc', N'/ˈlɪsn tuː ˈmjuːzɪk/')
INSERT [dbo].[Vocabularies] ([idVoc], [idTopic], [idProfessor], [engWord], [wordType], [meaning], [pronunciation]) VALUES (N'213340f5-5c33-4131-bdef-79aaf8b3f6a3', N'2e10c0fb-82e8-4c5b-a567-8758238aa13a', N'df2b3fc0-0a65-416f-aff9-073e53ffcaac', N'Disposal', N'noun', N'sSự vứt bỏ', N'/dɪsˈpəʊzəl/')
INSERT [dbo].[Vocabularies] ([idVoc], [idTopic], [idProfessor], [engWord], [wordType], [meaning], [pronunciation]) VALUES (N'a70bb589-9357-4a2c-9f4a-7a3e44453a9a', N'd4d3a504-209d-40c8-9124-002b48d82035', N'df2b3fc0-0a65-416f-aff9-073e53ffcaac', N'Brave', N'adj', N'can đảm, dũng cảm', N'/breɪv/')
INSERT [dbo].[Vocabularies] ([idVoc], [idTopic], [idProfessor], [engWord], [wordType], [meaning], [pronunciation]) VALUES (N'fa61857d-d218-423f-9517-7aafcf5ef1e7', N'd4d3a504-209d-40c8-9124-002b48d82035', N'df2b3fc0-0a65-416f-aff9-073e53ffcaac', N'Generous', N'adj', N'hào phóng', N'/ˈʤɛnərəs/')
INSERT [dbo].[Vocabularies] ([idVoc], [idTopic], [idProfessor], [engWord], [wordType], [meaning], [pronunciation]) VALUES (N'10ccd21d-799c-4256-bd2b-7b35062774a3', N'721f82eb-6a13-4de1-a115-460531510c7c', N'df2b3fc0-0a65-416f-aff9-073e53ffcaac', N'Mother-in-law', N'noun', N'mẹ chồng/mẹ vợ', N'/ˈmʌðər ɪnˌlɔ/')
INSERT [dbo].[Vocabularies] ([idVoc], [idTopic], [idProfessor], [engWord], [wordType], [meaning], [pronunciation]) VALUES (N'271846a3-2990-41eb-a665-7b3e7eda6bad', N'2e10c0fb-82e8-4c5b-a567-8758238aa13a', N'df2b3fc0-0a65-416f-aff9-073e53ffcaac', N'Ecosystem', N'noun', N'hệ sinh thái', N'/ˈiː.kəʊˌsɪs.təm/')
INSERT [dbo].[Vocabularies] ([idVoc], [idTopic], [idProfessor], [engWord], [wordType], [meaning], [pronunciation]) VALUES (N'5000520d-8b41-48cd-92ef-7b99dd3665ea', N'195877e6-0fe9-4de8-b8bc-1010af42ef5a', N'df2b3fc0-0a65-416f-aff9-073e53ffcaac', N'Squirrel', N'noun', N'con sóc', N'/ˈskwɪrəl/')
INSERT [dbo].[Vocabularies] ([idVoc], [idTopic], [idProfessor], [engWord], [wordType], [meaning], [pronunciation]) VALUES (N'ea150e9a-a479-4c87-8ce0-7bd2d7752f8a', N'46ec0e4f-a022-47d9-b1a3-9a7b4da3cfe2', N'df2b3fc0-0a65-416f-aff9-073e53ffcaac', N'Shop assistant', N'noun', N'nhân viên bán hàng', N'/ə’sɪstənt/')
INSERT [dbo].[Vocabularies] ([idVoc], [idTopic], [idProfessor], [engWord], [wordType], [meaning], [pronunciation]) VALUES (N'f21ec581-c732-4550-a2ed-7c145c3ac821', N'97ecf8d6-0569-4bee-82d1-5ef7a8ea5a78', N'df2b3fc0-0a65-416f-aff9-073e53ffcaac', N'Marketing Department', N'noun', N'Phòng Marketing, phòng tiếp thị', N'/‘ma:kitiη dɪˈpɑːrt.mənt/')
INSERT [dbo].[Vocabularies] ([idVoc], [idTopic], [idProfessor], [engWord], [wordType], [meaning], [pronunciation]) VALUES (N'8aad28b9-48fb-41b9-a9d4-7c57b2c613bf', N'd69daf8e-81d7-40fc-9b75-957d4822fbc4', N'df2b3fc0-0a65-416f-aff9-073e53ffcaac', N'Dress', N'noun', N'váy liền thân', N'/dres/')
INSERT [dbo].[Vocabularies] ([idVoc], [idTopic], [idProfessor], [engWord], [wordType], [meaning], [pronunciation]) VALUES (N'e9ee0626-7156-48b8-8d5b-7d23fd77ee41', N'a3ec4f2e-e8f7-477d-b3bb-299b258419bd', N'df2b3fc0-0a65-416f-aff9-073e53ffcaac', N'Browser', N'noun', N'trình duyệt', N'/ˈbraʊzər/')
INSERT [dbo].[Vocabularies] ([idVoc], [idTopic], [idProfessor], [engWord], [wordType], [meaning], [pronunciation]) VALUES (N'1ea7f5b8-d867-41fb-8e63-7dcde63a7ae0', N'972aa447-28b3-4f97-b86c-0cb1f200372d', N'df2b3fc0-0a65-416f-aff9-073e53ffcaac', N'Noodles', N'noun', N'bún, phở, mì', N'/ˈnuːdl/')
INSERT [dbo].[Vocabularies] ([idVoc], [idTopic], [idProfessor], [engWord], [wordType], [meaning], [pronunciation]) VALUES (N'c9618970-0da0-4ed0-ad07-7e4044d9079f', N'1061d61d-d0cc-4123-ba65-607586d3607a', N'df2b3fc0-0a65-416f-aff9-073e53ffcaac', N'Magazine', N'noun', N'tạp chí', N'/ˈmægəˌzin/')
INSERT [dbo].[Vocabularies] ([idVoc], [idTopic], [idProfessor], [engWord], [wordType], [meaning], [pronunciation]) VALUES (N'58d2af63-32cc-472a-a597-7f33f7e6c397', N'721f82eb-6a13-4de1-a115-460531510c7c', N'df2b3fc0-0a65-416f-aff9-073e53ffcaac', N'Parent', N'noun', N'bố mẹ', N'/ˈpeərənt/')
INSERT [dbo].[Vocabularies] ([idVoc], [idTopic], [idProfessor], [engWord], [wordType], [meaning], [pronunciation]) VALUES (N'232d9c11-72cc-4648-a3d9-7f9905591785', N'd1210dee-26e2-44da-a220-351ef47cde18', N'df2b3fc0-0a65-416f-aff9-073e53ffcaac', N'Kindergarten', N'noun', N'trường mầm non', N'/ˈkɪndəˌgɑːtn/')
INSERT [dbo].[Vocabularies] ([idVoc], [idTopic], [idProfessor], [engWord], [wordType], [meaning], [pronunciation]) VALUES (N'62796340-3990-4980-845b-7fc2da20339d', N'721f82eb-6a13-4de1-a115-460531510c7c', N'df2b3fc0-0a65-416f-aff9-073e53ffcaac', N'Son-in-law', N'noun', N'con rể', N'/ˈsʌn ɪn lɔ/')
INSERT [dbo].[Vocabularies] ([idVoc], [idTopic], [idProfessor], [engWord], [wordType], [meaning], [pronunciation]) VALUES (N'57150f32-2c68-4d19-b2b1-8054f8be490e', N'16e9e5ff-df19-432f-bfe0-a2f1cc3716e2', N'df2b3fc0-0a65-416f-aff9-073e53ffcaac', N'Angry', N'adj', N'tức giận, giận dữ', N'/ˈæŋgri/')
INSERT [dbo].[Vocabularies] ([idVoc], [idTopic], [idProfessor], [engWord], [wordType], [meaning], [pronunciation]) VALUES (N'78d10a43-b158-4641-8e47-805c4b83e5bb', N'972aa447-28b3-4f97-b86c-0cb1f200372d', N'df2b3fc0-0a65-416f-aff9-073e53ffcaac', N'Curry', N'noun', N'cà ri', N'/ˈkʌr.i/')
INSERT [dbo].[Vocabularies] ([idVoc], [idTopic], [idProfessor], [engWord], [wordType], [meaning], [pronunciation]) VALUES (N'3bcf79ba-00c7-474f-a240-8265237b89c8', N'88428cce-b2c5-4897-a1c3-ebae3a0bf90a', N'df2b3fc0-0a65-416f-aff9-073e53ffcaac', N'Flood', N'noun', N'lũ lụt', N'/flʌd/')
INSERT [dbo].[Vocabularies] ([idVoc], [idTopic], [idProfessor], [engWord], [wordType], [meaning], [pronunciation]) VALUES (N'5d4f56d0-014e-41bd-880c-832d114b0c1c', N'972aa447-28b3-4f97-b86c-0cb1f200372d', N'df2b3fc0-0a65-416f-aff9-073e53ffcaac', N'Snails', N'noun', N'Ốc', N'/sneɪlz/')
INSERT [dbo].[Vocabularies] ([idVoc], [idTopic], [idProfessor], [engWord], [wordType], [meaning], [pronunciation]) VALUES (N'a31cb17c-4670-4237-846d-84c0426720ae', N'bce9032e-0bb5-4e2f-bd9b-31c8ae444a52', N'df2b3fc0-0a65-416f-aff9-073e53ffcaac', N'To the cinema', N'verb', N'đi xem phim', N'/gəʊ tuː ðə ˈsɪnəmə/')
INSERT [dbo].[Vocabularies] ([idVoc], [idTopic], [idProfessor], [engWord], [wordType], [meaning], [pronunciation]) VALUES (N'c37c8530-663b-4a30-894c-85172c002649', N'46ec0e4f-a022-47d9-b1a3-9a7b4da3cfe2', N'df2b3fc0-0a65-416f-aff9-073e53ffcaac', N'Sample', N'noun', N'hàng mẫu', N'/’sæmpəl/')
INSERT [dbo].[Vocabularies] ([idVoc], [idTopic], [idProfessor], [engWord], [wordType], [meaning], [pronunciation]) VALUES (N'e3258b1c-4b8f-43cd-b09d-85459f2c1345', N'd4d3a504-209d-40c8-9124-002b48d82035', N'df2b3fc0-0a65-416f-aff9-073e53ffcaac', N'Loyal', N'adj', N'trung thành', N'/ˈlɔɪəl/')
INSERT [dbo].[Vocabularies] ([idVoc], [idTopic], [idProfessor], [engWord], [wordType], [meaning], [pronunciation]) VALUES (N'c9536ba7-011a-4f4e-b416-857cec6d3d3b', N'88428cce-b2c5-4897-a1c3-ebae3a0bf90a', N'df2b3fc0-0a65-416f-aff9-073e53ffcaac', N'Sunny', N'adj', N'nắng', N'/’sʌni/')
INSERT [dbo].[Vocabularies] ([idVoc], [idTopic], [idProfessor], [engWord], [wordType], [meaning], [pronunciation]) VALUES (N'31b8aa13-d6c9-4f59-94a6-861fd2ec7271', N'bce9032e-0bb5-4e2f-bd9b-31c8ae444a52', N'df2b3fc0-0a65-416f-aff9-073e53ffcaac', N'Jogging', N'verb', N'chạy bộ', N'/ˈdʒɑː.ɡɪŋ/')
INSERT [dbo].[Vocabularies] ([idVoc], [idTopic], [idProfessor], [engWord], [wordType], [meaning], [pronunciation]) VALUES (N'8c971152-1de6-493c-94a3-866f43f5fc61', N'fdc85a13-60ec-4164-9922-3929b0dd0c22', N'df2b3fc0-0a65-416f-aff9-073e53ffcaac', N'Inspire', N'verb', N'truyền cảm hứng', N'/ɪnˈspaɪr/')
INSERT [dbo].[Vocabularies] ([idVoc], [idTopic], [idProfessor], [engWord], [wordType], [meaning], [pronunciation]) VALUES (N'6393baef-d56f-4743-86d9-867cc21ac4e1', N'fdc85a13-60ec-4164-9922-3929b0dd0c22', N'df2b3fc0-0a65-416f-aff9-073e53ffcaac', N'Illustration', N'noun', N'hình minh họa', N'/ˌɪləˈstreɪʃən/')
INSERT [dbo].[Vocabularies] ([idVoc], [idTopic], [idProfessor], [engWord], [wordType], [meaning], [pronunciation]) VALUES (N'43e222e8-4b85-4f3d-8689-86b28d62dbe7', N'46ec0e4f-a022-47d9-b1a3-9a7b4da3cfe2', N'df2b3fc0-0a65-416f-aff9-073e53ffcaac', N'Queue', N'verb', N'xếp hàng', N'/kju/')
INSERT [dbo].[Vocabularies] ([idVoc], [idTopic], [idProfessor], [engWord], [wordType], [meaning], [pronunciation]) VALUES (N'e97be4bf-9dbe-41e8-8fe0-86e8828a3d73', N'f62f918e-5ba9-4aef-9844-b646532e3e80', N'df2b3fc0-0a65-416f-aff9-073e53ffcaac', N'Blood', N'noun', N'máu', N'/blʌd/')
INSERT [dbo].[Vocabularies] ([idVoc], [idTopic], [idProfessor], [engWord], [wordType], [meaning], [pronunciation]) VALUES (N'b617dd63-ca4f-48e5-8433-86f075d4db75', N'a3ec4f2e-e8f7-477d-b3bb-299b258419bd', N'df2b3fc0-0a65-416f-aff9-073e53ffcaac', N'Connection', N'noun', N'kết nối', N'/kəˈnɛkʃən/')
INSERT [dbo].[Vocabularies] ([idVoc], [idTopic], [idProfessor], [engWord], [wordType], [meaning], [pronunciation]) VALUES (N'83dad961-29d1-4725-9e46-870918c049b8', N'195877e6-0fe9-4de8-b8bc-1010af42ef5a', N'df2b3fc0-0a65-416f-aff9-073e53ffcaac', N'Rabbit', N'noun', N'con thỏ', N'/ˈræbɪt/')
INSERT [dbo].[Vocabularies] ([idVoc], [idTopic], [idProfessor], [engWord], [wordType], [meaning], [pronunciation]) VALUES (N'25066b6c-660c-4ecd-a928-875c99732f56', N'97ecf8d6-0569-4bee-82d1-5ef7a8ea5a78', N'df2b3fc0-0a65-416f-aff9-073e53ffcaac', N'Human Resource Department', N'noun', N'Phòng Nhân sự', N'/‘hju:mən ri’sɔ:s dɪˈpɑːrt.mənt/')
INSERT [dbo].[Vocabularies] ([idVoc], [idTopic], [idProfessor], [engWord], [wordType], [meaning], [pronunciation]) VALUES (N'dc6e3dca-cc94-49ce-9a08-87dc5a731d4d', N'bce9032e-0bb5-4e2f-bd9b-31c8ae444a52', N'df2b3fc0-0a65-416f-aff9-073e53ffcaac', N'Go camping', N'verb', N'đi cắm trại', N'/gəʊ ˈkæmpɪŋ/')
INSERT [dbo].[Vocabularies] ([idVoc], [idTopic], [idProfessor], [engWord], [wordType], [meaning], [pronunciation]) VALUES (N'82a5510f-51b5-4c4b-b358-88613fea713e', N'a413d1b1-8dce-4b21-ae82-3616de156806', N'df2b3fc0-0a65-416f-aff9-073e53ffcaac', N'Orange', N'adj', N'màu cam', N'/ˈɒr.ɪndʒ/')
INSERT [dbo].[Vocabularies] ([idVoc], [idTopic], [idProfessor], [engWord], [wordType], [meaning], [pronunciation]) VALUES (N'be09f11f-dfa8-4aed-a778-88c5f79cdd20', N'f62f918e-5ba9-4aef-9844-b646532e3e80', N'df2b3fc0-0a65-416f-aff9-073e53ffcaac', N'Body part', N'noun', N'bộ phận cơ thể', N'/ˈbɑdi pɑrt/')
INSERT [dbo].[Vocabularies] ([idVoc], [idTopic], [idProfessor], [engWord], [wordType], [meaning], [pronunciation]) VALUES (N'a3eac5db-0005-4781-9143-8a15336ce2e3', N'd4d3a504-209d-40c8-9124-002b48d82035', N'df2b3fc0-0a65-416f-aff9-073e53ffcaac', N'Hard-working', N'adj', N'siêng năng, chăm chỉ', N'/hɑrd-ˈwɜrkɪŋ/')
INSERT [dbo].[Vocabularies] ([idVoc], [idTopic], [idProfessor], [engWord], [wordType], [meaning], [pronunciation]) VALUES (N'216eb710-23f3-4427-ae3e-8a8ec6eb4e64', N'9d446d63-8055-4802-a831-c2b9cce62d21', N'df2b3fc0-0a65-416f-aff9-073e53ffcaac', N'Handsome', N'adj', N'đẹp trai', N'/gʊd-ˈlʊkɪŋ/')
INSERT [dbo].[Vocabularies] ([idVoc], [idTopic], [idProfessor], [engWord], [wordType], [meaning], [pronunciation]) VALUES (N'ed1cf568-5a5a-4ae4-b0c6-8aaf97e4ec33', N'195877e6-0fe9-4de8-b8bc-1010af42ef5a', N'df2b3fc0-0a65-416f-aff9-073e53ffcaac', N'Kitten', N'noun', N'mèo con', N'/ˈkɪtn/')
INSERT [dbo].[Vocabularies] ([idVoc], [idTopic], [idProfessor], [engWord], [wordType], [meaning], [pronunciation]) VALUES (N'0ebf3b0c-4108-431c-a388-8abca93b9dc1', N'bce9032e-0bb5-4e2f-bd9b-31c8ae444a52', N'df2b3fc0-0a65-416f-aff9-073e53ffcaac', N'Mountaineering', N'verb', N'đi leo núi', N'/ˌmaʊn.tənˈɪr.ɪŋ/')
INSERT [dbo].[Vocabularies] ([idVoc], [idTopic], [idProfessor], [engWord], [wordType], [meaning], [pronunciation]) VALUES (N'08e8bd29-cba5-4067-b1a8-8ac422f9f0d0', N'46ec0e4f-a022-47d9-b1a3-9a7b4da3cfe2', N'df2b3fc0-0a65-416f-aff9-073e53ffcaac', N'Special offer', N'noun', N'ưu đãi đặc biệt', N'/ˈspeʃlˈɔːfər/')
INSERT [dbo].[Vocabularies] ([idVoc], [idTopic], [idProfessor], [engWord], [wordType], [meaning], [pronunciation]) VALUES (N'2b65b3c6-3e7c-4824-aa81-8c6dd15bcfa9', N'fdc85a13-60ec-4164-9922-3929b0dd0c22', N'df2b3fc0-0a65-416f-aff9-073e53ffcaac', N'Show', N'noun', N'buổi biểu diễn', N'/ʃoʊ/')
INSERT [dbo].[Vocabularies] ([idVoc], [idTopic], [idProfessor], [engWord], [wordType], [meaning], [pronunciation]) VALUES (N'523a39ba-ca66-4645-9dc1-8c9152f372cf', N'97ecf8d6-0569-4bee-82d1-5ef7a8ea5a78', N'df2b3fc0-0a65-416f-aff9-073e53ffcaac', N'State-owned enterprise', N'noun', N'Công ty nhà nước', N'/steɪt əʊn ˈentəpraɪz/')
INSERT [dbo].[Vocabularies] ([idVoc], [idTopic], [idProfessor], [engWord], [wordType], [meaning], [pronunciation]) VALUES (N'3f16c586-0170-4e18-b8e9-8ceeeca76b76', N'16e9e5ff-df19-432f-bfe0-a2f1cc3716e2', N'df2b3fc0-0a65-416f-aff9-073e53ffcaac', N'Excited', N'adj', N'hứng thú, hào hứng', N'/ɪkˈsaɪtəd/')
INSERT [dbo].[Vocabularies] ([idVoc], [idTopic], [idProfessor], [engWord], [wordType], [meaning], [pronunciation]) VALUES (N'f089b8ec-bc6e-49f9-a962-8d524b70ae4c', N'f62f918e-5ba9-4aef-9844-b646532e3e80', N'df2b3fc0-0a65-416f-aff9-073e53ffcaac', N'Thigh', N'noun', N'đùi', N'/θaɪ/')
INSERT [dbo].[Vocabularies] ([idVoc], [idTopic], [idProfessor], [engWord], [wordType], [meaning], [pronunciation]) VALUES (N'90e1ab93-cac4-4f57-907e-8e91f76f4819', N'46ec0e4f-a022-47d9-b1a3-9a7b4da3cfe2', N'df2b3fc0-0a65-416f-aff9-073e53ffcaac', N'Leaflet', N'noun', N'tờ rơi', N'/’liflɪt/')
INSERT [dbo].[Vocabularies] ([idVoc], [idTopic], [idProfessor], [engWord], [wordType], [meaning], [pronunciation]) VALUES (N'873b663e-8ec5-4280-8593-8ecbfe4b6482', N'd1210dee-26e2-44da-a220-351ef47cde18', N'df2b3fc0-0a65-416f-aff9-073e53ffcaac', N'Computer room', N'noun', N'phòng máy tính', N'/kəmˈpjuːtə ruːm/')
INSERT [dbo].[Vocabularies] ([idVoc], [idTopic], [idProfessor], [engWord], [wordType], [meaning], [pronunciation]) VALUES (N'05a3ebc7-d3dd-48e6-ae2f-8fa8d27d6548', N'd4d3a504-209d-40c8-9124-002b48d82035', N'df2b3fc0-0a65-416f-aff9-073e53ffcaac', N'Grumpy', N'adj', N'cáu kỉnh, khó chịu', N'/ˈgrʌmpi/')
INSERT [dbo].[Vocabularies] ([idVoc], [idTopic], [idProfessor], [engWord], [wordType], [meaning], [pronunciation]) VALUES (N'6a4b8b16-4f04-4947-a4c2-90301cd2b555', N'972aa447-28b3-4f97-b86c-0cb1f200372d', N'df2b3fc0-0a65-416f-aff9-073e53ffcaac', N'Seafood', N'noun', N'hải sản', N'/ˈsiː.fuːd/')
INSERT [dbo].[Vocabularies] ([idVoc], [idTopic], [idProfessor], [engWord], [wordType], [meaning], [pronunciation]) VALUES (N'a8d4f608-5571-41c4-82f7-9059dc3fb895', N'195877e6-0fe9-4de8-b8bc-1010af42ef5a', N'df2b3fc0-0a65-416f-aff9-073e53ffcaac', N'Fish', N'noun', N'cá', N'/fɪʃ/')
INSERT [dbo].[Vocabularies] ([idVoc], [idTopic], [idProfessor], [engWord], [wordType], [meaning], [pronunciation]) VALUES (N'9bfffff8-b2ca-42fb-b1c7-90708fe82ebc', N'a413d1b1-8dce-4b21-ae82-3616de156806', N'df2b3fc0-0a65-416f-aff9-073e53ffcaac', N'Light Blue', N'adj', N'xanh nhạt', N'/laɪt bluː/')
INSERT [dbo].[Vocabularies] ([idVoc], [idTopic], [idProfessor], [engWord], [wordType], [meaning], [pronunciation]) VALUES (N'd3244abf-f28d-45c9-916f-916c600a7dac', N'195877e6-0fe9-4de8-b8bc-1010af42ef5a', N'df2b3fc0-0a65-416f-aff9-073e53ffcaac', N'Hamster', N'noun', N'chuột Hamster', N'/ˈhæmstə/')
INSERT [dbo].[Vocabularies] ([idVoc], [idTopic], [idProfessor], [engWord], [wordType], [meaning], [pronunciation]) VALUES (N'bdad40d7-f99d-42ff-948e-91ba13ba5447', N'a413d1b1-8dce-4b21-ae82-3616de156806', N'df2b3fc0-0a65-416f-aff9-073e53ffcaac', N'Dark Green', N'adj', N'xanh lá cây đậm', N'/dɑːk griːn/')
INSERT [dbo].[Vocabularies] ([idVoc], [idTopic], [idProfessor], [engWord], [wordType], [meaning], [pronunciation]) VALUES (N'93fff748-4b41-4ca6-8a17-92d426c18b46', N'2e10c0fb-82e8-4c5b-a567-8758238aa13a', N'df2b3fc0-0a65-416f-aff9-073e53ffcaac', N'Greenhouse effect', N'noun', N'hiệu ứng nhà kính', N'/ˈɡriːnhaʊs ɪˈfekt/')
INSERT [dbo].[Vocabularies] ([idVoc], [idTopic], [idProfessor], [engWord], [wordType], [meaning], [pronunciation]) VALUES (N'f2d46718-3a99-471e-a032-9367bd5b84e5', N'bce41039-a78d-4298-8f50-4224340cd0b9', N'df2b3fc0-0a65-416f-aff9-073e53ffcaac', N'Milk', N'noun', N'sữa', N'/mɪlk/')
GO
INSERT [dbo].[Vocabularies] ([idVoc], [idTopic], [idProfessor], [engWord], [wordType], [meaning], [pronunciation]) VALUES (N'cbef604c-a5c7-4a54-a20a-943d8e657fa3', N'fdc85a13-60ec-4164-9922-3929b0dd0c22', N'df2b3fc0-0a65-416f-aff9-073e53ffcaac', N'Movie', N'noun', N'bộ phim', N'/ˈmuvi/')
INSERT [dbo].[Vocabularies] ([idVoc], [idTopic], [idProfessor], [engWord], [wordType], [meaning], [pronunciation]) VALUES (N'6924e4d1-66d2-4765-a418-95b0c9b8a956', N'a3ec4f2e-e8f7-477d-b3bb-299b258419bd', N'df2b3fc0-0a65-416f-aff9-073e53ffcaac', N'Password', N'noun', N'mật khẩu', N'/ˈpæˌswɜrd/')
INSERT [dbo].[Vocabularies] ([idVoc], [idTopic], [idProfessor], [engWord], [wordType], [meaning], [pronunciation]) VALUES (N'f054f785-92ac-4413-80f2-9627dc220502', N'fdc85a13-60ec-4164-9922-3929b0dd0c22', N'df2b3fc0-0a65-416f-aff9-073e53ffcaac', N'Audience', N'noun', N'khán giả', N'/ˈɔdiəns/')
INSERT [dbo].[Vocabularies] ([idVoc], [idTopic], [idProfessor], [engWord], [wordType], [meaning], [pronunciation]) VALUES (N'1b2118f1-88d4-4cac-852f-967614ef1fcf', N'9d446d63-8055-4802-a831-c2b9cce62d21', N'df2b3fc0-0a65-416f-aff9-073e53ffcaac', N'Feature', N'noun', N'đặc điểm, nét nổi bật', N'/ˈfiʧər/')
INSERT [dbo].[Vocabularies] ([idVoc], [idTopic], [idProfessor], [engWord], [wordType], [meaning], [pronunciation]) VALUES (N'29e3ac48-2855-4ab7-89a0-96bf392ab21d', N'bce41039-a78d-4298-8f50-4224340cd0b9', N'df2b3fc0-0a65-416f-aff9-073e53ffcaac', N'Wine', N'noun', N'rượu', N'/waɪn/')
INSERT [dbo].[Vocabularies] ([idVoc], [idTopic], [idProfessor], [engWord], [wordType], [meaning], [pronunciation]) VALUES (N'ac6092f1-786b-4c09-9900-979a6cb0df03', N'9d446d63-8055-4802-a831-c2b9cce62d21', N'df2b3fc0-0a65-416f-aff9-073e53ffcaac', N'Ugly', N'adj', N'xấu xí', N'/ˈʌgli/')
INSERT [dbo].[Vocabularies] ([idVoc], [idTopic], [idProfessor], [engWord], [wordType], [meaning], [pronunciation]) VALUES (N'4793de30-31f1-4613-8020-99ad31580517', N'721f82eb-6a13-4de1-a115-460531510c7c', N'df2b3fc0-0a65-416f-aff9-073e53ffcaac', N'Cousin', N'noun', N'anh/chị/em họ', N'/ˈkʌzn/')
INSERT [dbo].[Vocabularies] ([idVoc], [idTopic], [idProfessor], [engWord], [wordType], [meaning], [pronunciation]) VALUES (N'00a68287-0135-4d53-b344-9ade255c167a', N'54c6e232-c588-483e-82e1-b91e1b24c294', N'df2b3fc0-0a65-416f-aff9-073e53ffcaac', N'Send', N'verb', N'gửi đi', N'/sɛnd/')
INSERT [dbo].[Vocabularies] ([idVoc], [idTopic], [idProfessor], [engWord], [wordType], [meaning], [pronunciation]) VALUES (N'a9765f11-c91b-4857-91cb-9bb2e0a61c68', N'a413d1b1-8dce-4b21-ae82-3616de156806', N'df2b3fc0-0a65-416f-aff9-073e53ffcaac', N'Green', N'adj', N'màu xanh lá', N'/griːn/')
INSERT [dbo].[Vocabularies] ([idVoc], [idTopic], [idProfessor], [engWord], [wordType], [meaning], [pronunciation]) VALUES (N'99c3b772-e526-4683-a8d1-9c5735de6562', N'a3ec4f2e-e8f7-477d-b3bb-299b258419bd', N'df2b3fc0-0a65-416f-aff9-073e53ffcaac', N'Tablet', N'noun', N'máy tính bảng', N'/ˈtæblət/')
INSERT [dbo].[Vocabularies] ([idVoc], [idTopic], [idProfessor], [engWord], [wordType], [meaning], [pronunciation]) VALUES (N'379a2202-f83a-4a7d-b4ad-9c8f1dcc8d83', N'97ecf8d6-0569-4bee-82d1-5ef7a8ea5a78', N'df2b3fc0-0a65-416f-aff9-073e53ffcaac', N'Private company', N'noun', N'Công ty tư nhân', N'/ˈpraɪvət ˈkʌmpəni/')
INSERT [dbo].[Vocabularies] ([idVoc], [idTopic], [idProfessor], [engWord], [wordType], [meaning], [pronunciation]) VALUES (N'0afd100b-da95-4df4-b14c-9ca2b5876a9e', N'2e10c0fb-82e8-4c5b-a567-8758238aa13a', N'df2b3fc0-0a65-416f-aff9-073e53ffcaac', N'Acid rain', N'noun', N'mưa axit', N'/æsɪd reɪn/')
INSERT [dbo].[Vocabularies] ([idVoc], [idTopic], [idProfessor], [engWord], [wordType], [meaning], [pronunciation]) VALUES (N'e2e39bf1-0ada-4c67-a35a-9d3e024c5c78', N'46ec0e4f-a022-47d9-b1a3-9a7b4da3cfe2', N'df2b3fc0-0a65-416f-aff9-073e53ffcaac', N'Price tag', N'noun', N'nhãn giá', N'/ˈpraɪs tæɡ/')
INSERT [dbo].[Vocabularies] ([idVoc], [idTopic], [idProfessor], [engWord], [wordType], [meaning], [pronunciation]) VALUES (N'769a8db3-fd59-4575-b064-9dabfc23fa59', N'721f82eb-6a13-4de1-a115-460531510c7c', N'df2b3fc0-0a65-416f-aff9-073e53ffcaac', N'Father', N'noun', N'bố', N'/ˈfɑːðər/')
INSERT [dbo].[Vocabularies] ([idVoc], [idTopic], [idProfessor], [engWord], [wordType], [meaning], [pronunciation]) VALUES (N'ed48f421-8bc8-4132-ab17-9db95b2e7d87', N'd4d3a504-209d-40c8-9124-002b48d82035', N'df2b3fc0-0a65-416f-aff9-073e53ffcaac', N'Nice', N'adj', N'tốt', N'/naɪs/')
INSERT [dbo].[Vocabularies] ([idVoc], [idTopic], [idProfessor], [engWord], [wordType], [meaning], [pronunciation]) VALUES (N'f93b5754-164c-47a2-b8fa-9de6e9e6e837', N'97ecf8d6-0569-4bee-82d1-5ef7a8ea5a78', N'df2b3fc0-0a65-416f-aff9-073e53ffcaac', N'Local Payment Department', N'noun', N'Phòng Thanh toán trong nước', N'/ˈloʊ.kəl ˈpeɪ.mənt dɪˈpɑːrt.mənt/')
INSERT [dbo].[Vocabularies] ([idVoc], [idTopic], [idProfessor], [engWord], [wordType], [meaning], [pronunciation]) VALUES (N'1f14405a-7143-40a6-a329-9f60ad781d8f', N'88428cce-b2c5-4897-a1c3-ebae3a0bf90a', N'df2b3fc0-0a65-416f-aff9-073e53ffcaac', N'Rain', N'noun', N'mưa', N'/rein/')
INSERT [dbo].[Vocabularies] ([idVoc], [idTopic], [idProfessor], [engWord], [wordType], [meaning], [pronunciation]) VALUES (N'47de9646-c037-435c-ba91-9f797a8ac960', N'972aa447-28b3-4f97-b86c-0cb1f200372d', N'df2b3fc0-0a65-416f-aff9-073e53ffcaac', N'Shrimps', N'noun', N'tôm', N'/ʃrɪmps/')
INSERT [dbo].[Vocabularies] ([idVoc], [idTopic], [idProfessor], [engWord], [wordType], [meaning], [pronunciation]) VALUES (N'b037def6-eb17-456d-83cc-9fcd1c33af9f', N'1061d61d-d0cc-4123-ba65-607586d3607a', N'df2b3fc0-0a65-416f-aff9-073e53ffcaac', N'Daily', N'noun', N'hằng ngày', N'/ˈdeɪli/')
INSERT [dbo].[Vocabularies] ([idVoc], [idTopic], [idProfessor], [engWord], [wordType], [meaning], [pronunciation]) VALUES (N'74933561-a7ea-43a4-825e-9fcd75e52992', N'195877e6-0fe9-4de8-b8bc-1010af42ef5a', N'df2b3fc0-0a65-416f-aff9-073e53ffcaac', N'Cat', N'noun', N'con mèo', N'/kæt/')
INSERT [dbo].[Vocabularies] ([idVoc], [idTopic], [idProfessor], [engWord], [wordType], [meaning], [pronunciation]) VALUES (N'60f5fc39-f81d-4ef9-9445-a06c25ff9bc0', N'a3ec4f2e-e8f7-477d-b3bb-299b258419bd', N'df2b3fc0-0a65-416f-aff9-073e53ffcaac', N'Download', N'verb', N'tải về, tải xuống', N'/ˈdaʊnˌloʊd/')
INSERT [dbo].[Vocabularies] ([idVoc], [idTopic], [idProfessor], [engWord], [wordType], [meaning], [pronunciation]) VALUES (N'e1dceb44-2314-4b16-b48e-a146c5002498', N'd1210dee-26e2-44da-a220-351ef47cde18', N'df2b3fc0-0a65-416f-aff9-073e53ffcaac', N'Classmate', N'noun', N'bạn cùng lớp', N'/ˈklɑːsmeɪt/')
INSERT [dbo].[Vocabularies] ([idVoc], [idTopic], [idProfessor], [engWord], [wordType], [meaning], [pronunciation]) VALUES (N'0e3f4c8a-947d-40ba-9198-a1a7101b2da5', N'bce9032e-0bb5-4e2f-bd9b-31c8ae444a52', N'df2b3fc0-0a65-416f-aff9-073e53ffcaac', N'Do sports', N'verb', N'chơi thể thao', N'/duː spɔːts/')
INSERT [dbo].[Vocabularies] ([idVoc], [idTopic], [idProfessor], [engWord], [wordType], [meaning], [pronunciation]) VALUES (N'ef669172-b7e6-4571-95a7-a1b82197300b', N'a3ec4f2e-e8f7-477d-b3bb-299b258419bd', N'df2b3fc0-0a65-416f-aff9-073e53ffcaac', N'Wifi', N'noun', N'mạng wifi', N'/Wīfī/')
INSERT [dbo].[Vocabularies] ([idVoc], [idTopic], [idProfessor], [engWord], [wordType], [meaning], [pronunciation]) VALUES (N'5d1adaff-091e-4868-a01e-a213c04dfa3a', N'bce41039-a78d-4298-8f50-4224340cd0b9', N'df2b3fc0-0a65-416f-aff9-073e53ffcaac', N'Tea bag', N'noun', N'trà túi lọc', N'/tiː bæg/')
INSERT [dbo].[Vocabularies] ([idVoc], [idTopic], [idProfessor], [engWord], [wordType], [meaning], [pronunciation]) VALUES (N'c7502323-9a62-4448-b8fb-a42b66107dab', N'a413d1b1-8dce-4b21-ae82-3616de156806', N'df2b3fc0-0a65-416f-aff9-073e53ffcaac', N'Brown', N'adj', N'màu nâu', N'/braʊn/')
INSERT [dbo].[Vocabularies] ([idVoc], [idTopic], [idProfessor], [engWord], [wordType], [meaning], [pronunciation]) VALUES (N'3f66df52-6410-469b-8a72-a483747d4194', N'a3ec4f2e-e8f7-477d-b3bb-299b258419bd', N'df2b3fc0-0a65-416f-aff9-073e53ffcaac', N'Mouse', N'noun', N'chuột máy tính', N'/maʊs/')
INSERT [dbo].[Vocabularies] ([idVoc], [idTopic], [idProfessor], [engWord], [wordType], [meaning], [pronunciation]) VALUES (N'7f1ea9c5-fb1c-4d78-b083-a4ff8fad426c', N'972aa447-28b3-4f97-b86c-0cb1f200372d', N'df2b3fc0-0a65-416f-aff9-073e53ffcaac', N'Pork side', N'noun', N'thịt ba chỉ', N'/pɔːk saɪd/')
INSERT [dbo].[Vocabularies] ([idVoc], [idTopic], [idProfessor], [engWord], [wordType], [meaning], [pronunciation]) VALUES (N'51c424f5-f67e-47fe-98e2-a65d9c5a17d2', N'2e10c0fb-82e8-4c5b-a567-8758238aa13a', N'df2b3fc0-0a65-416f-aff9-073e53ffcaac', N'Dust', N'noun', N'bụi', N'/dʌst/')
INSERT [dbo].[Vocabularies] ([idVoc], [idTopic], [idProfessor], [engWord], [wordType], [meaning], [pronunciation]) VALUES (N'6cad211d-908f-423f-bc34-a6fb12be341c', N'1061d61d-d0cc-4123-ba65-607586d3607a', N'df2b3fc0-0a65-416f-aff9-073e53ffcaac', N'Newspaper', N'noun', N'báo giấy', N'/ˈnuzˌpeɪpər/')
INSERT [dbo].[Vocabularies] ([idVoc], [idTopic], [idProfessor], [engWord], [wordType], [meaning], [pronunciation]) VALUES (N'263deb59-719e-4f2a-8dba-a74e68a02c83', N'54c6e232-c588-483e-82e1-b91e1b24c294', N'df2b3fc0-0a65-416f-aff9-073e53ffcaac', N'Cellphone', N'noun', N'điện thoại di động', N'/ˈsɛlfoʊn/')
INSERT [dbo].[Vocabularies] ([idVoc], [idTopic], [idProfessor], [engWord], [wordType], [meaning], [pronunciation]) VALUES (N'5d79bec4-65dd-4766-8ee8-a7fb8c664d81', N'1061d61d-d0cc-4123-ba65-607586d3607a', N'df2b3fc0-0a65-416f-aff9-073e53ffcaac', N'Editor', N'noun', N'biên tập viên', N'/ˈɛdətər/')
INSERT [dbo].[Vocabularies] ([idVoc], [idTopic], [idProfessor], [engWord], [wordType], [meaning], [pronunciation]) VALUES (N'dc0c188d-e4ec-4843-a8a8-a8e82c46b76d', N'd1210dee-26e2-44da-a220-351ef47cde18', N'df2b3fc0-0a65-416f-aff9-073e53ffcaac', N'Boarding school', N'noun', N'trường nội trú', N'/ˈbɔːdɪŋ skuːl/')
INSERT [dbo].[Vocabularies] ([idVoc], [idTopic], [idProfessor], [engWord], [wordType], [meaning], [pronunciation]) VALUES (N'79d3d996-cff7-4816-ac57-aaa43ad38d66', N'46ec0e4f-a022-47d9-b1a3-9a7b4da3cfe2', N'df2b3fc0-0a65-416f-aff9-073e53ffcaac', N'Price', N'noun', N'giá cả', N'/praɪs/')
INSERT [dbo].[Vocabularies] ([idVoc], [idTopic], [idProfessor], [engWord], [wordType], [meaning], [pronunciation]) VALUES (N'd413c937-2d14-40cf-830e-ab21c3e72627', N'46ec0e4f-a022-47d9-b1a3-9a7b4da3cfe2', N'df2b3fc0-0a65-416f-aff9-073e53ffcaac', N'Order', N'verb', N'đặt hàng', N'/ɔːrdər/')
INSERT [dbo].[Vocabularies] ([idVoc], [idTopic], [idProfessor], [engWord], [wordType], [meaning], [pronunciation]) VALUES (N'a0f176c8-2b4d-48bd-a237-ab338ea3d0cc', N'fdc85a13-60ec-4164-9922-3929b0dd0c22', N'df2b3fc0-0a65-416f-aff9-073e53ffcaac', N'Film', N'noun', N'bộ phim', N'/fɪlm/')
INSERT [dbo].[Vocabularies] ([idVoc], [idTopic], [idProfessor], [engWord], [wordType], [meaning], [pronunciation]) VALUES (N'1bae948c-5010-4cbc-b5dc-acf34a0b33a8', N'd4d3a504-209d-40c8-9124-002b48d82035', N'df2b3fc0-0a65-416f-aff9-073e53ffcaac', N'Cheerful', N'adj', N'sôi nổi, vui tươi', N'/ˈʧɪrfəl/')
INSERT [dbo].[Vocabularies] ([idVoc], [idTopic], [idProfessor], [engWord], [wordType], [meaning], [pronunciation]) VALUES (N'da28533d-6000-41c0-a28a-aeff4dc1174b', N'd1210dee-26e2-44da-a220-351ef47cde18', N'df2b3fc0-0a65-416f-aff9-073e53ffcaac', N'Mathematics', N'noun', N'môn toán', N'/ˌmæθɪˈmætɪks/')
INSERT [dbo].[Vocabularies] ([idVoc], [idTopic], [idProfessor], [engWord], [wordType], [meaning], [pronunciation]) VALUES (N'f16c5854-d115-46c9-9506-af28909477d5', N'd1210dee-26e2-44da-a220-351ef47cde18', N'df2b3fc0-0a65-416f-aff9-073e53ffcaac', N'International school', N'noun', N'trường quốc tế', N'/ˌɪntə(ː)ˈnæʃənl skuːl/')
INSERT [dbo].[Vocabularies] ([idVoc], [idTopic], [idProfessor], [engWord], [wordType], [meaning], [pronunciation]) VALUES (N'356c08f8-9936-449f-9ed2-b0574283bfc3', N'97ecf8d6-0569-4bee-82d1-5ef7a8ea5a78', N'df2b3fc0-0a65-416f-aff9-073e53ffcaac', N'Training Department', N'noun', N'Phòng Đào tạo', N'/‘treiniη dɪˈpɑːrt.mənt/')
INSERT [dbo].[Vocabularies] ([idVoc], [idTopic], [idProfessor], [engWord], [wordType], [meaning], [pronunciation]) VALUES (N'6f281e3b-c057-4e64-bee3-b09d71991fc5', N'f62f918e-5ba9-4aef-9844-b646532e3e80', N'df2b3fc0-0a65-416f-aff9-073e53ffcaac', N'Toe', N'noun', N'ngón chân', N'/toʊ/')
INSERT [dbo].[Vocabularies] ([idVoc], [idTopic], [idProfessor], [engWord], [wordType], [meaning], [pronunciation]) VALUES (N'e880f92f-5e8a-4585-956f-b1f429f90b53', N'195877e6-0fe9-4de8-b8bc-1010af42ef5a', N'df2b3fc0-0a65-416f-aff9-073e53ffcaac', N'Turtle', N'noun', N'rùa', N'/ˈtɜːtl/')
INSERT [dbo].[Vocabularies] ([idVoc], [idTopic], [idProfessor], [engWord], [wordType], [meaning], [pronunciation]) VALUES (N'83c1c610-07f6-4795-86d4-b253f6e3aa25', N'bce9032e-0bb5-4e2f-bd9b-31c8ae444a52', N'df2b3fc0-0a65-416f-aff9-073e53ffcaac', N'Go partying', N'verb', N'dự tiệc', N'/gəʊ ˈpɑːtɪɪŋ/')
INSERT [dbo].[Vocabularies] ([idVoc], [idTopic], [idProfessor], [engWord], [wordType], [meaning], [pronunciation]) VALUES (N'e333dd98-a55e-4ce6-bb03-b2ac6c04a3b9', N'46ec0e4f-a022-47d9-b1a3-9a7b4da3cfe2', N'df2b3fc0-0a65-416f-aff9-073e53ffcaac', N'Ashier', N'noun', N'nhân viên thu ngân', N'/kæˈʃɪr/')
INSERT [dbo].[Vocabularies] ([idVoc], [idTopic], [idProfessor], [engWord], [wordType], [meaning], [pronunciation]) VALUES (N'a6f23d36-b366-4068-8ad2-b3022a39fc08', N'16e9e5ff-df19-432f-bfe0-a2f1cc3716e2', N'df2b3fc0-0a65-416f-aff9-073e53ffcaac', N'Sad', N'adj', N'buồn bã', N'/sæd/')
INSERT [dbo].[Vocabularies] ([idVoc], [idTopic], [idProfessor], [engWord], [wordType], [meaning], [pronunciation]) VALUES (N'017bdd3c-e26b-47be-b28c-b3a5ee43af7d', N'a3ec4f2e-e8f7-477d-b3bb-299b258419bd', N'df2b3fc0-0a65-416f-aff9-073e53ffcaac', N'Wireless', N'adj', N'không dây', N'/ˈwaɪrlɪs/')
INSERT [dbo].[Vocabularies] ([idVoc], [idTopic], [idProfessor], [engWord], [wordType], [meaning], [pronunciation]) VALUES (N'1150f16b-4c00-41bf-a943-b3dce27184e8', N'bce41039-a78d-4298-8f50-4224340cd0b9', N'df2b3fc0-0a65-416f-aff9-073e53ffcaac', N'Beer', N'noun', N'bia', N'/bɪə/')
INSERT [dbo].[Vocabularies] ([idVoc], [idTopic], [idProfessor], [engWord], [wordType], [meaning], [pronunciation]) VALUES (N'3bc82af5-7c43-492a-94dc-b4715019c6fe', N'bce9032e-0bb5-4e2f-bd9b-31c8ae444a52', N'df2b3fc0-0a65-416f-aff9-073e53ffcaac', N'Do magic tricks', N'verb', N'làm ảo thuật', N'/duː ˈmæʤɪk trɪks/')
INSERT [dbo].[Vocabularies] ([idVoc], [idTopic], [idProfessor], [engWord], [wordType], [meaning], [pronunciation]) VALUES (N'6fb8d824-3902-46e3-b950-b59ef8917ac2', N'46ec0e4f-a022-47d9-b1a3-9a7b4da3cfe2', N'df2b3fc0-0a65-416f-aff9-073e53ffcaac', N'Catchphrase', N'noun', N'câu khẩu hiệu', N'/’kæt∫freiz/')
INSERT [dbo].[Vocabularies] ([idVoc], [idTopic], [idProfessor], [engWord], [wordType], [meaning], [pronunciation]) VALUES (N'2c78fb37-ac5a-424c-904f-b700b464567d', N'd69daf8e-81d7-40fc-9b75-957d4822fbc4', N'df2b3fc0-0a65-416f-aff9-073e53ffcaac', N'Pleated skirt', N'noun', N'váy xếp ly', N'/plit kət/')
INSERT [dbo].[Vocabularies] ([idVoc], [idTopic], [idProfessor], [engWord], [wordType], [meaning], [pronunciation]) VALUES (N'82144c07-aceb-46ab-876c-b72e80323343', N'f62f918e-5ba9-4aef-9844-b646532e3e80', N'df2b3fc0-0a65-416f-aff9-073e53ffcaac', N'Hand', N'noun', N'bàn tay', N'/hænd/')
INSERT [dbo].[Vocabularies] ([idVoc], [idTopic], [idProfessor], [engWord], [wordType], [meaning], [pronunciation]) VALUES (N'6b783810-e270-4216-8453-b94367b1b1d4', N'd1210dee-26e2-44da-a220-351ef47cde18', N'df2b3fc0-0a65-416f-aff9-073e53ffcaac', N'Geography', N'noun', N'môn địa lý', N'/ʤɪˈɒgrəfi/')
INSERT [dbo].[Vocabularies] ([idVoc], [idTopic], [idProfessor], [engWord], [wordType], [meaning], [pronunciation]) VALUES (N'e658dc14-63da-4dea-b761-b987ba17efca', N'd69daf8e-81d7-40fc-9b75-957d4822fbc4', N'df2b3fc0-0a65-416f-aff9-073e53ffcaac', N'Evening dress', N'noun', N'váy dạ hội', N'/i’vniη dres/')
INSERT [dbo].[Vocabularies] ([idVoc], [idTopic], [idProfessor], [engWord], [wordType], [meaning], [pronunciation]) VALUES (N'13c0c6c2-b464-4e85-9885-bae0d488fac1', N'bce9032e-0bb5-4e2f-bd9b-31c8ae444a52', N'df2b3fc0-0a65-416f-aff9-073e53ffcaac', N'Sing', N'verb', N'hát', N'/sɪŋ/')
INSERT [dbo].[Vocabularies] ([idVoc], [idTopic], [idProfessor], [engWord], [wordType], [meaning], [pronunciation]) VALUES (N'33762d33-710e-4266-84c1-bb001d539f9e', N'f62f918e-5ba9-4aef-9844-b646532e3e80', N'df2b3fc0-0a65-416f-aff9-073e53ffcaac', N'Chest', N'noun', N'ngực, lồng ngực', N'/ʧɛst/')
INSERT [dbo].[Vocabularies] ([idVoc], [idTopic], [idProfessor], [engWord], [wordType], [meaning], [pronunciation]) VALUES (N'5174abf5-de41-49b5-b98e-bb3b4fe8fde0', N'195877e6-0fe9-4de8-b8bc-1010af42ef5a', N'df2b3fc0-0a65-416f-aff9-073e53ffcaac', N'Pig', N'noun', N'con lợn', N'/pɪg/')
INSERT [dbo].[Vocabularies] ([idVoc], [idTopic], [idProfessor], [engWord], [wordType], [meaning], [pronunciation]) VALUES (N'ceaea36c-5564-4b77-b3ba-bb91a4e0af87', N'16e9e5ff-df19-432f-bfe0-a2f1cc3716e2', N'df2b3fc0-0a65-416f-aff9-073e53ffcaac', N'Tired', N'adj', N'mệt mỏi', N'/ˈtaɪərd/')
INSERT [dbo].[Vocabularies] ([idVoc], [idTopic], [idProfessor], [engWord], [wordType], [meaning], [pronunciation]) VALUES (N'71b61e2a-169f-4e92-836b-bb91d9a6b08e', N'bce41039-a78d-4298-8f50-4224340cd0b9', N'df2b3fc0-0a65-416f-aff9-073e53ffcaac', N'Smoothie', N'noun', N'sinh tố', N'/ˈsmuːði/')
INSERT [dbo].[Vocabularies] ([idVoc], [idTopic], [idProfessor], [engWord], [wordType], [meaning], [pronunciation]) VALUES (N'09bad3d5-2add-4d33-9afb-bbe36eab5ea3', N'fdc85a13-60ec-4164-9922-3929b0dd0c22', N'df2b3fc0-0a65-416f-aff9-073e53ffcaac', N'Canvas', N'noun', N'tấm vải vẽ tranh sơn dầu', N'/ˈkænvəs/')
INSERT [dbo].[Vocabularies] ([idVoc], [idTopic], [idProfessor], [engWord], [wordType], [meaning], [pronunciation]) VALUES (N'6135eb65-b445-4277-8811-bcf943dd4d7e', N'bce9032e-0bb5-4e2f-bd9b-31c8ae444a52', N'df2b3fc0-0a65-416f-aff9-073e53ffcaac', N'Go skateboarding', N'verb', N'trượt ván', N'/gəʊ ˈskeɪtbɔːdɪŋ/')
INSERT [dbo].[Vocabularies] ([idVoc], [idTopic], [idProfessor], [engWord], [wordType], [meaning], [pronunciation]) VALUES (N'69c3e8fe-811e-4b06-b466-bd4d5ef98471', N'54c6e232-c588-483e-82e1-b91e1b24c294', N'df2b3fc0-0a65-416f-aff9-073e53ffcaac', N'Answer', N'verb', N'trả lời', N'/ˈænsər/')
INSERT [dbo].[Vocabularies] ([idVoc], [idTopic], [idProfessor], [engWord], [wordType], [meaning], [pronunciation]) VALUES (N'c47032c8-b291-4916-b221-bddde116bc93', N'195877e6-0fe9-4de8-b8bc-1010af42ef5a', N'df2b3fc0-0a65-416f-aff9-073e53ffcaac', N'Dog', N'noun', N'con chó', N'/dɒg/')
INSERT [dbo].[Vocabularies] ([idVoc], [idTopic], [idProfessor], [engWord], [wordType], [meaning], [pronunciation]) VALUES (N'5e151a9c-1da9-4407-b020-be20607d50b0', N'a3ec4f2e-e8f7-477d-b3bb-299b258419bd', N'df2b3fc0-0a65-416f-aff9-073e53ffcaac', N'Computer', N'noun', N'máy tính để bàn', N'/kəmˈpjutər/')
INSERT [dbo].[Vocabularies] ([idVoc], [idTopic], [idProfessor], [engWord], [wordType], [meaning], [pronunciation]) VALUES (N'370a715a-2938-404b-a719-be4704f8f058', N'2e10c0fb-82e8-4c5b-a567-8758238aa13a', N'df2b3fc0-0a65-416f-aff9-073e53ffcaac', N'Biodiversity', N'noun', N'đa dạng sinh học', N'/ˌbaɪoʊdəˈvərsət̮i/')
INSERT [dbo].[Vocabularies] ([idVoc], [idTopic], [idProfessor], [engWord], [wordType], [meaning], [pronunciation]) VALUES (N'a64dce04-2514-4774-bc15-bea005214697', N'a413d1b1-8dce-4b21-ae82-3616de156806', N'df2b3fc0-0a65-416f-aff9-073e53ffcaac', N'Yellow', N'adj', N'màu vàng', N'/ˈjel.əʊ/')
INSERT [dbo].[Vocabularies] ([idVoc], [idTopic], [idProfessor], [engWord], [wordType], [meaning], [pronunciation]) VALUES (N'4670a400-adb9-4a28-9485-bed6d3ed0f15', N'97ecf8d6-0569-4bee-82d1-5ef7a8ea5a78', N'df2b3fc0-0a65-416f-aff9-073e53ffcaac', N'Customer Service Department', N'noun', N'Phòng Chăm sóc khách hàng', N'/‘kʌstəmə ‘sə:vis dɪˈpɑːrt.mənt/')
INSERT [dbo].[Vocabularies] ([idVoc], [idTopic], [idProfessor], [engWord], [wordType], [meaning], [pronunciation]) VALUES (N'864b9486-f033-459b-87cf-befbad7284f3', N'bce9032e-0bb5-4e2f-bd9b-31c8ae444a52', N'df2b3fc0-0a65-416f-aff9-073e53ffcaac', N'Go swimming', N'verb', N'đi bơi', N'/gəʊ ˈswɪmɪŋ/')
INSERT [dbo].[Vocabularies] ([idVoc], [idTopic], [idProfessor], [engWord], [wordType], [meaning], [pronunciation]) VALUES (N'32e0c678-77c4-495d-b003-bf5c109a2865', N'2e10c0fb-82e8-4c5b-a567-8758238aa13a', N'df2b3fc0-0a65-416f-aff9-073e53ffcaac', N'Air pollution', N'noun', N'ô nhiễm không khí', N'/eər pəˈluː.ʃən/')
INSERT [dbo].[Vocabularies] ([idVoc], [idTopic], [idProfessor], [engWord], [wordType], [meaning], [pronunciation]) VALUES (N'3c251a50-4f15-4c53-b7df-bf68c80a138b', N'fdc85a13-60ec-4164-9922-3929b0dd0c22', N'df2b3fc0-0a65-416f-aff9-073e53ffcaac', N'Studio', N'noun', N'xưởng (vẽ, chụp ảnh, làm nhạc, làm phim…)', N'/ˈstudiˌoʊ/')
INSERT [dbo].[Vocabularies] ([idVoc], [idTopic], [idProfessor], [engWord], [wordType], [meaning], [pronunciation]) VALUES (N'7f9c4b71-26cc-497c-a1d0-c00e1425919a', N'd1210dee-26e2-44da-a220-351ef47cde18', N'df2b3fc0-0a65-416f-aff9-073e53ffcaac', N'Secondary school', N'noun', N'trường cấp hai', N'/ˈsɛkəndəri skuːl/')
INSERT [dbo].[Vocabularies] ([idVoc], [idTopic], [idProfessor], [engWord], [wordType], [meaning], [pronunciation]) VALUES (N'93388cdd-afc3-4726-88a3-c027577f2d05', N'f62f918e-5ba9-4aef-9844-b646532e3e80', N'df2b3fc0-0a65-416f-aff9-073e53ffcaac', N'Lip', N'noun', N'môi', N'/lɪp/')
INSERT [dbo].[Vocabularies] ([idVoc], [idTopic], [idProfessor], [engWord], [wordType], [meaning], [pronunciation]) VALUES (N'20cbeb83-6e7a-4a9a-bcc3-c0b5839037df', N'a3ec4f2e-e8f7-477d-b3bb-299b258419bd', N'df2b3fc0-0a65-416f-aff9-073e53ffcaac', N'Access', N'noun', N'sự truy cập', N'/ˈækˌsɛs/')
INSERT [dbo].[Vocabularies] ([idVoc], [idTopic], [idProfessor], [engWord], [wordType], [meaning], [pronunciation]) VALUES (N'544e8a3e-f4c5-418a-8350-c134814b90dc', N'fdc85a13-60ec-4164-9922-3929b0dd0c22', N'df2b3fc0-0a65-416f-aff9-073e53ffcaac', N'Novel', N'noun', N'tiểu thuyết', N'/ˈnɑvəl/')
INSERT [dbo].[Vocabularies] ([idVoc], [idTopic], [idProfessor], [engWord], [wordType], [meaning], [pronunciation]) VALUES (N'5c035a2d-ac3a-4c02-90ab-c27a38fd191c', N'9d446d63-8055-4802-a831-c2b9cce62d21', N'df2b3fc0-0a65-416f-aff9-073e53ffcaac', N'Beautiful', N'adj', N'xinh đẹp, đẹp', N'/ˈbjutəfəl/')
INSERT [dbo].[Vocabularies] ([idVoc], [idTopic], [idProfessor], [engWord], [wordType], [meaning], [pronunciation]) VALUES (N'440c605e-b03f-4a22-a7ce-c27d62e3f5de', N'a3ec4f2e-e8f7-477d-b3bb-299b258419bd', N'df2b3fc0-0a65-416f-aff9-073e53ffcaac', N'Headphone', N'noun', N'tai nghe', N'/ˈhɛdˌfoʊn/')
INSERT [dbo].[Vocabularies] ([idVoc], [idTopic], [idProfessor], [engWord], [wordType], [meaning], [pronunciation]) VALUES (N'210ee41c-6297-4a2c-9548-c2e9e4a3e2a8', N'a3ec4f2e-e8f7-477d-b3bb-299b258419bd', N'df2b3fc0-0a65-416f-aff9-073e53ffcaac', N'Surf', N'verb', N'lướt (web)', N'/sɜrf/')
INSERT [dbo].[Vocabularies] ([idVoc], [idTopic], [idProfessor], [engWord], [wordType], [meaning], [pronunciation]) VALUES (N'44d4d1f2-0d34-45de-a1b4-c2f97bef86d1', N'2e10c0fb-82e8-4c5b-a567-8758238aa13a', N'df2b3fc0-0a65-416f-aff9-073e53ffcaac', N'Atmosphere', N'noun', N'khí quyển', N'/ˈæt.mə.sfɪər/')
INSERT [dbo].[Vocabularies] ([idVoc], [idTopic], [idProfessor], [engWord], [wordType], [meaning], [pronunciation]) VALUES (N'9706ebd1-e1e0-468b-be49-c2fe2a4cfbb7', N'd4d3a504-209d-40c8-9124-002b48d82035', N'df2b3fc0-0a65-416f-aff9-073e53ffcaac', N'Clever', N'adj', N'thông minh, khôn khéo', N'/ˈklɛvər/')
INSERT [dbo].[Vocabularies] ([idVoc], [idTopic], [idProfessor], [engWord], [wordType], [meaning], [pronunciation]) VALUES (N'ea2f8714-80c8-4814-a98d-c4523cc2fa1c', N'd1210dee-26e2-44da-a220-351ef47cde18', N'df2b3fc0-0a65-416f-aff9-073e53ffcaac', N'Science', N'noun', N'môn khoa học', N'/ˈsaɪəns/')
INSERT [dbo].[Vocabularies] ([idVoc], [idTopic], [idProfessor], [engWord], [wordType], [meaning], [pronunciation]) VALUES (N'7c728335-fc9f-41e7-b233-c5b31bf25032', N'9d446d63-8055-4802-a831-c2b9cce62d21', N'df2b3fc0-0a65-416f-aff9-073e53ffcaac', N'Good-looking', N'adj', N'ưa nhìn, sáng sủa', N'/gʊd-ˈlʊkɪŋ/')
INSERT [dbo].[Vocabularies] ([idVoc], [idTopic], [idProfessor], [engWord], [wordType], [meaning], [pronunciation]) VALUES (N'e04308e9-5abd-4acc-a3d2-c5ce6f0d4606', N'a3ec4f2e-e8f7-477d-b3bb-299b258419bd', N'df2b3fc0-0a65-416f-aff9-073e53ffcaac', N'Error', N'noun', N'lỗi', N'/ˈɛrər/')
INSERT [dbo].[Vocabularies] ([idVoc], [idTopic], [idProfessor], [engWord], [wordType], [meaning], [pronunciation]) VALUES (N'77f78f4d-16b7-4278-94f2-c600aacc11c4', N'bce41039-a78d-4298-8f50-4224340cd0b9', N'df2b3fc0-0a65-416f-aff9-073e53ffcaac', N'Milkshake', N'noun', N'sữa lắc', N'/ˈmɪlkʃeɪk/')
INSERT [dbo].[Vocabularies] ([idVoc], [idTopic], [idProfessor], [engWord], [wordType], [meaning], [pronunciation]) VALUES (N'76451b08-2574-4c05-8a76-c67ddc4a42f4', N'fdc85a13-60ec-4164-9922-3929b0dd0c22', N'df2b3fc0-0a65-416f-aff9-073e53ffcaac', N'Brush', N'noun', N'cọ vẽ', N'/brʌʃ/')
INSERT [dbo].[Vocabularies] ([idVoc], [idTopic], [idProfessor], [engWord], [wordType], [meaning], [pronunciation]) VALUES (N'4be75f40-8aa2-40bb-8fe1-c71140876cfc', N'd4d3a504-209d-40c8-9124-002b48d82035', N'df2b3fc0-0a65-416f-aff9-073e53ffcaac', N'Funny', N'adj', N'hài hước, vui tính', N'/ˈfʌni/')
INSERT [dbo].[Vocabularies] ([idVoc], [idTopic], [idProfessor], [engWord], [wordType], [meaning], [pronunciation]) VALUES (N'b4520cac-4283-4cc0-8722-c841e9f47c60', N'97ecf8d6-0569-4bee-82d1-5ef7a8ea5a78', N'df2b3fc0-0a65-416f-aff9-073e53ffcaac', N'Administration Department', N'noun', N'Phòng Hành chính', N'/ədˌmɪn.əˈstreɪ.ʃən dɪˈpɑːrt.mənt/')
INSERT [dbo].[Vocabularies] ([idVoc], [idTopic], [idProfessor], [engWord], [wordType], [meaning], [pronunciation]) VALUES (N'89d52baa-cbe3-4980-a31d-c9ce65ac1d0b', N'195877e6-0fe9-4de8-b8bc-1010af42ef5a', N'df2b3fc0-0a65-416f-aff9-073e53ffcaac', N'Parrot', N'noun', N'con vẹt', N'/ˈpærət/')
INSERT [dbo].[Vocabularies] ([idVoc], [idTopic], [idProfessor], [engWord], [wordType], [meaning], [pronunciation]) VALUES (N'17136461-a9e0-47b5-9e79-ca4cf73e8e63', N'9d446d63-8055-4802-a831-c2b9cce62d21', N'df2b3fc0-0a65-416f-aff9-073e53ffcaac', N'Attractive', N'adj', N'quyến rũ, hấp dẫn', N'/əˈtræktɪv/')
INSERT [dbo].[Vocabularies] ([idVoc], [idTopic], [idProfessor], [engWord], [wordType], [meaning], [pronunciation]) VALUES (N'd0e7f0a2-3d46-4858-b768-ca87dae99489', N'46ec0e4f-a022-47d9-b1a3-9a7b4da3cfe2', N'df2b3fc0-0a65-416f-aff9-073e53ffcaac', N'Shopaholic', N'noun', N'người nghiện mua sắm', N'/ˌʃɑːpəˈhɑːlɪk/')
INSERT [dbo].[Vocabularies] ([idVoc], [idTopic], [idProfessor], [engWord], [wordType], [meaning], [pronunciation]) VALUES (N'8bcb53d9-6f4b-473e-9a94-caf3a2f0170e', N'721f82eb-6a13-4de1-a115-460531510c7c', N'df2b3fc0-0a65-416f-aff9-073e53ffcaac', N'Husband', N'noun', N'chồng', N'/ˈhʌzbənd/')
INSERT [dbo].[Vocabularies] ([idVoc], [idTopic], [idProfessor], [engWord], [wordType], [meaning], [pronunciation]) VALUES (N'81d391b4-7b62-4dd6-80dc-cb0ec1cfc4ce', N'd1210dee-26e2-44da-a220-351ef47cde18', N'df2b3fc0-0a65-416f-aff9-073e53ffcaac', N'Notebook', N'noun', N'quyển vở', N'/ˈnəʊtbʊk/')
INSERT [dbo].[Vocabularies] ([idVoc], [idTopic], [idProfessor], [engWord], [wordType], [meaning], [pronunciation]) VALUES (N'671519f0-a680-49e4-8796-cb5033b6c895', N'9d446d63-8055-4802-a831-c2b9cce62d21', N'df2b3fc0-0a65-416f-aff9-073e53ffcaac', N'Pretty', N'adj', N'xinh xắn', N'/ˈprɪti/')
INSERT [dbo].[Vocabularies] ([idVoc], [idTopic], [idProfessor], [engWord], [wordType], [meaning], [pronunciation]) VALUES (N'eb93a28b-c9e6-4235-a3f8-cb780b08e90a', N'2e10c0fb-82e8-4c5b-a567-8758238aa13a', N'df2b3fc0-0a65-416f-aff9-073e53ffcaac', N'Biosphere reserve', N'noun', N'khu dự trữ sinh quyển', N'/ˈbaɪoʊsfɪr rɪˈzɜːrv/')
INSERT [dbo].[Vocabularies] ([idVoc], [idTopic], [idProfessor], [engWord], [wordType], [meaning], [pronunciation]) VALUES (N'39a4b66e-4c83-4d97-b56b-cc118b4caee4', N'1061d61d-d0cc-4123-ba65-607586d3607a', N'df2b3fc0-0a65-416f-aff9-073e53ffcaac', N'Cable', N'noun', N'dây cáp, truyền hình cáp', N'/ˈkeɪbəl/')
INSERT [dbo].[Vocabularies] ([idVoc], [idTopic], [idProfessor], [engWord], [wordType], [meaning], [pronunciation]) VALUES (N'cc331bc6-2f04-4b92-b02d-cd17fc893755', N'972aa447-28b3-4f97-b86c-0cb1f200372d', N'df2b3fc0-0a65-416f-aff9-073e53ffcaac', N'Cereals', N'noun', N'ngũ cốc', N'/ˈsɪəriəl/')
INSERT [dbo].[Vocabularies] ([idVoc], [idTopic], [idProfessor], [engWord], [wordType], [meaning], [pronunciation]) VALUES (N'24f3bbac-b88d-4074-ac92-cdee35ac613f', N'972aa447-28b3-4f97-b86c-0cb1f200372d', N'df2b3fc0-0a65-416f-aff9-073e53ffcaac', N'Chicken breasts', N'noun', N'ức gà', N'/ˈtʃɪkɪn brest/')
INSERT [dbo].[Vocabularies] ([idVoc], [idTopic], [idProfessor], [engWord], [wordType], [meaning], [pronunciation]) VALUES (N'a97ce797-2caa-4ee7-8a45-ce16ceb9f886', N'16e9e5ff-df19-432f-bfe0-a2f1cc3716e2', N'df2b3fc0-0a65-416f-aff9-073e53ffcaac', N'Lonely', N'adj', N'cô đơn', N'/ˈloʊnli/')
INSERT [dbo].[Vocabularies] ([idVoc], [idTopic], [idProfessor], [engWord], [wordType], [meaning], [pronunciation]) VALUES (N'4934f065-71d6-426a-9f3f-cedad19bd23b', N'f62f918e-5ba9-4aef-9844-b646532e3e80', N'df2b3fc0-0a65-416f-aff9-073e53ffcaac', N'Skin', N'noun', N'làn da', N'/skɪn/')
INSERT [dbo].[Vocabularies] ([idVoc], [idTopic], [idProfessor], [engWord], [wordType], [meaning], [pronunciation]) VALUES (N'3c9e0c8f-021c-46d8-bcc5-cffce44c26de', N'46ec0e4f-a022-47d9-b1a3-9a7b4da3cfe2', N'df2b3fc0-0a65-416f-aff9-073e53ffcaac', N'Plastic bag', N'noun', N'túi nilon', N'/’plæstɪk/ /bæɡ/')
INSERT [dbo].[Vocabularies] ([idVoc], [idTopic], [idProfessor], [engWord], [wordType], [meaning], [pronunciation]) VALUES (N'35dc0245-6709-474c-8774-d07b8dc6df44', N'46ec0e4f-a022-47d9-b1a3-9a7b4da3cfe2', N'df2b3fc0-0a65-416f-aff9-073e53ffcaac', N'Buy', N'verb', N'mua', N'/baɪ/')
INSERT [dbo].[Vocabularies] ([idVoc], [idTopic], [idProfessor], [engWord], [wordType], [meaning], [pronunciation]) VALUES (N'd220dc3c-f2f0-4829-a8da-d0d53d1fae3c', N'd69daf8e-81d7-40fc-9b75-957d4822fbc4', N'df2b3fc0-0a65-416f-aff9-073e53ffcaac', N'Wool dress', N'noun', N'váy len', N'/wul dres/')
GO
INSERT [dbo].[Vocabularies] ([idVoc], [idTopic], [idProfessor], [engWord], [wordType], [meaning], [pronunciation]) VALUES (N'43ff2ae0-86bc-4931-9221-d2652a748592', N'd69daf8e-81d7-40fc-9b75-957d4822fbc4', N'df2b3fc0-0a65-416f-aff9-073e53ffcaac', N'Summer dress', N'noun', N'váy mùa hè', N'/’sʌmə dres/')
INSERT [dbo].[Vocabularies] ([idVoc], [idTopic], [idProfessor], [engWord], [wordType], [meaning], [pronunciation]) VALUES (N'dc3ad84c-21e1-46e9-8126-d285221228eb', N'bce9032e-0bb5-4e2f-bd9b-31c8ae444a52', N'df2b3fc0-0a65-416f-aff9-073e53ffcaac', N'Go shopping', N'verb', N'đi mua sắm', N'/gəʊ ˈʃɒpɪŋ/')
INSERT [dbo].[Vocabularies] ([idVoc], [idTopic], [idProfessor], [engWord], [wordType], [meaning], [pronunciation]) VALUES (N'2e119045-6785-4d75-877e-d3f1ee7623ef', N'16e9e5ff-df19-432f-bfe0-a2f1cc3716e2', N'df2b3fc0-0a65-416f-aff9-073e53ffcaac', N'Confused', N'adj', N'bối rối, lúng túng', N'/kənˈfjuzd/')
INSERT [dbo].[Vocabularies] ([idVoc], [idTopic], [idProfessor], [engWord], [wordType], [meaning], [pronunciation]) VALUES (N'5d55260e-7845-40b8-a00a-d5210aeaf582', N'f62f918e-5ba9-4aef-9844-b646532e3e80', N'df2b3fc0-0a65-416f-aff9-073e53ffcaac', N'Shoulder', N'noun', N'vai', N'/ˈʃoʊldər/')
INSERT [dbo].[Vocabularies] ([idVoc], [idTopic], [idProfessor], [engWord], [wordType], [meaning], [pronunciation]) VALUES (N'57cbcf62-78a7-4eb8-811d-d52f08ee4a6d', N'bce41039-a78d-4298-8f50-4224340cd0b9', N'df2b3fc0-0a65-416f-aff9-073e53ffcaac', N'Juice', N'noun', N'nước ép', N'/ʤuːs/')
INSERT [dbo].[Vocabularies] ([idVoc], [idTopic], [idProfessor], [engWord], [wordType], [meaning], [pronunciation]) VALUES (N'3d109b29-20d5-496d-8bf7-d53625d58a02', N'1061d61d-d0cc-4123-ba65-607586d3607a', N'df2b3fc0-0a65-416f-aff9-073e53ffcaac', N'Headline', N'noun', N'tiêu đề', N'/ˈhɛˌdlaɪn/')
INSERT [dbo].[Vocabularies] ([idVoc], [idTopic], [idProfessor], [engWord], [wordType], [meaning], [pronunciation]) VALUES (N'e37d9fd4-a042-4699-b0d7-d549bd713483', N'195877e6-0fe9-4de8-b8bc-1010af42ef5a', N'df2b3fc0-0a65-416f-aff9-073e53ffcaac', N'Sheep', N'noun', N'cừu', N'/ʃiːp/')
INSERT [dbo].[Vocabularies] ([idVoc], [idTopic], [idProfessor], [engWord], [wordType], [meaning], [pronunciation]) VALUES (N'e621418e-4439-4757-976f-d64852cc6b70', N'54c6e232-c588-483e-82e1-b91e1b24c294', N'df2b3fc0-0a65-416f-aff9-073e53ffcaac', N'Communicate', N'verb', N'giao tiếp', N'/kəmˈjunəˌkeɪt/')
INSERT [dbo].[Vocabularies] ([idVoc], [idTopic], [idProfessor], [engWord], [wordType], [meaning], [pronunciation]) VALUES (N'151c5a76-5a3d-4c07-a89a-d857fbadf884', N'46ec0e4f-a022-47d9-b1a3-9a7b4da3cfe2', N'df2b3fc0-0a65-416f-aff9-073e53ffcaac', N'Brand', N'noun', N'thương hiệu', N'/brænd/')
INSERT [dbo].[Vocabularies] ([idVoc], [idTopic], [idProfessor], [engWord], [wordType], [meaning], [pronunciation]) VALUES (N'a3a76ff0-a8b1-4fcf-baea-d886db482fee', N'195877e6-0fe9-4de8-b8bc-1010af42ef5a', N'df2b3fc0-0a65-416f-aff9-073e53ffcaac', N'Deer', N'noun', N'con nai', N'/dɪə/')
INSERT [dbo].[Vocabularies] ([idVoc], [idTopic], [idProfessor], [engWord], [wordType], [meaning], [pronunciation]) VALUES (N'8f84aac0-2482-4c13-879d-d9b3bd4aa4ba', N'd4d3a504-209d-40c8-9124-002b48d82035', N'df2b3fc0-0a65-416f-aff9-073e53ffcaac', N'Confident', N'adj', N'tự tin', N'/ˈkɑnfədənt/')
INSERT [dbo].[Vocabularies] ([idVoc], [idTopic], [idProfessor], [engWord], [wordType], [meaning], [pronunciation]) VALUES (N'a2556187-0c47-4d1f-91c7-d9f1eff56274', N'bce9032e-0bb5-4e2f-bd9b-31c8ae444a52', N'df2b3fc0-0a65-416f-aff9-073e53ffcaac', N'Hang out with friends', N'verb', N'đi chơi với bạn', N'/hæŋ aʊt wɪð frɛndz/')
INSERT [dbo].[Vocabularies] ([idVoc], [idTopic], [idProfessor], [engWord], [wordType], [meaning], [pronunciation]) VALUES (N'8dd100bb-dad4-4396-acdc-da5f61713221', N'a3ec4f2e-e8f7-477d-b3bb-299b258419bd', N'df2b3fc0-0a65-416f-aff9-073e53ffcaac', N'Delete', N'verb', N'xóa bỏ', N'/dɪˈlit/')
INSERT [dbo].[Vocabularies] ([idVoc], [idTopic], [idProfessor], [engWord], [wordType], [meaning], [pronunciation]) VALUES (N'383ad606-b432-4e47-a6d6-db07f68e4895', N'a413d1b1-8dce-4b21-ae82-3616de156806', N'df2b3fc0-0a65-416f-aff9-073e53ffcaac', N'Black', N'adj', N'màu đen', N'/blæk/')
INSERT [dbo].[Vocabularies] ([idVoc], [idTopic], [idProfessor], [engWord], [wordType], [meaning], [pronunciation]) VALUES (N'70e7a908-ab57-4bfa-bc47-db1d021dae8b', N'972aa447-28b3-4f97-b86c-0cb1f200372d', N'df2b3fc0-0a65-416f-aff9-073e53ffcaac', N'Tuna', N'noun', N'cá ngừ', N'/tuː.nə/')
INSERT [dbo].[Vocabularies] ([idVoc], [idTopic], [idProfessor], [engWord], [wordType], [meaning], [pronunciation]) VALUES (N'2ccab69d-a3ce-4e26-83f2-db269944a040', N'a3ec4f2e-e8f7-477d-b3bb-299b258419bd', N'df2b3fc0-0a65-416f-aff9-073e53ffcaac', N'Virus', N'noun', N'vi rút', N'/ˈvaɪrəs/')
INSERT [dbo].[Vocabularies] ([idVoc], [idTopic], [idProfessor], [engWord], [wordType], [meaning], [pronunciation]) VALUES (N'0aa04bfd-f86f-44dc-8329-db488a7426ed', N'f62f918e-5ba9-4aef-9844-b646532e3e80', N'df2b3fc0-0a65-416f-aff9-073e53ffcaac', N'Leg', N'noun', N'chân', N'/lɛg/')
INSERT [dbo].[Vocabularies] ([idVoc], [idTopic], [idProfessor], [engWord], [wordType], [meaning], [pronunciation]) VALUES (N'fba16890-4601-4bdf-93ab-dcb9b4fd5091', N'195877e6-0fe9-4de8-b8bc-1010af42ef5a', N'df2b3fc0-0a65-416f-aff9-073e53ffcaac', N'Mouse', N'noun', N'chuột', N'/maʊs/')
INSERT [dbo].[Vocabularies] ([idVoc], [idTopic], [idProfessor], [engWord], [wordType], [meaning], [pronunciation]) VALUES (N'a6a7bd87-e288-4465-8470-dcc8155937de', N'd1210dee-26e2-44da-a220-351ef47cde18', N'df2b3fc0-0a65-416f-aff9-073e53ffcaac', N'Break time', N'noun', N'giờ ra chơi', N'/breɪk taɪm/')
INSERT [dbo].[Vocabularies] ([idVoc], [idTopic], [idProfessor], [engWord], [wordType], [meaning], [pronunciation]) VALUES (N'0d6f3e85-d375-4135-947e-dcf124a01d3d', N'1061d61d-d0cc-4123-ba65-607586d3607a', N'df2b3fc0-0a65-416f-aff9-073e53ffcaac', N'Advertisement', N'noun', N'quảng cáo', N'/ˌædvərˈtaɪzmənt/')
INSERT [dbo].[Vocabularies] ([idVoc], [idTopic], [idProfessor], [engWord], [wordType], [meaning], [pronunciation]) VALUES (N'f8d93154-f346-4b85-b28d-dd2471a08f09', N'fdc85a13-60ec-4164-9922-3929b0dd0c22', N'df2b3fc0-0a65-416f-aff9-073e53ffcaac', N'Drawing', N'noun', N'bức tranh vẽ', N'/ˈdrɔɪŋ/')
INSERT [dbo].[Vocabularies] ([idVoc], [idTopic], [idProfessor], [engWord], [wordType], [meaning], [pronunciation]) VALUES (N'02bc8fef-24d0-444f-8b95-dd9631976133', N'2e10c0fb-82e8-4c5b-a567-8758238aa13a', N'df2b3fc0-0a65-416f-aff9-073e53ffcaac', N'Air', N'noun', N'không khí', N'/eər/')
INSERT [dbo].[Vocabularies] ([idVoc], [idTopic], [idProfessor], [engWord], [wordType], [meaning], [pronunciation]) VALUES (N'9b8385c2-05f5-465c-9320-de5c12f35cfd', N'a3ec4f2e-e8f7-477d-b3bb-299b258419bd', N'df2b3fc0-0a65-416f-aff9-073e53ffcaac', N'Folder', N'noun', N'thư mục', N'/ˈfoʊldər/')
INSERT [dbo].[Vocabularies] ([idVoc], [idTopic], [idProfessor], [engWord], [wordType], [meaning], [pronunciation]) VALUES (N'40482eb0-de98-42fc-a8f8-de80f81cdc94', N'1061d61d-d0cc-4123-ba65-607586d3607a', N'df2b3fc0-0a65-416f-aff9-073e53ffcaac', N'Channel', N'noun', N'kênh truyền hình', N'/ˈʧænəl/')
INSERT [dbo].[Vocabularies] ([idVoc], [idTopic], [idProfessor], [engWord], [wordType], [meaning], [pronunciation]) VALUES (N'f5d60501-04a9-43c1-bec2-e14bea1c6d4a', N'fdc85a13-60ec-4164-9922-3929b0dd0c22', N'df2b3fc0-0a65-416f-aff9-073e53ffcaac', N'Art', N'noun', N'nghệ thuật', N'/ɑrt/')
INSERT [dbo].[Vocabularies] ([idVoc], [idTopic], [idProfessor], [engWord], [wordType], [meaning], [pronunciation]) VALUES (N'789e9b90-f31b-43cd-97f6-e26d67625124', N'f62f918e-5ba9-4aef-9844-b646532e3e80', N'df2b3fc0-0a65-416f-aff9-073e53ffcaac', N'Hair', N'noun', N'tóc', N'/hɛr/')
INSERT [dbo].[Vocabularies] ([idVoc], [idTopic], [idProfessor], [engWord], [wordType], [meaning], [pronunciation]) VALUES (N'0d239c3a-f39d-414b-829f-e29fc0ac5555', N'97ecf8d6-0569-4bee-82d1-5ef7a8ea5a78', N'df2b3fc0-0a65-416f-aff9-073e53ffcaac', N'Subsidiary', N'noun', N'Công ty con', N'/səbˈsɪdiəri/')
INSERT [dbo].[Vocabularies] ([idVoc], [idTopic], [idProfessor], [engWord], [wordType], [meaning], [pronunciation]) VALUES (N'bd6a727a-6950-4f53-af0d-e3a6c2f796e5', N'97ecf8d6-0569-4bee-82d1-5ef7a8ea5a78', N'df2b3fc0-0a65-416f-aff9-073e53ffcaac', N'Joint stock company (JSC)', N'noun', N'Công ty cổ phần', N'/ˌdʒɔɪnt ˈstɒk kʌmpəni/')
INSERT [dbo].[Vocabularies] ([idVoc], [idTopic], [idProfessor], [engWord], [wordType], [meaning], [pronunciation]) VALUES (N'3da2a080-afaa-4271-b368-e3b2b29049e1', N'97ecf8d6-0569-4bee-82d1-5ef7a8ea5a78', N'df2b3fc0-0a65-416f-aff9-073e53ffcaac', N'Enterprise', N'noun', N'Tổ chức kinh doanh, xí nghiệp, hãng', N'/ˈentəpraɪz/')
INSERT [dbo].[Vocabularies] ([idVoc], [idTopic], [idProfessor], [engWord], [wordType], [meaning], [pronunciation]) VALUES (N'b141828f-307e-416b-a87d-e6324509ce66', N'195877e6-0fe9-4de8-b8bc-1010af42ef5a', N'df2b3fc0-0a65-416f-aff9-073e53ffcaac', N'Bee', N'noun', N'con ong', N'/biː/')
INSERT [dbo].[Vocabularies] ([idVoc], [idTopic], [idProfessor], [engWord], [wordType], [meaning], [pronunciation]) VALUES (N'57b69d36-8ed1-4d21-a70f-e7aedd90477e', N'16e9e5ff-df19-432f-bfe0-a2f1cc3716e2', N'df2b3fc0-0a65-416f-aff9-073e53ffcaac', N'Bored', N'adj', N'chán nản', N'/bɔrd/')
INSERT [dbo].[Vocabularies] ([idVoc], [idTopic], [idProfessor], [engWord], [wordType], [meaning], [pronunciation]) VALUES (N'34e3eac2-5e7d-44e8-b923-e7d67788e8b3', N'2e10c0fb-82e8-4c5b-a567-8758238aa13a', N'df2b3fc0-0a65-416f-aff9-073e53ffcaac', N'Climate change', N'noun', N'biến đổi khí hậu', N'/ ˈklaɪ.mət tʃeɪndʒ/')
INSERT [dbo].[Vocabularies] ([idVoc], [idTopic], [idProfessor], [engWord], [wordType], [meaning], [pronunciation]) VALUES (N'226c71d5-2ac4-4359-9a9a-e8021e077f26', N'1061d61d-d0cc-4123-ba65-607586d3607a', N'df2b3fc0-0a65-416f-aff9-073e53ffcaac', N'Reporter', N'noun', N'phóng viên', N'/rɪˈpɔrtər/')
INSERT [dbo].[Vocabularies] ([idVoc], [idTopic], [idProfessor], [engWord], [wordType], [meaning], [pronunciation]) VALUES (N'f85551a3-6439-4948-81a0-e81a3451a207', N'd4d3a504-209d-40c8-9124-002b48d82035', N'df2b3fc0-0a65-416f-aff9-073e53ffcaac', N'Energetic', N'adj', N'tràn đầy năng lượng', N'/ɛnərˈʤɛtɪk/')
INSERT [dbo].[Vocabularies] ([idVoc], [idTopic], [idProfessor], [engWord], [wordType], [meaning], [pronunciation]) VALUES (N'e454dcc6-6918-4b8b-8546-e84e5a0c6a53', N'a3ec4f2e-e8f7-477d-b3bb-299b258419bd', N'df2b3fc0-0a65-416f-aff9-073e53ffcaac', N'File', N'noun', N'tập tin', N'/faɪl/')
INSERT [dbo].[Vocabularies] ([idVoc], [idTopic], [idProfessor], [engWord], [wordType], [meaning], [pronunciation]) VALUES (N'6bc51e14-fc8b-4fb6-97e8-e892306f5af7', N'195877e6-0fe9-4de8-b8bc-1010af42ef5a', N'df2b3fc0-0a65-416f-aff9-073e53ffcaac', N'Crab', N'noun', N'cua', N'/kræb/')
INSERT [dbo].[Vocabularies] ([idVoc], [idTopic], [idProfessor], [engWord], [wordType], [meaning], [pronunciation]) VALUES (N'ffd8cbf5-35f6-4bc4-8308-e91aaf23cf32', N'd4d3a504-209d-40c8-9124-002b48d82035', N'df2b3fc0-0a65-416f-aff9-073e53ffcaac', N'Cheerful', N'adj', N'sôi nổi, vui tươi', N'/ˈʧɪrfəl/')
INSERT [dbo].[Vocabularies] ([idVoc], [idTopic], [idProfessor], [engWord], [wordType], [meaning], [pronunciation]) VALUES (N'd1f33ad5-8cd9-4ab2-bb36-e9b2efb53b49', N'54c6e232-c588-483e-82e1-b91e1b24c294', N'df2b3fc0-0a65-416f-aff9-073e53ffcaac', N'Signature', N'noun', N'chữ ký', N'/ˈsɪgnəʧər/')
INSERT [dbo].[Vocabularies] ([idVoc], [idTopic], [idProfessor], [engWord], [wordType], [meaning], [pronunciation]) VALUES (N'2dddbd02-87a0-4ab2-9cd0-e9de29d14ee8', N'721f82eb-6a13-4de1-a115-460531510c7c', N'df2b3fc0-0a65-416f-aff9-073e53ffcaac', N'Son', N'noun', N'con trai', N'/sʌn/')
INSERT [dbo].[Vocabularies] ([idVoc], [idTopic], [idProfessor], [engWord], [wordType], [meaning], [pronunciation]) VALUES (N'09b64366-ea6c-4d30-9d61-ea193660460b', N'bce9032e-0bb5-4e2f-bd9b-31c8ae444a52', N'df2b3fc0-0a65-416f-aff9-073e53ffcaac', N'Play chess', N'verb', N'chơi cờ', N'/pleɪ ʧɛs/')
INSERT [dbo].[Vocabularies] ([idVoc], [idTopic], [idProfessor], [engWord], [wordType], [meaning], [pronunciation]) VALUES (N'c42af14b-9946-4837-96e4-eab0d37e94c5', N'46ec0e4f-a022-47d9-b1a3-9a7b4da3cfe2', N'df2b3fc0-0a65-416f-aff9-073e53ffcaac', N'Stockroom', N'noun', N'nhà kho', N'/’stɑk,rum/')
INSERT [dbo].[Vocabularies] ([idVoc], [idTopic], [idProfessor], [engWord], [wordType], [meaning], [pronunciation]) VALUES (N'1073f00d-6529-4f0d-b747-eb204d42fa99', N'97ecf8d6-0569-4bee-82d1-5ef7a8ea5a78', N'df2b3fc0-0a65-416f-aff9-073e53ffcaac', N'Limited company (Ltd)', N'noun', N'Công ty trách nhiệm hữu hạn', N'/ˌlɪmɪtɪd ˈkʌmpəni/')
INSERT [dbo].[Vocabularies] ([idVoc], [idTopic], [idProfessor], [engWord], [wordType], [meaning], [pronunciation]) VALUES (N'60bc0a7e-9a9e-479f-9a09-ecb8c6e7f871', N'195877e6-0fe9-4de8-b8bc-1010af42ef5a', N'df2b3fc0-0a65-416f-aff9-073e53ffcaac', N'Ducks', N'noun', N'con vịt', N'/dʌks/')
INSERT [dbo].[Vocabularies] ([idVoc], [idTopic], [idProfessor], [engWord], [wordType], [meaning], [pronunciation]) VALUES (N'918ff63d-e481-44cb-9af5-ed261ecdfee3', N'16e9e5ff-df19-432f-bfe0-a2f1cc3716e2', N'df2b3fc0-0a65-416f-aff9-073e53ffcaac', N'Fear', N'adj', N'nỗi sợ hãi', N'/fɪr/')
INSERT [dbo].[Vocabularies] ([idVoc], [idTopic], [idProfessor], [engWord], [wordType], [meaning], [pronunciation]) VALUES (N'5de16cc1-a0e7-450a-ba70-ed6521c12478', N'972aa447-28b3-4f97-b86c-0cb1f200372d', N'df2b3fc0-0a65-416f-aff9-073e53ffcaac', N'Fried rice', N'noun', N'cơm chiên', N'/fraɪd raɪs/')
INSERT [dbo].[Vocabularies] ([idVoc], [idTopic], [idProfessor], [engWord], [wordType], [meaning], [pronunciation]) VALUES (N'892cad61-55ad-409a-b296-edadb7788fc5', N'bce9032e-0bb5-4e2f-bd9b-31c8ae444a52', N'df2b3fc0-0a65-416f-aff9-073e53ffcaac', N'Fly kites', N'verb', N'thả diều', N'/flaɪ kaɪts/')
INSERT [dbo].[Vocabularies] ([idVoc], [idTopic], [idProfessor], [engWord], [wordType], [meaning], [pronunciation]) VALUES (N'932df8cf-59c3-4b4b-8a78-ee8ec8030227', N'88428cce-b2c5-4897-a1c3-ebae3a0bf90a', N'df2b3fc0-0a65-416f-aff9-073e53ffcaac', N'Warm', N'adj', N'ấm áp', N'/wɔ:m/')
INSERT [dbo].[Vocabularies] ([idVoc], [idTopic], [idProfessor], [engWord], [wordType], [meaning], [pronunciation]) VALUES (N'25cc9d55-100b-4568-84d1-eee122d1187e', N'97ecf8d6-0569-4bee-82d1-5ef7a8ea5a78', N'df2b3fc0-0a65-416f-aff9-073e53ffcaac', N'Treasury Department', N'noun', N'Phòng Ngân quỹ', N'/‘treʒəri dɪˈpɑːrt.mənt/')
INSERT [dbo].[Vocabularies] ([idVoc], [idTopic], [idProfessor], [engWord], [wordType], [meaning], [pronunciation]) VALUES (N'551f775a-dc10-4e9f-9e31-eee91c620f81', N'9d446d63-8055-4802-a831-c2b9cce62d21', N'df2b3fc0-0a65-416f-aff9-073e53ffcaac', N'Short', N'adj', N'thấp', N'/ʃɔrt/')
INSERT [dbo].[Vocabularies] ([idVoc], [idTopic], [idProfessor], [engWord], [wordType], [meaning], [pronunciation]) VALUES (N'51e4ca18-b65e-4a32-b6c1-ef37ccf7ea76', N'2e10c0fb-82e8-4c5b-a567-8758238aa13a', N'df2b3fc0-0a65-416f-aff9-073e53ffcaac', N'Draught', N'noun', N'hạn hán', N'/drɑːft/')
INSERT [dbo].[Vocabularies] ([idVoc], [idTopic], [idProfessor], [engWord], [wordType], [meaning], [pronunciation]) VALUES (N'09c390fa-ddf8-4b19-8af4-f05eb4d469d1', N'972aa447-28b3-4f97-b86c-0cb1f200372d', N'df2b3fc0-0a65-416f-aff9-073e53ffcaac', N'Mackerel', N'noun', N'cá thu', N'/Mackerel/')
INSERT [dbo].[Vocabularies] ([idVoc], [idTopic], [idProfessor], [engWord], [wordType], [meaning], [pronunciation]) VALUES (N'7dd60f1b-9965-4827-a32d-f08c3ed5c4f7', N'972aa447-28b3-4f97-b86c-0cb1f200372d', N'df2b3fc0-0a65-416f-aff9-073e53ffcaac', N'Chicken drumsticks', N'noun', N'đùi gà', N'/ˈtʃɪkɪn ˈdrʌmstɪk/')
INSERT [dbo].[Vocabularies] ([idVoc], [idTopic], [idProfessor], [engWord], [wordType], [meaning], [pronunciation]) VALUES (N'10e1b42d-3e46-4d15-8ecf-f0e9fcbb086d', N'bce9032e-0bb5-4e2f-bd9b-31c8ae444a52', N'df2b3fc0-0a65-416f-aff9-073e53ffcaac', N'Watch television', N'verb', N'xem tivi', N'/wɒʧ ˈtɛlɪˌvɪʒən/')
INSERT [dbo].[Vocabularies] ([idVoc], [idTopic], [idProfessor], [engWord], [wordType], [meaning], [pronunciation]) VALUES (N'542fad5c-2562-49fd-a04f-f10257e2cdb5', N'88428cce-b2c5-4897-a1c3-ebae3a0bf90a', N'df2b3fc0-0a65-416f-aff9-073e53ffcaac', N'Hail', N'noun', N'mưa đá', N'/heil/')
INSERT [dbo].[Vocabularies] ([idVoc], [idTopic], [idProfessor], [engWord], [wordType], [meaning], [pronunciation]) VALUES (N'260d2621-497f-4f1f-96c9-f1e6a39d8db8', N'a3ec4f2e-e8f7-477d-b3bb-299b258419bd', N'df2b3fc0-0a65-416f-aff9-073e53ffcaac', N'Software', N'noun', N'phần mềm', N'/ˈsɔfˌtwɛr/')
INSERT [dbo].[Vocabularies] ([idVoc], [idTopic], [idProfessor], [engWord], [wordType], [meaning], [pronunciation]) VALUES (N'2d723a35-0747-4b77-83b5-f2c6321a33ce', N'fdc85a13-60ec-4164-9922-3929b0dd0c22', N'df2b3fc0-0a65-416f-aff9-073e53ffcaac', N'Concert', N'noun', N'buổi trình diễn âm nhạc', N'/kənˈsɜrt/')
INSERT [dbo].[Vocabularies] ([idVoc], [idTopic], [idProfessor], [engWord], [wordType], [meaning], [pronunciation]) VALUES (N'605efcaa-09dc-487f-aac5-f310ae0f6671', N'f62f918e-5ba9-4aef-9844-b646532e3e80', N'df2b3fc0-0a65-416f-aff9-073e53ffcaac', N'Face', N'noun', N'khuôn mặt', N'/feɪs/')
INSERT [dbo].[Vocabularies] ([idVoc], [idTopic], [idProfessor], [engWord], [wordType], [meaning], [pronunciation]) VALUES (N'327af3ed-f3b1-462a-bd0b-f31be9444289', N'721f82eb-6a13-4de1-a115-460531510c7c', N'df2b3fc0-0a65-416f-aff9-073e53ffcaac', N'Daughter', N'noun', N'con gái', N'/ˈdɔːtə(r)/')
INSERT [dbo].[Vocabularies] ([idVoc], [idTopic], [idProfessor], [engWord], [wordType], [meaning], [pronunciation]) VALUES (N'7f48c5f8-9f6d-4ad8-a72c-f36f17d8d911', N'a413d1b1-8dce-4b21-ae82-3616de156806', N'df2b3fc0-0a65-416f-aff9-073e53ffcaac', N'Gray/grey', N'adj', N'màu nâu', N'/greɪ/')
INSERT [dbo].[Vocabularies] ([idVoc], [idTopic], [idProfessor], [engWord], [wordType], [meaning], [pronunciation]) VALUES (N'1855598c-0147-4711-b99b-f38060a4736c', N'a3ec4f2e-e8f7-477d-b3bb-299b258419bd', N'df2b3fc0-0a65-416f-aff9-073e53ffcaac', N'Social network', N'noun', N'mạng xã hội', N'network /ˈsoʊʃəl ˈnɛˌtwɜrk/')
INSERT [dbo].[Vocabularies] ([idVoc], [idTopic], [idProfessor], [engWord], [wordType], [meaning], [pronunciation]) VALUES (N'7c347a5b-dd6c-4400-8714-f45dce036197', N'97ecf8d6-0569-4bee-82d1-5ef7a8ea5a78', N'df2b3fc0-0a65-416f-aff9-073e53ffcaac', N'Accounting Department', N'noun', N'Phòng Kế toán', N'/ə’kauntiη dɪˈpɑːrt.mənt/')
INSERT [dbo].[Vocabularies] ([idVoc], [idTopic], [idProfessor], [engWord], [wordType], [meaning], [pronunciation]) VALUES (N'481c178c-696d-415d-a8f2-f5cac07e05bc', N'f62f918e-5ba9-4aef-9844-b646532e3e80', N'df2b3fc0-0a65-416f-aff9-073e53ffcaac', N'Bone', N'noun', N'xương', N'/boʊn/')
INSERT [dbo].[Vocabularies] ([idVoc], [idTopic], [idProfessor], [engWord], [wordType], [meaning], [pronunciation]) VALUES (N'0e933fec-3ce1-49a3-84c7-f68f5fcf03db', N'd1210dee-26e2-44da-a220-351ef47cde18', N'df2b3fc0-0a65-416f-aff9-073e53ffcaac', N'Ruler', N'noun', N'thước kẻ', N'/ˈruːlə/')
INSERT [dbo].[Vocabularies] ([idVoc], [idTopic], [idProfessor], [engWord], [wordType], [meaning], [pronunciation]) VALUES (N'41738386-1c10-4c98-92bd-f6e594274b79', N'd4d3a504-209d-40c8-9124-002b48d82035', N'df2b3fc0-0a65-416f-aff9-073e53ffcaac', N'Grumpy', N'adj', N'cáu kỉnh, khó chịu', N'/ˈgrʌmpi/')
INSERT [dbo].[Vocabularies] ([idVoc], [idTopic], [idProfessor], [engWord], [wordType], [meaning], [pronunciation]) VALUES (N'e3121edc-dc7f-4421-a620-f7434cdecb5d', N'a3ec4f2e-e8f7-477d-b3bb-299b258419bd', N'df2b3fc0-0a65-416f-aff9-073e53ffcaac', N'Application', N'noun', N'ứng dụng trên điện thoại di động, máy tính bảng', N'/ˌæpləˈkeɪʃən/')
INSERT [dbo].[Vocabularies] ([idVoc], [idTopic], [idProfessor], [engWord], [wordType], [meaning], [pronunciation]) VALUES (N'630b179f-3523-476d-82ea-f793c744ecc3', N'972aa447-28b3-4f97-b86c-0cb1f200372d', N'df2b3fc0-0a65-416f-aff9-073e53ffcaac', N'Cold cuts', N'noun', N'thịt nguội', N'/ˈkəʊld kʌts/')
INSERT [dbo].[Vocabularies] ([idVoc], [idTopic], [idProfessor], [engWord], [wordType], [meaning], [pronunciation]) VALUES (N'eb28297a-4de9-4cde-bbbb-f81e8ca20c19', N'1061d61d-d0cc-4123-ba65-607586d3607a', N'df2b3fc0-0a65-416f-aff9-073e53ffcaac', N'Publisher', N'noun', N'nhà xuất bản', N'/ˈpʌblɪʃər/')
INSERT [dbo].[Vocabularies] ([idVoc], [idTopic], [idProfessor], [engWord], [wordType], [meaning], [pronunciation]) VALUES (N'7f30001b-27f8-40b8-b7c9-f8f37a2bdfc7', N'1061d61d-d0cc-4123-ba65-607586d3607a', N'df2b3fc0-0a65-416f-aff9-073e53ffcaac', N'Issue', N'noun', N'số, kỳ phát hành', N'/ˈɪʃu/')
INSERT [dbo].[Vocabularies] ([idVoc], [idTopic], [idProfessor], [engWord], [wordType], [meaning], [pronunciation]) VALUES (N'7294378f-a828-48d0-94c3-f938b0eb1ffe', N'fdc85a13-60ec-4164-9922-3929b0dd0c22', N'df2b3fc0-0a65-416f-aff9-073e53ffcaac', N'Composer', N'noun', N'nhà soạn nhạc', N'/kəmˈpoʊzər/')
INSERT [dbo].[Vocabularies] ([idVoc], [idTopic], [idProfessor], [engWord], [wordType], [meaning], [pronunciation]) VALUES (N'a9bd28da-ede7-4add-9978-f939248ed9cc', N'1061d61d-d0cc-4123-ba65-607586d3607a', N'df2b3fc0-0a65-416f-aff9-073e53ffcaac', N'Character', N'noun', N'nhân vật', N'/ˈkɛrɪktər/')
INSERT [dbo].[Vocabularies] ([idVoc], [idTopic], [idProfessor], [engWord], [wordType], [meaning], [pronunciation]) VALUES (N'db0adbdd-2a08-4bea-b6c8-f9763c906042', N'46ec0e4f-a022-47d9-b1a3-9a7b4da3cfe2', N'df2b3fc0-0a65-416f-aff9-073e53ffcaac', N'Billboard', N'noun', N'biển quảng cáo', N'/’bɪl,boʊrd/')
INSERT [dbo].[Vocabularies] ([idVoc], [idTopic], [idProfessor], [engWord], [wordType], [meaning], [pronunciation]) VALUES (N'020856a8-1f2a-4ab8-83e9-f9e3f257de30', N'd1210dee-26e2-44da-a220-351ef47cde18', N'df2b3fc0-0a65-416f-aff9-073e53ffcaac', N'Desk', N'noun', N'bàn học', N'/dɛsk/')
INSERT [dbo].[Vocabularies] ([idVoc], [idTopic], [idProfessor], [engWord], [wordType], [meaning], [pronunciation]) VALUES (N'33738cd8-19bc-4d8a-b918-fa25e9d7d31f', N'a3ec4f2e-e8f7-477d-b3bb-299b258419bd', N'df2b3fc0-0a65-416f-aff9-073e53ffcaac', N'Smartphone', N'noun', N'điện thoại thông minh', N'/smärtˌfōn/')
INSERT [dbo].[Vocabularies] ([idVoc], [idTopic], [idProfessor], [engWord], [wordType], [meaning], [pronunciation]) VALUES (N'd8afc9d2-3f7c-4767-a97b-fad6fddfc161', N'd4d3a504-209d-40c8-9124-002b48d82035', N'df2b3fc0-0a65-416f-aff9-073e53ffcaac', N'Selfish', N'adj', N'ích kỷ', N'/ˈsɛlfɪʃ/')
INSERT [dbo].[Vocabularies] ([idVoc], [idTopic], [idProfessor], [engWord], [wordType], [meaning], [pronunciation]) VALUES (N'e7de6c94-fed1-4a43-adcc-fae644a3afa4', N'1061d61d-d0cc-4123-ba65-607586d3607a', N'df2b3fc0-0a65-416f-aff9-073e53ffcaac', N'Live', N'noun', N'truyền hình trực tiếp', N'/lɪv/')
INSERT [dbo].[Vocabularies] ([idVoc], [idTopic], [idProfessor], [engWord], [wordType], [meaning], [pronunciation]) VALUES (N'884fe54a-3f0e-4d06-9af0-fb951b3666da', N'd1210dee-26e2-44da-a220-351ef47cde18', N'df2b3fc0-0a65-416f-aff9-073e53ffcaac', N'Pencil', N'noun', N'bút chì', N'/ˈpɛnsl/')
INSERT [dbo].[Vocabularies] ([idVoc], [idTopic], [idProfessor], [engWord], [wordType], [meaning], [pronunciation]) VALUES (N'98e4aa3b-b1aa-431b-9b42-fc14bcb9fec4', N'fdc85a13-60ec-4164-9922-3929b0dd0c22', N'df2b3fc0-0a65-416f-aff9-073e53ffcaac', N'Camera', N'noun', N'máy ảnh', N'/ˈkæmrə/')
INSERT [dbo].[Vocabularies] ([idVoc], [idTopic], [idProfessor], [engWord], [wordType], [meaning], [pronunciation]) VALUES (N'1603f98d-a120-44ad-999f-fd2fd8d03a58', N'f62f918e-5ba9-4aef-9844-b646532e3e80', N'df2b3fc0-0a65-416f-aff9-073e53ffcaac', N'Hip', N'noun', N'hông', N'/hɪp/')
INSERT [dbo].[Vocabularies] ([idVoc], [idTopic], [idProfessor], [engWord], [wordType], [meaning], [pronunciation]) VALUES (N'484a8313-91d1-4568-9041-fd743a5237f4', N'f62f918e-5ba9-4aef-9844-b646532e3e80', N'df2b3fc0-0a65-416f-aff9-073e53ffcaac', N'Tooth', N'noun', N'răng', N'/tuθ/')
INSERT [dbo].[Vocabularies] ([idVoc], [idTopic], [idProfessor], [engWord], [wordType], [meaning], [pronunciation]) VALUES (N'2020a326-fa4d-48b5-b8f7-fe5053d715fa', N'f62f918e-5ba9-4aef-9844-b646532e3e80', N'df2b3fc0-0a65-416f-aff9-073e53ffcaac', N'Bottom', N'noun', N'mông', N'/ˈbɑtəm/')
INSERT [dbo].[Vocabularies] ([idVoc], [idTopic], [idProfessor], [engWord], [wordType], [meaning], [pronunciation]) VALUES (N'd4dd9669-8350-4ebf-aced-fedbf4c76fef', N'195877e6-0fe9-4de8-b8bc-1010af42ef5a', N'df2b3fc0-0a65-416f-aff9-073e53ffcaac', N'Rabbit', N'noun', N'con thỏ', N'/ˈræbɪt/')
INSERT [dbo].[Vocabularies] ([idVoc], [idTopic], [idProfessor], [engWord], [wordType], [meaning], [pronunciation]) VALUES (N'fddb4201-5909-4491-b76b-ff1851195a70', N'd4d3a504-209d-40c8-9124-002b48d82035', N'df2b3fc0-0a65-416f-aff9-073e53ffcaac', N'Honest', N'adj', N'thật thà, trung thực', N'/ˈɑnəst/')
GO
INSERT [dbo].[VocabularyTopics] ([idVocTopic], [idProfessor], [name]) VALUES (N'd4d3a504-209d-40c8-9124-002b48d82035', N'df2b3fc0-0a65-416f-aff9-073e53ffcaac', N'Tính cách')
INSERT [dbo].[VocabularyTopics] ([idVocTopic], [idProfessor], [name]) VALUES (N'972aa447-28b3-4f97-b86c-0cb1f200372d', N'df2b3fc0-0a65-416f-aff9-073e53ffcaac', N'Món ăn – thực phẩm')
INSERT [dbo].[VocabularyTopics] ([idVocTopic], [idProfessor], [name]) VALUES (N'195877e6-0fe9-4de8-b8bc-1010af42ef5a', N'df2b3fc0-0a65-416f-aff9-073e53ffcaac', N'Con vật nuôi')
INSERT [dbo].[VocabularyTopics] ([idVocTopic], [idProfessor], [name]) VALUES (N'a3ec4f2e-e8f7-477d-b3bb-299b258419bd', N'df2b3fc0-0a65-416f-aff9-073e53ffcaac', N'Máy tính & mạng internet')
INSERT [dbo].[VocabularyTopics] ([idVocTopic], [idProfessor], [name]) VALUES (N'bce9032e-0bb5-4e2f-bd9b-31c8ae444a52', N'df2b3fc0-0a65-416f-aff9-073e53ffcaac', N'Sở thích đầy đủ nhất')
INSERT [dbo].[VocabularyTopics] ([idVocTopic], [idProfessor], [name]) VALUES (N'3ea35e97-f820-4780-b5d3-344457e6a878', N'df2b3fc0-0a65-416f-aff9-073e53ffcaac', N'Du lịch')
INSERT [dbo].[VocabularyTopics] ([idVocTopic], [idProfessor], [name]) VALUES (N'd1210dee-26e2-44da-a220-351ef47cde18', N'df2b3fc0-0a65-416f-aff9-073e53ffcaac', N'Trường học')
INSERT [dbo].[VocabularyTopics] ([idVocTopic], [idProfessor], [name]) VALUES (N'a413d1b1-8dce-4b21-ae82-3616de156806', N'df2b3fc0-0a65-416f-aff9-073e53ffcaac', N'Màu sắc cho người mất gốc')
INSERT [dbo].[VocabularyTopics] ([idVocTopic], [idProfessor], [name]) VALUES (N'fdc85a13-60ec-4164-9922-3929b0dd0c22', N'df2b3fc0-0a65-416f-aff9-073e53ffcaac', N'Nghệ thuật')
INSERT [dbo].[VocabularyTopics] ([idVocTopic], [idProfessor], [name]) VALUES (N'bce41039-a78d-4298-8f50-4224340cd0b9', N'df2b3fc0-0a65-416f-aff9-073e53ffcaac', N'Thức uống')
INSERT [dbo].[VocabularyTopics] ([idVocTopic], [idProfessor], [name]) VALUES (N'721f82eb-6a13-4de1-a115-460531510c7c', N'df2b3fc0-0a65-416f-aff9-073e53ffcaac', N'Gia đình')
INSERT [dbo].[VocabularyTopics] ([idVocTopic], [idProfessor], [name]) VALUES (N'97ecf8d6-0569-4bee-82d1-5ef7a8ea5a78', N'df2b3fc0-0a65-416f-aff9-073e53ffcaac', N'Kinh doanh')
INSERT [dbo].[VocabularyTopics] ([idVocTopic], [idProfessor], [name]) VALUES (N'1061d61d-d0cc-4123-ba65-607586d3607a', N'df2b3fc0-0a65-416f-aff9-073e53ffcaac', N'Truyền hình & báo chí')
INSERT [dbo].[VocabularyTopics] ([idVocTopic], [idProfessor], [name]) VALUES (N'2e10c0fb-82e8-4c5b-a567-8758238aa13a', N'df2b3fc0-0a65-416f-aff9-073e53ffcaac', N'Môi trường')
INSERT [dbo].[VocabularyTopics] ([idVocTopic], [idProfessor], [name]) VALUES (N'd69daf8e-81d7-40fc-9b75-957d4822fbc4', N'df2b3fc0-0a65-416f-aff9-073e53ffcaac', N'Quần áo và thời trang')
INSERT [dbo].[VocabularyTopics] ([idVocTopic], [idProfessor], [name]) VALUES (N'46ec0e4f-a022-47d9-b1a3-9a7b4da3cfe2', N'df2b3fc0-0a65-416f-aff9-073e53ffcaac', N'Mua sắm')
INSERT [dbo].[VocabularyTopics] ([idVocTopic], [idProfessor], [name]) VALUES (N'16e9e5ff-df19-432f-bfe0-a2f1cc3716e2', N'df2b3fc0-0a65-416f-aff9-073e53ffcaac', N'Cảm xúc')
INSERT [dbo].[VocabularyTopics] ([idVocTopic], [idProfessor], [name]) VALUES (N'f62f918e-5ba9-4aef-9844-b646532e3e80', N'df2b3fc0-0a65-416f-aff9-073e53ffcaac', N'Cơ thể con người')
INSERT [dbo].[VocabularyTopics] ([idVocTopic], [idProfessor], [name]) VALUES (N'54c6e232-c588-483e-82e1-b91e1b24c294', N'df2b3fc0-0a65-416f-aff9-073e53ffcaac', N'Điện thoại & thư tín')
INSERT [dbo].[VocabularyTopics] ([idVocTopic], [idProfessor], [name]) VALUES (N'9d446d63-8055-4802-a831-c2b9cce62d21', N'df2b3fc0-0a65-416f-aff9-073e53ffcaac', N'Ngoại hình')
INSERT [dbo].[VocabularyTopics] ([idVocTopic], [idProfessor], [name]) VALUES (N'88428cce-b2c5-4897-a1c3-ebae3a0bf90a', N'df2b3fc0-0a65-416f-aff9-073e53ffcaac', N'Thời tiết')
GO
SET ANSI_PADDING ON
GO
/****** Object:  Index [IX_Admins_idUser]    Script Date: 4/7/2024 10:36:24 AM ******/
CREATE UNIQUE NONCLUSTERED INDEX [IX_Admins_idUser] ON [dbo].[Admins]
(
	[idUser] ASC
)WITH (PAD_INDEX = OFF, STATISTICS_NORECOMPUTE = OFF, SORT_IN_TEMPDB = OFF, IGNORE_DUP_KEY = OFF, DROP_EXISTING = OFF, ONLINE = OFF, ALLOW_ROW_LOCKS = ON, ALLOW_PAGE_LOCKS = ON, OPTIMIZE_FOR_SEQUENTIAL_KEY = OFF) ON [PRIMARY]
GO
/****** Object:  Index [IX_AnswerQuestions_QuestionidQuestion]    Script Date: 4/7/2024 10:36:24 AM ******/
CREATE NONCLUSTERED INDEX [IX_AnswerQuestions_QuestionidQuestion] ON [dbo].[AnswerQuestions]
(
	[QuestionidQuestion] ASC
)WITH (PAD_INDEX = OFF, STATISTICS_NORECOMPUTE = OFF, SORT_IN_TEMPDB = OFF, DROP_EXISTING = OFF, ONLINE = OFF, ALLOW_ROW_LOCKS = ON, ALLOW_PAGE_LOCKS = ON, OPTIMIZE_FOR_SEQUENTIAL_KEY = OFF) ON [PRIMARY]
GO
SET ANSI_PADDING ON
GO
/****** Object:  Index [IX_AspNetRoleClaims_RoleId]    Script Date: 4/7/2024 10:36:24 AM ******/
CREATE NONCLUSTERED INDEX [IX_AspNetRoleClaims_RoleId] ON [dbo].[AspNetRoleClaims]
(
	[RoleId] ASC
)WITH (PAD_INDEX = OFF, STATISTICS_NORECOMPUTE = OFF, SORT_IN_TEMPDB = OFF, DROP_EXISTING = OFF, ONLINE = OFF, ALLOW_ROW_LOCKS = ON, ALLOW_PAGE_LOCKS = ON, OPTIMIZE_FOR_SEQUENTIAL_KEY = OFF) ON [PRIMARY]
GO
SET ANSI_PADDING ON
GO
/****** Object:  Index [RoleNameIndex]    Script Date: 4/7/2024 10:36:24 AM ******/
CREATE UNIQUE NONCLUSTERED INDEX [RoleNameIndex] ON [dbo].[AspNetRoles]
(
	[NormalizedName] ASC
)
WHERE ([NormalizedName] IS NOT NULL)
WITH (PAD_INDEX = OFF, STATISTICS_NORECOMPUTE = OFF, SORT_IN_TEMPDB = OFF, IGNORE_DUP_KEY = OFF, DROP_EXISTING = OFF, ONLINE = OFF, ALLOW_ROW_LOCKS = ON, ALLOW_PAGE_LOCKS = ON, OPTIMIZE_FOR_SEQUENTIAL_KEY = OFF) ON [PRIMARY]
GO
SET ANSI_PADDING ON
GO
/****** Object:  Index [IX_AspNetUserClaims_UserId]    Script Date: 4/7/2024 10:36:24 AM ******/
CREATE NONCLUSTERED INDEX [IX_AspNetUserClaims_UserId] ON [dbo].[AspNetUserClaims]
(
	[UserId] ASC
)WITH (PAD_INDEX = OFF, STATISTICS_NORECOMPUTE = OFF, SORT_IN_TEMPDB = OFF, DROP_EXISTING = OFF, ONLINE = OFF, ALLOW_ROW_LOCKS = ON, ALLOW_PAGE_LOCKS = ON, OPTIMIZE_FOR_SEQUENTIAL_KEY = OFF) ON [PRIMARY]
GO
SET ANSI_PADDING ON
GO
/****** Object:  Index [IX_AspNetUserLogins_UserId]    Script Date: 4/7/2024 10:36:24 AM ******/
CREATE NONCLUSTERED INDEX [IX_AspNetUserLogins_UserId] ON [dbo].[AspNetUserLogins]
(
	[UserId] ASC
)WITH (PAD_INDEX = OFF, STATISTICS_NORECOMPUTE = OFF, SORT_IN_TEMPDB = OFF, DROP_EXISTING = OFF, ONLINE = OFF, ALLOW_ROW_LOCKS = ON, ALLOW_PAGE_LOCKS = ON, OPTIMIZE_FOR_SEQUENTIAL_KEY = OFF) ON [PRIMARY]
GO
SET ANSI_PADDING ON
GO
/****** Object:  Index [IX_AspNetUserRoles_RoleId]    Script Date: 4/7/2024 10:36:24 AM ******/
CREATE NONCLUSTERED INDEX [IX_AspNetUserRoles_RoleId] ON [dbo].[AspNetUserRoles]
(
	[RoleId] ASC
)WITH (PAD_INDEX = OFF, STATISTICS_NORECOMPUTE = OFF, SORT_IN_TEMPDB = OFF, DROP_EXISTING = OFF, ONLINE = OFF, ALLOW_ROW_LOCKS = ON, ALLOW_PAGE_LOCKS = ON, OPTIMIZE_FOR_SEQUENTIAL_KEY = OFF) ON [PRIMARY]
GO
SET ANSI_PADDING ON
GO
/****** Object:  Index [EmailIndex]    Script Date: 4/7/2024 10:36:24 AM ******/
CREATE NONCLUSTERED INDEX [EmailIndex] ON [dbo].[AspNetUsers]
(
	[NormalizedEmail] ASC
)WITH (PAD_INDEX = OFF, STATISTICS_NORECOMPUTE = OFF, SORT_IN_TEMPDB = OFF, DROP_EXISTING = OFF, ONLINE = OFF, ALLOW_ROW_LOCKS = ON, ALLOW_PAGE_LOCKS = ON, OPTIMIZE_FOR_SEQUENTIAL_KEY = OFF) ON [PRIMARY]
GO
SET ANSI_PADDING ON
GO
/****** Object:  Index [UserNameIndex]    Script Date: 4/7/2024 10:36:24 AM ******/
CREATE UNIQUE NONCLUSTERED INDEX [UserNameIndex] ON [dbo].[AspNetUsers]
(
	[NormalizedUserName] ASC
)
WHERE ([NormalizedUserName] IS NOT NULL)
WITH (PAD_INDEX = OFF, STATISTICS_NORECOMPUTE = OFF, SORT_IN_TEMPDB = OFF, IGNORE_DUP_KEY = OFF, DROP_EXISTING = OFF, ONLINE = OFF, ALLOW_ROW_LOCKS = ON, ALLOW_PAGE_LOCKS = ON, OPTIMIZE_FOR_SEQUENTIAL_KEY = OFF) ON [PRIMARY]
GO
/****** Object:  Index [IX_Comments_idPost]    Script Date: 4/7/2024 10:36:24 AM ******/
CREATE NONCLUSTERED INDEX [IX_Comments_idPost] ON [dbo].[Comments]
(
	[idPost] ASC
)WITH (PAD_INDEX = OFF, STATISTICS_NORECOMPUTE = OFF, SORT_IN_TEMPDB = OFF, DROP_EXISTING = OFF, ONLINE = OFF, ALLOW_ROW_LOCKS = ON, ALLOW_PAGE_LOCKS = ON, OPTIMIZE_FOR_SEQUENTIAL_KEY = OFF) ON [PRIMARY]
GO
SET ANSI_PADDING ON
GO
/****** Object:  Index [IX_Comments_idUser]    Script Date: 4/7/2024 10:36:24 AM ******/
CREATE NONCLUSTERED INDEX [IX_Comments_idUser] ON [dbo].[Comments]
(
	[idUser] ASC
)WITH (PAD_INDEX = OFF, STATISTICS_NORECOMPUTE = OFF, SORT_IN_TEMPDB = OFF, DROP_EXISTING = OFF, ONLINE = OFF, ALLOW_ROW_LOCKS = ON, ALLOW_PAGE_LOCKS = ON, OPTIMIZE_FOR_SEQUENTIAL_KEY = OFF) ON [PRIMARY]
GO
/****** Object:  Index [IX_Courses_idProfessor]    Script Date: 4/7/2024 10:36:24 AM ******/
CREATE NONCLUSTERED INDEX [IX_Courses_idProfessor] ON [dbo].[Courses]
(
	[idProfessor] ASC
)WITH (PAD_INDEX = OFF, STATISTICS_NORECOMPUTE = OFF, SORT_IN_TEMPDB = OFF, DROP_EXISTING = OFF, ONLINE = OFF, ALLOW_ROW_LOCKS = ON, ALLOW_PAGE_LOCKS = ON, OPTIMIZE_FOR_SEQUENTIAL_KEY = OFF) ON [PRIMARY]
GO
/****** Object:  Index [IX_Lessons_idCourse]    Script Date: 4/7/2024 10:36:24 AM ******/
CREATE NONCLUSTERED INDEX [IX_Lessons_idCourse] ON [dbo].[Lessons]
(
	[idCourse] ASC
)WITH (PAD_INDEX = OFF, STATISTICS_NORECOMPUTE = OFF, SORT_IN_TEMPDB = OFF, DROP_EXISTING = OFF, ONLINE = OFF, ALLOW_ROW_LOCKS = ON, ALLOW_PAGE_LOCKS = ON, OPTIMIZE_FOR_SEQUENTIAL_KEY = OFF) ON [PRIMARY]
GO
/****** Object:  Index [IX_Payments_idMethod]    Script Date: 4/7/2024 10:36:24 AM ******/
CREATE NONCLUSTERED INDEX [IX_Payments_idMethod] ON [dbo].[Payments]
(
	[idMethod] ASC
)WITH (PAD_INDEX = OFF, STATISTICS_NORECOMPUTE = OFF, SORT_IN_TEMPDB = OFF, DROP_EXISTING = OFF, ONLINE = OFF, ALLOW_ROW_LOCKS = ON, ALLOW_PAGE_LOCKS = ON, OPTIMIZE_FOR_SEQUENTIAL_KEY = OFF) ON [PRIMARY]
GO
/****** Object:  Index [IX_Payments_idPackage]    Script Date: 4/7/2024 10:36:24 AM ******/
CREATE NONCLUSTERED INDEX [IX_Payments_idPackage] ON [dbo].[Payments]
(
	[idPackage] ASC
)WITH (PAD_INDEX = OFF, STATISTICS_NORECOMPUTE = OFF, SORT_IN_TEMPDB = OFF, DROP_EXISTING = OFF, ONLINE = OFF, ALLOW_ROW_LOCKS = ON, ALLOW_PAGE_LOCKS = ON, OPTIMIZE_FOR_SEQUENTIAL_KEY = OFF) ON [PRIMARY]
GO
/****** Object:  Index [IX_Payments_idStudent]    Script Date: 4/7/2024 10:36:24 AM ******/
CREATE NONCLUSTERED INDEX [IX_Payments_idStudent] ON [dbo].[Payments]
(
	[idStudent] ASC
)WITH (PAD_INDEX = OFF, STATISTICS_NORECOMPUTE = OFF, SORT_IN_TEMPDB = OFF, DROP_EXISTING = OFF, ONLINE = OFF, ALLOW_ROW_LOCKS = ON, ALLOW_PAGE_LOCKS = ON, OPTIMIZE_FOR_SEQUENTIAL_KEY = OFF) ON [PRIMARY]
GO
SET ANSI_PADDING ON
GO
/****** Object:  Index [IX_Posts_idUser]    Script Date: 4/7/2024 10:36:24 AM ******/
CREATE NONCLUSTERED INDEX [IX_Posts_idUser] ON [dbo].[Posts]
(
	[idUser] ASC
)WITH (PAD_INDEX = OFF, STATISTICS_NORECOMPUTE = OFF, SORT_IN_TEMPDB = OFF, DROP_EXISTING = OFF, ONLINE = OFF, ALLOW_ROW_LOCKS = ON, ALLOW_PAGE_LOCKS = ON, OPTIMIZE_FOR_SEQUENTIAL_KEY = OFF) ON [PRIMARY]
GO
SET ANSI_PADDING ON
GO
/****** Object:  Index [IX_Professors_idUser]    Script Date: 4/7/2024 10:36:24 AM ******/
CREATE UNIQUE NONCLUSTERED INDEX [IX_Professors_idUser] ON [dbo].[Professors]
(
	[idUser] ASC
)WITH (PAD_INDEX = OFF, STATISTICS_NORECOMPUTE = OFF, SORT_IN_TEMPDB = OFF, IGNORE_DUP_KEY = OFF, DROP_EXISTING = OFF, ONLINE = OFF, ALLOW_ROW_LOCKS = ON, ALLOW_PAGE_LOCKS = ON, OPTIMIZE_FOR_SEQUENTIAL_KEY = OFF) ON [PRIMARY]
GO
/****** Object:  Index [IX_Questions_idProfessor]    Script Date: 4/7/2024 10:36:24 AM ******/
CREATE NONCLUSTERED INDEX [IX_Questions_idProfessor] ON [dbo].[Questions]
(
	[idProfessor] ASC
)WITH (PAD_INDEX = OFF, STATISTICS_NORECOMPUTE = OFF, SORT_IN_TEMPDB = OFF, DROP_EXISTING = OFF, ONLINE = OFF, ALLOW_ROW_LOCKS = ON, ALLOW_PAGE_LOCKS = ON, OPTIMIZE_FOR_SEQUENTIAL_KEY = OFF) ON [PRIMARY]
GO
/****** Object:  Index [IX_Questions_idQuiz]    Script Date: 4/7/2024 10:36:24 AM ******/
CREATE NONCLUSTERED INDEX [IX_Questions_idQuiz] ON [dbo].[Questions]
(
	[idQuiz] ASC
)WITH (PAD_INDEX = OFF, STATISTICS_NORECOMPUTE = OFF, SORT_IN_TEMPDB = OFF, DROP_EXISTING = OFF, ONLINE = OFF, ALLOW_ROW_LOCKS = ON, ALLOW_PAGE_LOCKS = ON, OPTIMIZE_FOR_SEQUENTIAL_KEY = OFF) ON [PRIMARY]
GO
/****** Object:  Index [IX_Questions_idUnit]    Script Date: 4/7/2024 10:36:24 AM ******/
CREATE NONCLUSTERED INDEX [IX_Questions_idUnit] ON [dbo].[Questions]
(
	[idUnit] ASC
)WITH (PAD_INDEX = OFF, STATISTICS_NORECOMPUTE = OFF, SORT_IN_TEMPDB = OFF, DROP_EXISTING = OFF, ONLINE = OFF, ALLOW_ROW_LOCKS = ON, ALLOW_PAGE_LOCKS = ON, OPTIMIZE_FOR_SEQUENTIAL_KEY = OFF) ON [PRIMARY]
GO
/****** Object:  Index [IX_Quizs_idLesson]    Script Date: 4/7/2024 10:36:24 AM ******/
CREATE NONCLUSTERED INDEX [IX_Quizs_idLesson] ON [dbo].[Quizs]
(
	[idLesson] ASC
)WITH (PAD_INDEX = OFF, STATISTICS_NORECOMPUTE = OFF, SORT_IN_TEMPDB = OFF, DROP_EXISTING = OFF, ONLINE = OFF, ALLOW_ROW_LOCKS = ON, ALLOW_PAGE_LOCKS = ON, OPTIMIZE_FOR_SEQUENTIAL_KEY = OFF) ON [PRIMARY]
GO
/****** Object:  Index [IX_Reports_idAdmin]    Script Date: 4/7/2024 10:36:24 AM ******/
CREATE NONCLUSTERED INDEX [IX_Reports_idAdmin] ON [dbo].[Reports]
(
	[idAdmin] ASC
)WITH (PAD_INDEX = OFF, STATISTICS_NORECOMPUTE = OFF, SORT_IN_TEMPDB = OFF, DROP_EXISTING = OFF, ONLINE = OFF, ALLOW_ROW_LOCKS = ON, ALLOW_PAGE_LOCKS = ON, OPTIMIZE_FOR_SEQUENTIAL_KEY = OFF) ON [PRIMARY]
GO
/****** Object:  Index [IX_Reports_idPost]    Script Date: 4/7/2024 10:36:24 AM ******/
CREATE NONCLUSTERED INDEX [IX_Reports_idPost] ON [dbo].[Reports]
(
	[idPost] ASC
)WITH (PAD_INDEX = OFF, STATISTICS_NORECOMPUTE = OFF, SORT_IN_TEMPDB = OFF, DROP_EXISTING = OFF, ONLINE = OFF, ALLOW_ROW_LOCKS = ON, ALLOW_PAGE_LOCKS = ON, OPTIMIZE_FOR_SEQUENTIAL_KEY = OFF) ON [PRIMARY]
GO
SET ANSI_PADDING ON
GO
/****** Object:  Index [IX_Reports_idUser]    Script Date: 4/7/2024 10:36:24 AM ******/
CREATE NONCLUSTERED INDEX [IX_Reports_idUser] ON [dbo].[Reports]
(
	[idUser] ASC
)WITH (PAD_INDEX = OFF, STATISTICS_NORECOMPUTE = OFF, SORT_IN_TEMPDB = OFF, DROP_EXISTING = OFF, ONLINE = OFF, ALLOW_ROW_LOCKS = ON, ALLOW_PAGE_LOCKS = ON, OPTIMIZE_FOR_SEQUENTIAL_KEY = OFF) ON [PRIMARY]
GO
SET ANSI_PADDING ON
GO
/****** Object:  Index [IX_Students_idUser]    Script Date: 4/7/2024 10:36:24 AM ******/
CREATE UNIQUE NONCLUSTERED INDEX [IX_Students_idUser] ON [dbo].[Students]
(
	[idUser] ASC
)WITH (PAD_INDEX = OFF, STATISTICS_NORECOMPUTE = OFF, SORT_IN_TEMPDB = OFF, IGNORE_DUP_KEY = OFF, DROP_EXISTING = OFF, ONLINE = OFF, ALLOW_ROW_LOCKS = ON, ALLOW_PAGE_LOCKS = ON, OPTIMIZE_FOR_SEQUENTIAL_KEY = OFF) ON [PRIMARY]
GO
/****** Object:  Index [IX_TestQuestionUnits_idTest]    Script Date: 4/7/2024 10:36:24 AM ******/
CREATE NONCLUSTERED INDEX [IX_TestQuestionUnits_idTest] ON [dbo].[TestQuestionUnits]
(
	[idTest] ASC
)WITH (PAD_INDEX = OFF, STATISTICS_NORECOMPUTE = OFF, SORT_IN_TEMPDB = OFF, DROP_EXISTING = OFF, ONLINE = OFF, ALLOW_ROW_LOCKS = ON, ALLOW_PAGE_LOCKS = ON, OPTIMIZE_FOR_SEQUENTIAL_KEY = OFF) ON [PRIMARY]
GO
/****** Object:  Index [IX_TestQuestionUnits_idTestPart]    Script Date: 4/7/2024 10:36:24 AM ******/
CREATE NONCLUSTERED INDEX [IX_TestQuestionUnits_idTestPart] ON [dbo].[TestQuestionUnits]
(
	[idTestPart] ASC
)WITH (PAD_INDEX = OFF, STATISTICS_NORECOMPUTE = OFF, SORT_IN_TEMPDB = OFF, DROP_EXISTING = OFF, ONLINE = OFF, ALLOW_ROW_LOCKS = ON, ALLOW_PAGE_LOCKS = ON, OPTIMIZE_FOR_SEQUENTIAL_KEY = OFF) ON [PRIMARY]
GO
/****** Object:  Index [IX_TestRecords_idStudent]    Script Date: 4/7/2024 10:36:24 AM ******/
CREATE NONCLUSTERED INDEX [IX_TestRecords_idStudent] ON [dbo].[TestRecords]
(
	[idStudent] ASC
)WITH (PAD_INDEX = OFF, STATISTICS_NORECOMPUTE = OFF, SORT_IN_TEMPDB = OFF, DROP_EXISTING = OFF, ONLINE = OFF, ALLOW_ROW_LOCKS = ON, ALLOW_PAGE_LOCKS = ON, OPTIMIZE_FOR_SEQUENTIAL_KEY = OFF) ON [PRIMARY]
GO
/****** Object:  Index [IX_TestRecords_idTest]    Script Date: 4/7/2024 10:36:24 AM ******/
CREATE NONCLUSTERED INDEX [IX_TestRecords_idTest] ON [dbo].[TestRecords]
(
	[idTest] ASC
)WITH (PAD_INDEX = OFF, STATISTICS_NORECOMPUTE = OFF, SORT_IN_TEMPDB = OFF, DROP_EXISTING = OFF, ONLINE = OFF, ALLOW_ROW_LOCKS = ON, ALLOW_PAGE_LOCKS = ON, OPTIMIZE_FOR_SEQUENTIAL_KEY = OFF) ON [PRIMARY]
GO
/****** Object:  Index [IX_Tests_idProfessor]    Script Date: 4/7/2024 10:36:24 AM ******/
CREATE NONCLUSTERED INDEX [IX_Tests_idProfessor] ON [dbo].[Tests]
(
	[idProfessor] ASC
)WITH (PAD_INDEX = OFF, STATISTICS_NORECOMPUTE = OFF, SORT_IN_TEMPDB = OFF, DROP_EXISTING = OFF, ONLINE = OFF, ALLOW_ROW_LOCKS = ON, ALLOW_PAGE_LOCKS = ON, OPTIMIZE_FOR_SEQUENTIAL_KEY = OFF) ON [PRIMARY]
GO
/****** Object:  Index [IX_Tests_idType]    Script Date: 4/7/2024 10:36:24 AM ******/
CREATE NONCLUSTERED INDEX [IX_Tests_idType] ON [dbo].[Tests]
(
	[idType] ASC
)WITH (PAD_INDEX = OFF, STATISTICS_NORECOMPUTE = OFF, SORT_IN_TEMPDB = OFF, DROP_EXISTING = OFF, ONLINE = OFF, ALLOW_ROW_LOCKS = ON, ALLOW_PAGE_LOCKS = ON, OPTIMIZE_FOR_SEQUENTIAL_KEY = OFF) ON [PRIMARY]
GO
/****** Object:  Index [IX_UserAnswers_idQuestion]    Script Date: 4/7/2024 10:36:24 AM ******/
CREATE NONCLUSTERED INDEX [IX_UserAnswers_idQuestion] ON [dbo].[UserAnswers]
(
	[idQuestion] ASC
)WITH (PAD_INDEX = OFF, STATISTICS_NORECOMPUTE = OFF, SORT_IN_TEMPDB = OFF, DROP_EXISTING = OFF, ONLINE = OFF, ALLOW_ROW_LOCKS = ON, ALLOW_PAGE_LOCKS = ON, OPTIMIZE_FOR_SEQUENTIAL_KEY = OFF) ON [PRIMARY]
GO
/****** Object:  Index [IX_UserAnswers_idRecord]    Script Date: 4/7/2024 10:36:24 AM ******/
CREATE NONCLUSTERED INDEX [IX_UserAnswers_idRecord] ON [dbo].[UserAnswers]
(
	[idRecord] ASC
)WITH (PAD_INDEX = OFF, STATISTICS_NORECOMPUTE = OFF, SORT_IN_TEMPDB = OFF, DROP_EXISTING = OFF, ONLINE = OFF, ALLOW_ROW_LOCKS = ON, ALLOW_PAGE_LOCKS = ON, OPTIMIZE_FOR_SEQUENTIAL_KEY = OFF) ON [PRIMARY]
GO
/****** Object:  Index [IX_UserAnswers_idStudent]    Script Date: 4/7/2024 10:36:24 AM ******/
CREATE NONCLUSTERED INDEX [IX_UserAnswers_idStudent] ON [dbo].[UserAnswers]
(
	[idStudent] ASC
)WITH (PAD_INDEX = OFF, STATISTICS_NORECOMPUTE = OFF, SORT_IN_TEMPDB = OFF, DROP_EXISTING = OFF, ONLINE = OFF, ALLOW_ROW_LOCKS = ON, ALLOW_PAGE_LOCKS = ON, OPTIMIZE_FOR_SEQUENTIAL_KEY = OFF) ON [PRIMARY]
GO
/****** Object:  Index [IX_VipPackages_idAdmin]    Script Date: 4/7/2024 10:36:24 AM ******/
CREATE NONCLUSTERED INDEX [IX_VipPackages_idAdmin] ON [dbo].[VipPackages]
(
	[idAdmin] ASC
)WITH (PAD_INDEX = OFF, STATISTICS_NORECOMPUTE = OFF, SORT_IN_TEMPDB = OFF, DROP_EXISTING = OFF, ONLINE = OFF, ALLOW_ROW_LOCKS = ON, ALLOW_PAGE_LOCKS = ON, OPTIMIZE_FOR_SEQUENTIAL_KEY = OFF) ON [PRIMARY]
GO
/****** Object:  Index [IX_VipStudents_idStudent]    Script Date: 4/7/2024 10:36:24 AM ******/
CREATE UNIQUE NONCLUSTERED INDEX [IX_VipStudents_idStudent] ON [dbo].[VipStudents]
(
	[idStudent] ASC
)WITH (PAD_INDEX = OFF, STATISTICS_NORECOMPUTE = OFF, SORT_IN_TEMPDB = OFF, IGNORE_DUP_KEY = OFF, DROP_EXISTING = OFF, ONLINE = OFF, ALLOW_ROW_LOCKS = ON, ALLOW_PAGE_LOCKS = ON, OPTIMIZE_FOR_SEQUENTIAL_KEY = OFF) ON [PRIMARY]
GO
/****** Object:  Index [IX_Vocabularies_idProfessor]    Script Date: 4/7/2024 10:36:24 AM ******/
CREATE NONCLUSTERED INDEX [IX_Vocabularies_idProfessor] ON [dbo].[Vocabularies]
(
	[idProfessor] ASC
)WITH (PAD_INDEX = OFF, STATISTICS_NORECOMPUTE = OFF, SORT_IN_TEMPDB = OFF, DROP_EXISTING = OFF, ONLINE = OFF, ALLOW_ROW_LOCKS = ON, ALLOW_PAGE_LOCKS = ON, OPTIMIZE_FOR_SEQUENTIAL_KEY = OFF) ON [PRIMARY]
GO
/****** Object:  Index [IX_Vocabularies_idTopic]    Script Date: 4/7/2024 10:36:24 AM ******/
CREATE NONCLUSTERED INDEX [IX_Vocabularies_idTopic] ON [dbo].[Vocabularies]
(
	[idTopic] ASC
)WITH (PAD_INDEX = OFF, STATISTICS_NORECOMPUTE = OFF, SORT_IN_TEMPDB = OFF, DROP_EXISTING = OFF, ONLINE = OFF, ALLOW_ROW_LOCKS = ON, ALLOW_PAGE_LOCKS = ON, OPTIMIZE_FOR_SEQUENTIAL_KEY = OFF) ON [PRIMARY]
GO
/****** Object:  Index [IX_VocabularyTopics_idProfessor]    Script Date: 4/7/2024 10:36:24 AM ******/
CREATE NONCLUSTERED INDEX [IX_VocabularyTopics_idProfessor] ON [dbo].[VocabularyTopics]
(
	[idProfessor] ASC
)WITH (PAD_INDEX = OFF, STATISTICS_NORECOMPUTE = OFF, SORT_IN_TEMPDB = OFF, DROP_EXISTING = OFF, ONLINE = OFF, ALLOW_ROW_LOCKS = ON, ALLOW_PAGE_LOCKS = ON, OPTIMIZE_FOR_SEQUENTIAL_KEY = OFF) ON [PRIMARY]
GO
ALTER TABLE [dbo].[TestRecords] ADD  DEFAULT ((0)) FOR [correctAns]
GO
ALTER TABLE [dbo].[TestRecords] ADD  DEFAULT ((0)) FOR [listenCorrect]
GO
ALTER TABLE [dbo].[TestRecords] ADD  DEFAULT ((0)) FOR [listenScore]
GO
ALTER TABLE [dbo].[TestRecords] ADD  DEFAULT ((0)) FOR [readScore]
GO
ALTER TABLE [dbo].[TestRecords] ADD  DEFAULT ((0)) FOR [readingCorrect]
GO
ALTER TABLE [dbo].[TestRecords] ADD  DEFAULT ((0)) FOR [totalScore]
GO
ALTER TABLE [dbo].[TestRecords] ADD  DEFAULT ((0)) FOR [wrongAns]
GO
ALTER TABLE [dbo].[Admins]  WITH CHECK ADD  CONSTRAINT [FK_AdminOfUser] FOREIGN KEY([idUser])
REFERENCES [dbo].[AspNetUsers] ([Id])
ON DELETE CASCADE
GO
ALTER TABLE [dbo].[Admins] CHECK CONSTRAINT [FK_AdminOfUser]
GO
ALTER TABLE [dbo].[AnswerQuestions]  WITH CHECK ADD  CONSTRAINT [FK_AnswerQuestions_Questions_QuestionidQuestion] FOREIGN KEY([QuestionidQuestion])
REFERENCES [dbo].[Questions] ([idQuestion])
ON DELETE CASCADE
GO
ALTER TABLE [dbo].[AnswerQuestions] CHECK CONSTRAINT [FK_AnswerQuestions_Questions_QuestionidQuestion]
GO
ALTER TABLE [dbo].[AspNetRoleClaims]  WITH CHECK ADD  CONSTRAINT [FK_AspNetRoleClaims_AspNetRoles_RoleId] FOREIGN KEY([RoleId])
REFERENCES [dbo].[AspNetRoles] ([Id])
ON DELETE CASCADE
GO
ALTER TABLE [dbo].[AspNetRoleClaims] CHECK CONSTRAINT [FK_AspNetRoleClaims_AspNetRoles_RoleId]
GO
ALTER TABLE [dbo].[AspNetUserClaims]  WITH CHECK ADD  CONSTRAINT [FK_AspNetUserClaims_AspNetUsers_UserId] FOREIGN KEY([UserId])
REFERENCES [dbo].[AspNetUsers] ([Id])
ON DELETE CASCADE
GO
ALTER TABLE [dbo].[AspNetUserClaims] CHECK CONSTRAINT [FK_AspNetUserClaims_AspNetUsers_UserId]
GO
ALTER TABLE [dbo].[AspNetUserLogins]  WITH CHECK ADD  CONSTRAINT [FK_AspNetUserLogins_AspNetUsers_UserId] FOREIGN KEY([UserId])
REFERENCES [dbo].[AspNetUsers] ([Id])
ON DELETE CASCADE
GO
ALTER TABLE [dbo].[AspNetUserLogins] CHECK CONSTRAINT [FK_AspNetUserLogins_AspNetUsers_UserId]
GO
ALTER TABLE [dbo].[AspNetUserRoles]  WITH CHECK ADD  CONSTRAINT [FK_AspNetUserRoles_AspNetRoles_RoleId] FOREIGN KEY([RoleId])
REFERENCES [dbo].[AspNetRoles] ([Id])
ON DELETE CASCADE
GO
ALTER TABLE [dbo].[AspNetUserRoles] CHECK CONSTRAINT [FK_AspNetUserRoles_AspNetRoles_RoleId]
GO
ALTER TABLE [dbo].[AspNetUserRoles]  WITH CHECK ADD  CONSTRAINT [FK_AspNetUserRoles_AspNetUsers_UserId] FOREIGN KEY([UserId])
REFERENCES [dbo].[AspNetUsers] ([Id])
ON DELETE CASCADE
GO
ALTER TABLE [dbo].[AspNetUserRoles] CHECK CONSTRAINT [FK_AspNetUserRoles_AspNetUsers_UserId]
GO
ALTER TABLE [dbo].[AspNetUserTokens]  WITH CHECK ADD  CONSTRAINT [FK_AspNetUserTokens_AspNetUsers_UserId] FOREIGN KEY([UserId])
REFERENCES [dbo].[AspNetUsers] ([Id])
ON DELETE CASCADE
GO
ALTER TABLE [dbo].[AspNetUserTokens] CHECK CONSTRAINT [FK_AspNetUserTokens_AspNetUsers_UserId]
GO
ALTER TABLE [dbo].[Comments]  WITH CHECK ADD  CONSTRAINT [FK_CommentsOfPost] FOREIGN KEY([idPost])
REFERENCES [dbo].[Posts] ([idPost])
GO
ALTER TABLE [dbo].[Comments] CHECK CONSTRAINT [FK_CommentsOfPost]
GO
ALTER TABLE [dbo].[Comments]  WITH CHECK ADD  CONSTRAINT [FK_CommentsOfUser] FOREIGN KEY([idUser])
REFERENCES [dbo].[AspNetUsers] ([Id])
GO
ALTER TABLE [dbo].[Comments] CHECK CONSTRAINT [FK_CommentsOfUser]
GO
ALTER TABLE [dbo].[Courses]  WITH CHECK ADD  CONSTRAINT [FK_CourseOfProfessor] FOREIGN KEY([idProfessor])
REFERENCES [dbo].[Professors] ([idProfessor])
GO
ALTER TABLE [dbo].[Courses] CHECK CONSTRAINT [FK_CourseOfProfessor]
GO
ALTER TABLE [dbo].[Lessons]  WITH CHECK ADD  CONSTRAINT [FK_LessonOfCourse] FOREIGN KEY([idCourse])
REFERENCES [dbo].[Courses] ([idCourse])
ON DELETE CASCADE
GO
ALTER TABLE [dbo].[Lessons] CHECK CONSTRAINT [FK_LessonOfCourse]
GO
ALTER TABLE [dbo].[Payments]  WITH CHECK ADD  CONSTRAINT [PaymentOfMethod] FOREIGN KEY([idMethod])
REFERENCES [dbo].[PaymentMethods] ([idMethod])
ON DELETE CASCADE
GO
ALTER TABLE [dbo].[Payments] CHECK CONSTRAINT [PaymentOfMethod]
GO
ALTER TABLE [dbo].[Payments]  WITH CHECK ADD  CONSTRAINT [PaymentOfStudent] FOREIGN KEY([idStudent])
REFERENCES [dbo].[Students] ([idStudent])
ON DELETE CASCADE
GO
ALTER TABLE [dbo].[Payments] CHECK CONSTRAINT [PaymentOfStudent]
GO
ALTER TABLE [dbo].[Payments]  WITH CHECK ADD  CONSTRAINT [PaymentOfVipPackage] FOREIGN KEY([idPackage])
REFERENCES [dbo].[VipPackages] ([idPackage])
ON DELETE CASCADE
GO
ALTER TABLE [dbo].[Payments] CHECK CONSTRAINT [PaymentOfVipPackage]
GO
ALTER TABLE [dbo].[Posts]  WITH CHECK ADD  CONSTRAINT [FK_PostOfUser] FOREIGN KEY([idUser])
REFERENCES [dbo].[AspNetUsers] ([Id])
ON DELETE CASCADE
GO
ALTER TABLE [dbo].[Posts] CHECK CONSTRAINT [FK_PostOfUser]
GO
ALTER TABLE [dbo].[Professors]  WITH CHECK ADD  CONSTRAINT [FK_ProfessorOfUser] FOREIGN KEY([idUser])
REFERENCES [dbo].[AspNetUsers] ([Id])
ON DELETE CASCADE
GO
ALTER TABLE [dbo].[Professors] CHECK CONSTRAINT [FK_ProfessorOfUser]
GO
ALTER TABLE [dbo].[Questions]  WITH CHECK ADD  CONSTRAINT [FK_QuestionsOfProfessor] FOREIGN KEY([idProfessor])
REFERENCES [dbo].[Professors] ([idProfessor])
GO
ALTER TABLE [dbo].[Questions] CHECK CONSTRAINT [FK_QuestionsOfProfessor]
GO
ALTER TABLE [dbo].[Questions]  WITH CHECK ADD  CONSTRAINT [FK_QuestionsOfQuiz] FOREIGN KEY([idQuiz])
REFERENCES [dbo].[Quizs] ([idQuiz])
ON DELETE CASCADE
GO
ALTER TABLE [dbo].[Questions] CHECK CONSTRAINT [FK_QuestionsOfQuiz]
GO
ALTER TABLE [dbo].[Questions]  WITH CHECK ADD  CONSTRAINT [FK_QuestionsOfUnit] FOREIGN KEY([idUnit])
REFERENCES [dbo].[TestQuestionUnits] ([idQuestionUnit])
ON DELETE CASCADE
GO
ALTER TABLE [dbo].[Questions] CHECK CONSTRAINT [FK_QuestionsOfUnit]
GO
ALTER TABLE [dbo].[Quizs]  WITH CHECK ADD  CONSTRAINT [FK_QuizzesOfLesson] FOREIGN KEY([idLesson])
REFERENCES [dbo].[Lessons] ([idLesson])
ON DELETE CASCADE
GO
ALTER TABLE [dbo].[Quizs] CHECK CONSTRAINT [FK_QuizzesOfLesson]
GO
ALTER TABLE [dbo].[Reports]  WITH CHECK ADD  CONSTRAINT [FK_AdminCheckReport] FOREIGN KEY([idAdmin])
REFERENCES [dbo].[Admins] ([idAdmin])
GO
ALTER TABLE [dbo].[Reports] CHECK CONSTRAINT [FK_AdminCheckReport]
GO
ALTER TABLE [dbo].[Reports]  WITH CHECK ADD  CONSTRAINT [FK_ReportsOfPost] FOREIGN KEY([idPost])
REFERENCES [dbo].[Posts] ([idPost])
GO
ALTER TABLE [dbo].[Reports] CHECK CONSTRAINT [FK_ReportsOfPost]
GO
ALTER TABLE [dbo].[Reports]  WITH CHECK ADD  CONSTRAINT [FK_ReportsOfUser] FOREIGN KEY([idUser])
REFERENCES [dbo].[AspNetUsers] ([Id])
GO
ALTER TABLE [dbo].[Reports] CHECK CONSTRAINT [FK_ReportsOfUser]
GO
ALTER TABLE [dbo].[Students]  WITH CHECK ADD  CONSTRAINT [FK_StudentOfUser] FOREIGN KEY([idUser])
REFERENCES [dbo].[AspNetUsers] ([Id])
ON DELETE CASCADE
GO
ALTER TABLE [dbo].[Students] CHECK CONSTRAINT [FK_StudentOfUser]
GO
ALTER TABLE [dbo].[TestQuestionUnits]  WITH CHECK ADD  CONSTRAINT [FK_UnitOfTestPart] FOREIGN KEY([idTestPart])
REFERENCES [dbo].[TestParts] ([partId])
GO
ALTER TABLE [dbo].[TestQuestionUnits] CHECK CONSTRAINT [FK_UnitOfTestPart]
GO
ALTER TABLE [dbo].[TestQuestionUnits]  WITH CHECK ADD  CONSTRAINT [FK_UnitsOfTest] FOREIGN KEY([idTest])
REFERENCES [dbo].[Tests] ([idTest])
ON DELETE CASCADE
GO
ALTER TABLE [dbo].[TestQuestionUnits] CHECK CONSTRAINT [FK_UnitsOfTest]
GO
ALTER TABLE [dbo].[TestRecords]  WITH CHECK ADD  CONSTRAINT [RecordOfStudent] FOREIGN KEY([idStudent])
REFERENCES [dbo].[Students] ([idStudent])
ON DELETE CASCADE
GO
ALTER TABLE [dbo].[TestRecords] CHECK CONSTRAINT [RecordOfStudent]
GO
ALTER TABLE [dbo].[TestRecords]  WITH CHECK ADD  CONSTRAINT [RecordOfTest] FOREIGN KEY([idTest])
REFERENCES [dbo].[Tests] ([idTest])
GO
ALTER TABLE [dbo].[TestRecords] CHECK CONSTRAINT [RecordOfTest]
GO
ALTER TABLE [dbo].[Tests]  WITH CHECK ADD  CONSTRAINT [TestOfProfessor] FOREIGN KEY([idProfessor])
REFERENCES [dbo].[Professors] ([idProfessor])
GO
ALTER TABLE [dbo].[Tests] CHECK CONSTRAINT [TestOfProfessor]
GO
ALTER TABLE [dbo].[Tests]  WITH CHECK ADD  CONSTRAINT [TypeTest] FOREIGN KEY([idType])
REFERENCES [dbo].[TestTypes] ([idTestType])
GO
ALTER TABLE [dbo].[Tests] CHECK CONSTRAINT [TypeTest]
GO
ALTER TABLE [dbo].[UserAnswers]  WITH CHECK ADD  CONSTRAINT [FK_AnswerOfQuestion] FOREIGN KEY([idQuestion])
REFERENCES [dbo].[Questions] ([idQuestion])
ON DELETE CASCADE
GO
ALTER TABLE [dbo].[UserAnswers] CHECK CONSTRAINT [FK_AnswerOfQuestion]
GO
ALTER TABLE [dbo].[UserAnswers]  WITH CHECK ADD  CONSTRAINT [FK_AnswerOfStudent] FOREIGN KEY([idStudent])
REFERENCES [dbo].[Students] ([idStudent])
ON DELETE CASCADE
GO
ALTER TABLE [dbo].[UserAnswers] CHECK CONSTRAINT [FK_AnswerOfStudent]
GO
ALTER TABLE [dbo].[UserAnswers]  WITH CHECK ADD  CONSTRAINT [FK_RecordAnswer] FOREIGN KEY([idRecord])
REFERENCES [dbo].[TestRecords] ([idRecord])
GO
ALTER TABLE [dbo].[UserAnswers] CHECK CONSTRAINT [FK_RecordAnswer]
GO
ALTER TABLE [dbo].[VipPackages]  WITH CHECK ADD  CONSTRAINT [FK_ManageVipPackage] FOREIGN KEY([idAdmin])
REFERENCES [dbo].[Admins] ([idAdmin])
GO
ALTER TABLE [dbo].[VipPackages] CHECK CONSTRAINT [FK_ManageVipPackage]
GO
ALTER TABLE [dbo].[VipStudents]  WITH CHECK ADD  CONSTRAINT [FK_VipStudentOfStudent] FOREIGN KEY([idStudent])
REFERENCES [dbo].[Students] ([idStudent])
ON DELETE CASCADE
GO
ALTER TABLE [dbo].[VipStudents] CHECK CONSTRAINT [FK_VipStudentOfStudent]
GO
ALTER TABLE [dbo].[Vocabularies]  WITH CHECK ADD  CONSTRAINT [FK_VocOfProfessor] FOREIGN KEY([idProfessor])
REFERENCES [dbo].[Professors] ([idProfessor])
GO
ALTER TABLE [dbo].[Vocabularies] CHECK CONSTRAINT [FK_VocOfProfessor]
GO
ALTER TABLE [dbo].[Vocabularies]  WITH CHECK ADD  CONSTRAINT [FK_VocOfTopic] FOREIGN KEY([idTopic])
REFERENCES [dbo].[VocabularyTopics] ([idVocTopic])
ON DELETE CASCADE
GO
ALTER TABLE [dbo].[Vocabularies] CHECK CONSTRAINT [FK_VocOfTopic]
GO
ALTER TABLE [dbo].[VocabularyTopics]  WITH CHECK ADD  CONSTRAINT [FK_TopicOfProfessor] FOREIGN KEY([idProfessor])
REFERENCES [dbo].[Professors] ([idProfessor])
GO
ALTER TABLE [dbo].[VocabularyTopics] CHECK CONSTRAINT [FK_TopicOfProfessor]
GO
USE [master]
GO
ALTER DATABASE [toeic-web-db] SET  READ_WRITE 
GO
